采集时间,整体路况代码,整体路况描述,平均车速(km/h),畅通率(%),拥堵率(%),阻塞率(%),道路名称,道路状态,速度(km/h),行驶方向,方向角度
2026/4/24 8:05,2,缓行,34.8,88.89%,11.11%,0.00%,珞喻路,畅通,45,从珞狮路到喻家湖路,341
2026/4/24 8:05,2,缓行,34.8,88.89%,11.11%,0.00%,珞喻路,畅通,35,从喻家湖路到珞狮路,161
2026/4/24 8:05,2,缓行,34.8,88.89%,11.11%,0.00%,虎泉街,畅通,50,从雄楚大道到民族大道,2
2026/4/24 8:05,2,缓行,34.8,88.89%,11.11%,0.00%,虎泉街,畅通,30,从民族大道到卓刀泉南路,160
2026/4/24 8:05,2,缓行,34.8,88.89%,11.11%,0.00%,鲁磨路,畅通,35,从珞喻路到喻家山北路,67
2026/4/24 8:05,2,缓行,34.8,88.89%,11.11%,0.00%,鲁磨路,畅通,30,从团山路到珞喻路,243
2026/4/24 8:05,2,缓行,34.8,88.89%,11.11%,0.00%,珞喻路,畅通,45,从珞狮路到喻家湖路,341
2026/4/24 8:05,2,缓行,34.8,88.89%,11.11%,0.00%,珞喻路,畅通,35,从喻家湖路到珞狮路,161
2026/4/24 8:05,2,缓行,34.8,88.89%,11.11%,0.00%,虎泉街,畅通,50,从雄楚大道到民族大道,2
2026/4/24 8:05,2,缓行,34.8,88.89%,11.11%,0.00%,虎泉街,畅通,30,从民族大道到卓刀泉南路,160
2026/4/24 8:05,2,缓行,34.8,88.89%,11.11%,0.00%,鲁磨路,畅通,35,从珞喻路到喻家山北路,67
2026/4/24 8:05,2,缓行,34.8,88.89%,11.11%,0.00%,鲁磨路,畅通,30,从团山路到珞喻路,243
2026/4/24 8:07,2,缓行,33.8,75.00%,25.00%,0.00%,珞喻路,畅通,40,从珞狮路到喻家湖路,341
2026/4/24 8:07,2,缓行,33.8,75.00%,25.00%,0.00%,珞喻路,畅通,40,从喻家湖路到珞狮路,161
2026/4/24 8:07,2,缓行,33.8,75.00%,25.00%,0.00%,虎泉街,畅通,50,从雄楚大道到民族大道,2
2026/4/24 8:07,2,缓行,33.8,75.00%,25.00%,0.00%,鲁磨路,畅通,35,从珞喻路到喻家山北路,67
2026/4/24 8:07,2,缓行,33.8,75.00%,25.00%,0.00%,鲁磨路,畅通,30,从团山路到珞喻路,243
2026/4/24 8:09,2,缓行,33.8,75.00%,25.00%,0.00%,珞喻路,畅通,40,从珞狮路到喻家湖路,341
2026/4/24 8:09,2,缓行,33.8,75.00%,25.00%,0.00%,珞喻路,畅通,40,从喻家湖路到珞狮路,161
2026/4/24 8:09,2,缓行,33.8,75.00%,25.00%,0.00%,虎泉街,畅通,50,从雄楚大道到民族大道,2
2026/4/24 8:09,2,缓行,33.8,75.00%,25.00%,0.00%,鲁磨路,畅通,35,从珞喻路到喻家山北路,67
2026/4/24 8:09,2,缓行,33.8,75.00%,25.00%,0.00%,鲁磨路,畅通,30,从团山路到珞喻路,243
2026/4/24 8:11,2,缓行,37.7,70.00%,30.00%,0.00%,珞喻路,畅通,40,从珞狮路到喻家湖路,341
2026/4/24 8:11,2,缓行,37.7,70.00%,30.00%,0.00%,虎泉街,畅通,50,从雄楚大道到民族大道,2
2026/4/24 8:11,2,缓行,37.7,70.00%,30.00%,0.00%,鲁磨路,畅通,35,从珞喻路到喻家山北路,67
2026/4/24 8:11,2,缓行,37.7,70.00%,30.00%,0.00%,鲁磨路,畅通,30,从团山路到珞喻路,243
2026/4/24 8:13,2,缓行,39.3,77.78%,22.22%,0.00%,珞喻路,畅通,40,从珞狮路到喻家湖路,341
2026/4/24 8:13,2,缓行,39.3,77.78%,22.22%,0.00%,珞喻路,畅通,35,从喻家湖路到珞狮路,161
2026/4/24 8:13,2,缓行,39.3,77.78%,22.22%,0.00%,民族大道,畅通,50,从雄楚大道到珞喻路,83
2026/4/24 8:13,2,缓行,39.3,77.78%,22.22%,0.00%,虎泉街,畅通,50,从雄楚大道到民族大道,2
2026/4/24 8:13,2,缓行,39.3,77.78%,22.22%,0.00%,鲁磨路,畅通,35,从珞喻路到喻家山北路,67
2026/4/24 8:13,2,缓行,39.3,77.78%,22.22%,0.00%,鲁磨路,畅通,30,从团山路到珞喻路,243
2026/4/24 8:15,2,缓行,39.2,80.00%,20.00%,0.00%,民族大道,缓行,20,从珞喻路到南湖大道,263
2026/4/24 8:15,2,缓行,39.2,80.00%,20.00%,0.00%,珞喻路,畅通,40,从珞狮路到喻家湖路,341
2026/4/24 8:15,2,缓行,39.2,80.00%,20.00%,0.00%,珞喻路,畅通,35,从喻家湖路到珞狮路,161
2026/4/24 8:15,2,缓行,39.2,80.00%,20.00%,0.00%,民族大道,畅通,50,从雄楚大道到珞喻路,83
2026/4/24 8:15,2,缓行,39.2,80.00%,20.00%,0.00%,虎泉街,畅通,50,从雄楚大道到民族大道,2
2026/4/24 8:15,2,缓行,39.2,80.00%,20.00%,0.00%,鲁磨路,畅通,35,从珞喻路到喻家山北路,67
2026/4/24 8:15,2,缓行,39.2,80.00%,20.00%,0.00%,鲁磨路,畅通,35,从团山路到珞喻路,243
2026/4/24 8:17,2,缓行,34.8,77.78%,22.22%,0.00%,民族大道,缓行,20,从珞喻路到南湖大道,263
2026/4/24 8:17,2,缓行,34.8,77.78%,22.22%,0.00%,珞喻路,畅通,40,从珞狮路到喻家湖路,341
2026/4/24 8:17,2,缓行,34.8,77.78%,22.22%,0.00%,珞喻路,畅通,35,从喻家湖路到珞狮路,161
2026/4/24 8:17,2,缓行,34.8,77.78%,22.22%,0.00%,民族大道,畅通,50,从雄楚大道到珞喻路,83
2026/4/24 8:17,2,缓行,34.8,77.78%,22.22%,0.00%,虎泉街,畅通,50,从雄楚大道到民族大道,2
2026/4/24 8:17,2,缓行,34.8,77.78%,22.22%,0.00%,鲁磨路,畅通,35,从珞喻路到喻家山北路,67
2026/4/24 8:17,2,缓行,34.8,77.78%,22.22%,0.00%,鲁磨路,畅通,35,从团山路到珞喻路,243
2026/4/24 8:19,2,缓行,34.8,77.78%,22.22%,0.00%,民族大道,缓行,20,从珞喻路到南湖大道,263
2026/4/24 8:19,2,缓行,34.8,77.78%,22.22%,0.00%,珞喻路,畅通,40,从珞狮路到喻家湖路,341
2026/4/24 8:19,2,缓行,34.8,77.78%,22.22%,0.00%,珞喻路,畅通,35,从喻家湖路到珞狮路,161
2026/4/24 8:19,2,缓行,34.8,77.78%,22.22%,0.00%,民族大道,畅通,50,从雄楚大道到珞喻路,83
2026/4/24 8:19,2,缓行,34.8,77.78%,22.22%,0.00%,虎泉街,畅通,50,从雄楚大道到民族大道,2
2026/4/24 8:19,2,缓行,34.8,77.78%,22.22%,0.00%,鲁磨路,畅通,35,从珞喻路到喻家山北路,67
2026/4/24 8:19,2,缓行,34.8,77.78%,22.22%,0.00%,鲁磨路,畅通,35,从团山路到珞喻路,243
2026/4/24 8:21,2,缓行,37.5,87.50%,12.50%,0.00%,珞喻路,畅通,40,从珞狮路到喻家湖路,341
2026/4/24 8:21,2,缓行,37.5,87.50%,12.50%,0.00%,珞喻路,畅通,35,从喻家湖路到珞狮路,161
2026/4/24 8:21,2,缓行,37.5,87.50%,12.50%,0.00%,民族大道,畅通,50,从雄楚大道到珞喻路,83
2026/4/24 8:21,2,缓行,37.5,87.50%,12.50%,0.00%,虎泉街,畅通,50,从雄楚大道到民族大道,2
2026/4/24 8:21,2,缓行,37.5,87.50%,12.50%,0.00%,虎泉街,畅通,30,从民族大道到卓刀泉南路,160
2026/4/24 8:21,2,缓行,37.5,87.50%,12.50%,0.00%,鲁磨路,畅通,35,从珞喻路到喻家山北路,67
2026/4/24 8:21,2,缓行,37.5,87.50%,12.50%,0.00%,鲁磨路,畅通,35,从团山路到珞喻路,243
2026/4/24 8:23,1,畅通,37.5,100.00%,0.00%,0.00%,珞喻路,畅通,40,从珞狮路到喻家湖路,341
2026/4/24 8:23,1,畅通,37.5,100.00%,0.00%,0.00%,珞喻路,畅通,30,从喻家湖路到珞狮路,161
2026/4/24 8:23,1,畅通,37.5,100.00%,0.00%,0.00%,民族大道,畅通,50,从雄楚大道到珞喻路,83
2026/4/24 8:23,1,畅通,37.5,100.00%,0.00%,0.00%,虎泉街,畅通,50,从雄楚大道到民族大道,2
2026/4/24 8:23,1,畅通,37.5,100.00%,0.00%,0.00%,虎泉街,畅通,30,从民族大道到卓刀泉南路,160
2026/4/24 8:23,1,畅通,37.5,100.00%,0.00%,0.00%,鲁磨路,畅通,35,从珞喻路到喻家山北路,67
2026/4/24 8:23,1,畅通,37.5,100.00%,0.00%,0.00%,鲁磨路,畅通,35,从团山路到珞喻路,243
2026/4/24 8:25,1,畅通,37.5,100.00%,0.00%,0.00%,珞喻路,畅通,40,从珞狮路到喻家湖路,341
2026/4/24 8:25,1,畅通,37.5,100.00%,0.00%,0.00%,珞喻路,畅通,30,从喻家湖路到珞狮路,161
2026/4/24 8:25,1,畅通,37.5,100.00%,0.00%,0.00%,民族大道,畅通,50,从雄楚大道到珞喻路,83
2026/4/24 8:25,1,畅通,37.5,100.00%,0.00%,0.00%,虎泉街,畅通,50,从雄楚大道到民族大道,2
2026/4/24 8:25,1,畅通,37.5,100.00%,0.00%,0.00%,虎泉街,畅通,30,从民族大道到卓刀泉南路,160
2026/4/24 8:25,1,畅通,37.5,100.00%,0.00%,0.00%,鲁磨路,畅通,35,从珞喻路到喻家山北路,67
2026/4/24 8:25,1,畅通,37.5,100.00%,0.00%,0.00%,鲁磨路,畅通,35,从团山路到珞喻路,243
2026/4/24 8:27,1,畅通,37.5,100.00%,0.00%,0.00%,珞喻路,畅通,40,从珞狮路到喻家湖路,341
2026/4/24 8:27,1,畅通,37.5,100.00%,0.00%,0.00%,珞喻路,畅通,35,从喻家湖路到珞狮路,161
2026/4/24 8:27,1,畅通,37.5,100.00%,0.00%,0.00%,民族大道,畅通,50,从雄楚大道到珞喻路,83
2026/4/24 8:27,1,畅通,37.5,100.00%,0.00%,0.00%,虎泉街,畅通,50,从雄楚大道到民族大道,2
2026/4/24 8:27,1,畅通,37.5,100.00%,0.00%,0.00%,虎泉街,畅通,30,从民族大道到卓刀泉南路,160
2026/4/24 8:27,1,畅通,37.5,100.00%,0.00%,0.00%,鲁磨路,畅通,30,从珞喻路到喻家山北路,67
2026/4/24 8:27,1,畅通,37.5,100.00%,0.00%,0.00%,鲁磨路,畅通,35,从团山路到珞喻路,243
2026/4/24 8:29,2,缓行,33.1,87.50%,12.50%,0.00%,民族大道,缓行,20,从珞喻路到南湖大道,263
2026/4/24 8:29,2,缓行,33.1,87.50%,12.50%,0.00%,珞喻路,畅通,40,从珞狮路到喻家湖路,341
2026/4/24 8:29,2,缓行,33.1,87.50%,12.50%,0.00%,珞喻路,畅通,35,从喻家湖路到珞狮路,161
2026/4/24 8:29,2,缓行,33.1,87.50%,12.50%,0.00%,民族大道,畅通,50,从雄楚大道到珞喻路,83
2026/4/24 8:29,2,缓行,33.1,87.50%,12.50%,0.00%,虎泉街,畅通,25,从卓刀泉南路到民族大道,341
2026/4/24 8:29,2,缓行,33.1,87.50%,12.50%,0.00%,虎泉街,畅通,30,从民族大道到卓刀泉南路,160
2026/4/24 8:29,2,缓行,33.1,87.50%,12.50%,0.00%,鲁磨路,畅通,35,从珞喻路到喻家山北路,67
2026/4/24 8:29,2,缓行,33.1,87.50%,12.50%,0.00%,鲁磨路,畅通,30,从团山路到珞喻路,243
2026/4/24 8:31,2,缓行,33.1,87.50%,12.50%,0.00%,民族大道,缓行,20,从珞喻路到南湖大道,263
2026/4/24 8:31,2,缓行,33.1,87.50%,12.50%,0.00%,珞喻路,畅通,45,从珞狮路到喻家湖路,341
2026/4/24 8:31,2,缓行,33.1,87.50%,12.50%,0.00%,珞喻路,畅通,30,从喻家湖路到珞狮路,161
2026/4/24 8:31,2,缓行,33.1,87.50%,12.50%,0.00%,民族大道,畅通,50,从雄楚大道到珞喻路,83
2026/4/24 8:31,2,缓行,33.1,87.50%,12.50%,0.00%,虎泉街,畅通,25,从卓刀泉南路到民族大道,341
2026/4/24 8:31,2,缓行,33.1,87.50%,12.50%,0.00%,虎泉街,畅通,30,从民族大道到卓刀泉南路,160
2026/4/24 8:31,2,缓行,33.1,87.50%,12.50%,0.00%,鲁磨路,畅通,35,从珞喻路到喻家山北路,67
2026/4/24 8:31,2,缓行,33.1,87.50%,12.50%,0.00%,鲁磨路,畅通,30,从团山路到珞喻路,243
2026/4/24 8:33,2,缓行,33.8,87.50%,12.50%,0.00%,民族大道,缓行,20,从珞喻路到南湖大道,263
2026/4/24 8:33,2,缓行,33.8,87.50%,12.50%,0.00%,珞喻路,畅通,40,从珞狮路到喻家湖路,341
2026/4/24 8:33,2,缓行,33.8,87.50%,12.50%,0.00%,珞喻路,畅通,35,从喻家湖路到珞狮路,161
2026/4/24 8:33,2,缓行,33.8,87.50%,12.50%,0.00%,民族大道,畅通,50,从雄楚大道到珞喻路,83
2026/4/24 8:33,2,缓行,33.8,87.50%,12.50%,0.00%,虎泉街,畅通,30,从卓刀泉南路到民族大道,341
2026/4/24 8:33,2,缓行,33.8,87.50%,12.50%,0.00%,虎泉街,畅通,30,从民族大道到卓刀泉南路,160
2026/4/24 8:33,2,缓行,33.8,87.50%,12.50%,0.00%,鲁磨路,畅通,35,从珞喻路到喻家山北路,67
2026/4/24 8:33,2,缓行,33.8,87.50%,12.50%,0.00%,鲁磨路,畅通,30,从团山路到珞喻路,243
2026/4/24 8:35,2,缓行,33.8,87.50%,12.50%,0.00%,民族大道,缓行,20,从珞喻路到南湖大道,263
2026/4/24 8:35,2,缓行,33.8,87.50%,12.50%,0.00%,珞喻路,畅通,40,从珞狮路到喻家湖路,341
2026/4/24 8:35,2,缓行,33.8,87.50%,12.50%,0.00%,珞喻路,畅通,35,从喻家湖路到珞狮路,161
2026/4/24 8:35,2,缓行,33.8,87.50%,12.50%,0.00%,民族大道,畅通,50,从雄楚大道到珞喻路,83
2026/4/24 8:35,2,缓行,33.8,87.50%,12.50%,0.00%,虎泉街,畅通,30,从卓刀泉南路到民族大道,341
2026/4/24 8:35,2,缓行,33.8,87.50%,12.50%,0.00%,虎泉街,畅通,30,从民族大道到卓刀泉南路,160
2026/4/24 8:35,2,缓行,33.8,87.50%,12.50%,0.00%,鲁磨路,畅通,35,从珞喻路到喻家山北路,67
2026/4/24 8:35,2,缓行,33.8,87.50%,12.50%,0.00%,鲁磨路,畅通,30,从团山路到珞喻路,243
2026/4/24 8:37,2,缓行,35,87.50%,12.50%,0.00%,民族大道,缓行,20,从珞喻路到南湖大道,263
2026/4/24 8:37,2,缓行,35,87.50%,12.50%,0.00%,珞喻路,畅通,45,从珞狮路到喻家湖路,341
2026/4/24 8:37,2,缓行,35,87.50%,12.50%,0.00%,珞喻路,畅通,35,从喻家湖路到珞狮路,161
2026/4/24 8:37,2,缓行,35,87.50%,12.50%,0.00%,民族大道,畅通,50,从雄楚大道到珞喻路,83
2026/4/24 8:37,2,缓行,35,87.50%,12.50%,0.00%,虎泉街,畅通,30,从卓刀泉南路到民族大道,341
2026/4/24 8:37,2,缓行,35,87.50%,12.50%,0.00%,虎泉街,畅通,30,从民族大道到卓刀泉南路,160
2026/4/24 8:37,2,缓行,35,87.50%,12.50%,0.00%,鲁磨路,畅通,35,从珞喻路到喻家山北路,67
2026/4/24 8:37,2,缓行,35,87.50%,12.50%,0.00%,鲁磨路,畅通,35,从团山路到珞喻路,243
2026/4/24 8:39,1,畅通,36.2,100.00%,0.00%,0.00%,珞喻路,畅通,40,从珞狮路到喻家湖路,341
2026/4/24 8:39,1,畅通,36.2,100.00%,0.00%,0.00%,珞喻路,畅通,40,从喻家湖路到珞狮路,161
2026/4/24 8:39,1,畅通,36.2,100.00%,0.00%,0.00%,民族大道,畅通,50,从雄楚大道到珞喻路,83
2026/4/24 8:39,1,畅通,36.2,100.00%,0.00%,0.00%,虎泉街,畅通,30,从卓刀泉南路到民族大道,341
2026/4/24 8:39,1,畅通,36.2,100.00%,0.00%,0.00%,虎泉街,畅通,30,从民族大道到卓刀泉南路,160
2026/4/24 8:39,1,畅通,36.2,100.00%,0.00%,0.00%,鲁磨路,畅通,35,从珞喻路到喻家山北路,67
2026/4/24 8:39,1,畅通,36.2,100.00%,0.00%,0.00%,鲁磨路,畅通,35,从团山路到珞喻路,243
2026/4/24 8:41,1,畅通,36.9,100.00%,0.00%,0.00%,珞喻路,畅通,40,从珞狮路到喻家湖路,341
2026/4/24 8:41,1,畅通,36.9,100.00%,0.00%,0.00%,珞喻路,畅通,40,从喻家湖路到珞狮路,161
2026/4/24 8:41,1,畅通,36.9,100.00%,0.00%,0.00%,民族大道,畅通,50,从雄楚大道到珞喻路,83
2026/4/24 8:41,1,畅通,36.9,100.00%,0.00%,0.00%,虎泉街,畅通,30,从卓刀泉南路到民族大道,341
2026/4/24 8:41,1,畅通,36.9,100.00%,0.00%,0.00%,虎泉街,畅通,30,从民族大道到卓刀泉南路,160
2026/4/24 8:41,1,畅通,36.9,100.00%,0.00%,0.00%,鲁磨路,畅通,35,从珞喻路到喻家山北路,67
2026/4/24 8:41,1,畅通,36.9,100.00%,0.00%,0.00%,鲁磨路,畅通,35,从团山路到珞喻路,243
2026/4/24 8:43,1,畅通,38.1,100.00%,0.00%,0.00%,珞喻路,畅通,45,从珞狮路到喻家湖路,341
2026/4/24 8:43,1,畅通,38.1,100.00%,0.00%,0.00%,珞喻路,畅通,40,从喻家湖路到珞狮路,161
2026/4/24 8:43,1,畅通,38.1,100.00%,0.00%,0.00%,民族大道,畅通,50,从雄楚大道到珞喻路,83
2026/4/24 8:43,1,畅通,38.1,100.00%,0.00%,0.00%,虎泉街,畅通,35,从卓刀泉南路到民族大道,341
2026/4/24 8:43,1,畅通,38.1,100.00%,0.00%,0.00%,虎泉街,畅通,30,从民族大道到卓刀泉南路,160
2026/4/24 8:43,1,畅通,38.1,100.00%,0.00%,0.00%,鲁磨路,畅通,35,从珞喻路到喻家山北路,67
2026/4/24 8:43,1,畅通,38.1,100.00%,0.00%,0.00%,鲁磨路,畅通,35,从团山路到珞喻路,243
2026/4/24 8:45,1,畅通,36.9,100.00%,0.00%,0.00%,珞喻路,畅通,40,从珞狮路到喻家湖路,341
2026/4/24 8:45,1,畅通,36.9,100.00%,0.00%,0.00%,珞喻路,畅通,40,从喻家湖路到珞狮路,161
2026/4/24 8:45,1,畅通,36.9,100.00%,0.00%,0.00%,民族大道,畅通,50,从雄楚大道到珞喻路,83
2026/4/24 8:45,1,畅通,36.9,100.00%,0.00%,0.00%,虎泉街,畅通,35,从卓刀泉南路到民族大道,341
2026/4/24 8:45,1,畅通,36.9,100.00%,0.00%,0.00%,虎泉街,畅通,30,从民族大道到卓刀泉南路,160
2026/4/24 8:45,1,畅通,36.9,100.00%,0.00%,0.00%,鲁磨路,畅通,35,从珞喻路到喻家山北路,67
2026/4/24 8:45,1,畅通,36.9,100.00%,0.00%,0.00%,鲁磨路,畅通,35,从团山路到珞喻路,243
2026/4/24 8:47,1,畅通,36.9,100.00%,0.00%,0.00%,珞喻路,畅通,40,从珞狮路到喻家湖路,341
2026/4/24 8:47,1,畅通,36.9,100.00%,0.00%,0.00%,珞喻路,畅通,40,从喻家湖路到珞狮路,161
2026/4/24 8:47,1,畅通,36.9,100.00%,0.00%,0.00%,民族大道,畅通,50,从雄楚大道到珞喻路,83
2026/4/24 8:47,1,畅通,36.9,100.00%,0.00%,0.00%,虎泉街,畅通,35,从卓刀泉南路到民族大道,341
2026/4/24 8:47,1,畅通,36.9,100.00%,0.00%,0.00%,虎泉街,畅通,30,从民族大道到卓刀泉南路,160
2026/4/24 8:47,1,畅通,36.9,100.00%,0.00%,0.00%,鲁磨路,畅通,35,从珞喻路到喻家山北路,67
2026/4/24 8:47,1,畅通,36.9,100.00%,0.00%,0.00%,鲁磨路,畅通,35,从团山路到珞喻路,243
2026/4/24 8:49,1,畅通,37.5,100.00%,0.00%,0.00%,珞喻路,畅通,45,从珞狮路到喻家湖路,341
2026/4/24 8:49,1,畅通,37.5,100.00%,0.00%,0.00%,珞喻路,畅通,40,从喻家湖路到珞狮路,161
2026/4/24 8:49,1,畅通,37.5,100.00%,0.00%,0.00%,民族大道,畅通,50,从雄楚大道到珞喻路,83
2026/4/24 8:49,1,畅通,37.5,100.00%,0.00%,0.00%,虎泉街,畅通,35,从卓刀泉南路到民族大道,341
2026/4/24 8:49,1,畅通,37.5,100.00%,0.00%,0.00%,虎泉街,畅通,30,从民族大道到卓刀泉南路,160
2026/4/24 8:49,1,畅通,37.5,100.00%,0.00%,0.00%,鲁磨路,畅通,35,从珞喻路到喻家山北路,67
2026/4/24 8:49,1,畅通,37.5,100.00%,0.00%,0.00%,鲁磨路,畅通,35,从团山路到珞喻路,243
2026/4/24 8:51,1,畅通,37.5,100.00%,0.00%,0.00%,珞喻路,畅通,45,从珞狮路到喻家湖路,341
2026/4/24 8:51,1,畅通,37.5,100.00%,0.00%,0.00%,珞喻路,畅通,40,从喻家湖路到珞狮路,161
2026/4/24 8:51,1,畅通,37.5,100.00%,0.00%,0.00%,民族大道,畅通,50,从雄楚大道到珞喻路,83
2026/4/24 8:51,1,畅通,37.5,100.00%,0.00%,0.00%,虎泉街,畅通,35,从卓刀泉南路到民族大道,341
2026/4/24 8:51,1,畅通,37.5,100.00%,0.00%,0.00%,虎泉街,畅通,30,从民族大道到卓刀泉南路,160
2026/4/24 8:51,1,畅通,37.5,100.00%,0.00%,0.00%,鲁磨路,畅通,35,从珞喻路到喻家山北路,67
2026/4/24 8:51,1,畅通,37.5,100.00%,0.00%,0.00%,鲁磨路,畅通,35,从团山路到珞喻路,243
2026/4/24 8:53,2,缓行,39.3,88.89%,11.11%,0.00%,珞喻路,畅通,45,从珞狮路到喻家湖路,341
2026/4/24 8:53,2,缓行,39.3,88.89%,11.11%,0.00%,珞喻路,畅通,40,从喻家湖路到珞狮路,161
2026/4/24 8:53,2,缓行,39.3,88.89%,11.11%,0.00%,民族大道,畅通,35,从汤逊湖北路到珞喻路,79
2026/4/24 8:53,2,缓行,39.3,88.89%,11.11%,0.00%,虎泉街,畅通,30,从卓刀泉南路到民族大道,341
2026/4/24 8:53,2,缓行,39.3,88.89%,11.11%,0.00%,虎泉街,畅通,30,从民族大道到卓刀泉南路,160
2026/4/24 8:53,2,缓行,39.3,88.89%,11.11%,0.00%,鲁磨路,畅通,35,从珞喻路到喻家山北路,67
2026/4/24 8:53,2,缓行,39.3,88.89%,11.11%,0.00%,鲁磨路,畅通,35,从团山路到珞喻路,243
2026/4/24 8:55,2,缓行,39.3,88.89%,11.11%,0.00%,珞喻路,畅通,45,从珞狮路到喻家湖路,341
2026/4/24 8:55,2,缓行,39.3,88.89%,11.11%,0.00%,珞喻路,畅通,40,从喻家湖路到珞狮路,161
2026/4/24 8:55,2,缓行,39.3,88.89%,11.11%,0.00%,民族大道,畅通,35,从汤逊湖北路到珞喻路,79
2026/4/24 8:55,2,缓行,39.3,88.89%,11.11%,0.00%,虎泉街,畅通,30,从卓刀泉南路到民族大道,341
2026/4/24 8:55,2,缓行,39.3,88.89%,11.11%,0.00%,虎泉街,畅通,30,从民族大道到卓刀泉南路,160
2026/4/24 8:55,2,缓行,39.3,88.89%,11.11%,0.00%,鲁磨路,畅通,35,从珞喻路到喻家山北路,67
2026/4/24 8:55,2,缓行,39.3,88.89%,11.11%,0.00%,鲁磨路,畅通,35,从团山路到珞喻路,243
2026/4/24 8:57,2,缓行,39.3,88.89%,11.11%,0.00%,珞喻路,畅通,45,从珞狮路到喻家湖路,341
2026/4/24 8:57,2,缓行,39.3,88.89%,11.11%,0.00%,珞喻路,畅通,40,从喻家湖路到珞狮路,161
2026/4/24 8:57,2,缓行,39.3,88.89%,11.11%,0.00%,民族大道,畅通,35,从汤逊湖北路到珞喻路,79
2026/4/24 8:57,2,缓行,39.3,88.89%,11.11%,0.00%,虎泉街,畅通,30,从卓刀泉南路到民族大道,341
2026/4/24 8:57,2,缓行,39.3,88.89%,11.11%,0.00%,虎泉街,畅通,30,从民族大道到卓刀泉南路,160
2026/4/24 8:57,2,缓行,39.3,88.89%,11.11%,0.00%,鲁磨路,畅通,35,从珞喻路到喻家山北路,67
2026/4/24 8:57,2,缓行,39.3,88.89%,11.11%,0.00%,鲁磨路,畅通,35,从团山路到珞喻路,243
2026/4/24 8:59,2,缓行,39.3,88.89%,11.11%,0.00%,珞喻路,畅通,45,从珞狮路到喻家湖路,341
2026/4/24 8:59,2,缓行,39.3,88.89%,11.11%,0.00%,珞喻路,畅通,40,从喻家湖路到珞狮路,161
2026/4/24 8:59,2,缓行,39.3,88.89%,11.11%,0.00%,民族大道,畅通,35,从汤逊湖北路到珞喻路,79
2026/4/24 8:59,2,缓行,39.3,88.89%,11.11%,0.00%,虎泉街,畅通,30,从卓刀泉南路到民族大道,341
2026/4/24 8:59,2,缓行,39.3,88.89%,11.11%,0.00%,虎泉街,畅通,30,从民族大道到卓刀泉南路,160
2026/4/24 8:59,2,缓行,39.3,88.89%,11.11%,0.00%,鲁磨路,畅通,35,从珞喻路到喻家山北路,67
2026/4/24 8:59,2,缓行,39.3,88.89%,11.11%,0.00%,鲁磨路,畅通,35,从团山路到珞喻路,243
2026/4/24 9:01,1,畅通,36.5,100.00%,0.00%,0.00%,珞喻路,畅通,45,从珞狮路到喻家湖路,341
2026/4/24 9:01,1,畅通,36.5,100.00%,0.00%,0.00%,珞喻路,畅通,40,从喻家湖路到珞狮路,161
2026/4/24 9:01,1,畅通,36.5,100.00%,0.00%,0.00%,民族大道,畅通,35,从汤逊湖北路到珞喻路,79
2026/4/24 9:01,1,畅通,36.5,100.00%,0.00%,0.00%,民族大道,畅通,37,从珞喻路到大学园路,258
2026/4/24 9:01,1,畅通,36.5,100.00%,0.00%,0.00%,虎泉街,畅通,35,从卓刀泉南路到民族大道,341
2026/4/24 9:01,1,畅通,36.5,100.00%,0.00%,0.00%,虎泉街,畅通,30,从民族大道到卓刀泉南路,160
2026/4/24 9:01,1,畅通,36.5,100.00%,0.00%,0.00%,鲁磨路,畅通,35,从珞喻路到喻家山北路,67
2026/4/24 9:01,1,畅通,36.5,100.00%,0.00%,0.00%,鲁磨路,畅通,35,从团山路到珞喻路,243
2026/4/24 9:03,1,畅通,35.9,100.00%,0.00%,0.00%,珞喻路,畅通,45,从珞狮路到喻家湖路,341
2026/4/24 9:03,1,畅通,35.9,100.00%,0.00%,0.00%,珞喻路,畅通,40,从喻家湖路到珞狮路,161
2026/4/24 9:03,1,畅通,35.9,100.00%,0.00%,0.00%,民族大道,畅通,35,从汤逊湖北路到珞喻路,79
2026/4/24 9:03,1,畅通,35.9,100.00%,0.00%,0.00%,民族大道,畅通,37,从珞喻路到大学园路,258
2026/4/24 9:03,1,畅通,35.9,100.00%,0.00%,0.00%,虎泉街,畅通,30,从卓刀泉南路到民族大道,341
2026/4/24 9:03,1,畅通,35.9,100.00%,0.00%,0.00%,虎泉街,畅通,30,从民族大道到卓刀泉南路,160
2026/4/24 9:03,1,畅通,35.9,100.00%,0.00%,0.00%,鲁磨路,畅通,35,从珞喻路到喻家山北路,67
2026/4/24 9:03,1,畅通,35.9,100.00%,0.00%,0.00%,鲁磨路,畅通,35,从团山路到珞喻路,243
2026/4/24 9:05,1,畅通,36,100.00%,0.00%,0.00%,珞喻路,畅通,45,从珞狮路到喻家湖路,341
2026/4/24 9:05,1,畅通,36,100.00%,0.00%,0.00%,珞喻路,畅通,40,从喻家湖路到珞狮路,161
2026/4/24 9:05,1,畅通,36,100.00%,0.00%,0.00%,民族大道,畅通,35,从汤逊湖北路到珞喻路,79
2026/4/24 9:05,1,畅通,36,100.00%,0.00%,0.00%,民族大道,畅通,38,从珞喻路到大学园路,258
2026/4/24 9:05,1,畅通,36,100.00%,0.00%,0.00%,虎泉街,畅通,30,从卓刀泉南路到民族大道,341
2026/4/24 9:05,1,畅通,36,100.00%,0.00%,0.00%,虎泉街,畅通,30,从民族大道到卓刀泉南路,160
2026/4/24 9:05,1,畅通,36,100.00%,0.00%,0.00%,鲁磨路,畅通,35,从珞喻路到喻家山北路,67
2026/4/24 9:05,1,畅通,36,100.00%,0.00%,0.00%,鲁磨路,畅通,35,从团山路到珞喻路,243
2026/4/24 9:07,1,畅通,35.2,100.00%,0.00%,0.00%,珞喻路,畅通,45,从珞狮路到喻家湖路,341
2026/4/24 9:07,1,畅通,35.2,100.00%,0.00%,0.00%,珞喻路,畅通,40,从喻家湖路到珞狮路,161
2026/4/24 9:07,1,畅通,35.2,100.00%,0.00%,0.00%,民族大道,畅通,35,从汤逊湖北路到珞喻路,79
2026/4/24 9:07,1,畅通,35.2,100.00%,0.00%,0.00%,民族大道,畅通,37,从珞喻路到大学园路,258
2026/4/24 9:07,1,畅通,35.2,100.00%,0.00%,0.00%,虎泉街,畅通,30,从卓刀泉南路到民族大道,341
2026/4/24 9:07,1,畅通,35.2,100.00%,0.00%,0.00%,虎泉街,畅通,30,从民族大道到卓刀泉南路,160
2026/4/24 9:07,1,畅通,35.2,100.00%,0.00%,0.00%,鲁磨路,畅通,35,从珞喻路到喻家山北路,67
2026/4/24 9:07,1,畅通,35.2,100.00%,0.00%,0.00%,鲁磨路,畅通,30,从团山路到珞喻路,243
2026/4/24 9:09,1,畅通,35.9,100.00%,0.00%,0.00%,珞喻路,畅通,45,从珞狮路到喻家湖路,341
2026/4/24 9:09,1,畅通,35.9,100.00%,0.00%,0.00%,珞喻路,畅通,40,从喻家湖路到珞狮路,161
2026/4/24 9:09,1,畅通,35.9,100.00%,0.00%,0.00%,民族大道,畅通,35,从汤逊湖北路到珞喻路,79
2026/4/24 9:09,1,畅通,35.9,100.00%,0.00%,0.00%,民族大道,畅通,37,从珞喻路到大学园路,258
2026/4/24 9:09,1,畅通,35.9,100.00%,0.00%,0.00%,虎泉街,畅通,30,从卓刀泉南路到民族大道,341
2026/4/24 9:09,1,畅通,35.9,100.00%,0.00%,0.00%,虎泉街,畅通,30,从民族大道到卓刀泉南路,160
2026/4/24 9:09,1,畅通,35.9,100.00%,0.00%,0.00%,鲁磨路,畅通,35,从珞喻路到喻家山北路,67
2026/4/24 9:09,1,畅通,35.9,100.00%,0.00%,0.00%,鲁磨路,畅通,35,从团山路到珞喻路,243
2026/4/24 9:11,1,畅通,35.9,100.00%,0.00%,0.00%,珞喻路,畅通,45,从珞狮路到喻家湖路,341
2026/4/24 9:11,1,畅通,35.9,100.00%,0.00%,0.00%,珞喻路,畅通,40,从喻家湖路到珞狮路,161
2026/4/24 9:11,1,畅通,35.9,100.00%,0.00%,0.00%,民族大道,畅通,35,从汤逊湖北路到珞喻路,79
2026/4/24 9:11,1,畅通,35.9,100.00%,0.00%,0.00%,民族大道,畅通,37,从珞喻路到大学园路,258
2026/4/24 9:11,1,畅通,35.9,100.00%,0.00%,0.00%,虎泉街,畅通,30,从卓刀泉南路到民族大道,341
2026/4/24 9:11,1,畅通,35.9,100.00%,0.00%,0.00%,虎泉街,畅通,30,从民族大道到卓刀泉南路,160
2026/4/24 9:11,1,畅通,35.9,100.00%,0.00%,0.00%,鲁磨路,畅通,35,从珞喻路到喻家山北路,67
2026/4/24 9:11,1,畅通,35.9,100.00%,0.00%,0.00%,鲁磨路,畅通,35,从团山路到珞喻路,243
2026/4/24 9:13,1,畅通,34.6,100.00%,0.00%,0.00%,珞喻路,畅通,40,从珞狮路到喻家湖路,341
2026/4/24 9:13,1,畅通,34.6,100.00%,0.00%,0.00%,珞喻路,畅通,40,从喻家湖路到珞狮路,161
2026/4/24 9:13,1,畅通,34.6,100.00%,0.00%,0.00%,民族大道,畅通,35,从汤逊湖北路到珞喻路,79
2026/4/24 9:13,1,畅通,34.6,100.00%,0.00%,0.00%,民族大道,畅通,37,从珞喻路到大学园路,258
2026/4/24 9:13,1,畅通,34.6,100.00%,0.00%,0.00%,虎泉街,畅通,30,从卓刀泉南路到民族大道,341
2026/4/24 9:13,1,畅通,34.6,100.00%,0.00%,0.00%,虎泉街,畅通,30,从民族大道到卓刀泉南路,160
2026/4/24 9:13,1,畅通,34.6,100.00%,0.00%,0.00%,鲁磨路,畅通,35,从珞喻路到喻家山北路,67
2026/4/24 9:13,1,畅通,34.6,100.00%,0.00%,0.00%,鲁磨路,畅通,30,从团山路到珞喻路,243
2026/4/24 9:15,1,畅通,34.8,100.00%,0.00%,0.00%,珞喻路,畅通,45,从珞狮路到喻家湖路,341
2026/4/24 9:15,1,畅通,34.8,100.00%,0.00%,0.00%,珞喻路,畅通,40,从喻家湖路到珞狮路,161
2026/4/24 9:15,1,畅通,34.8,100.00%,0.00%,0.00%,民族大道,畅通,35,从汤逊湖北路到珞喻路,79
2026/4/24 9:15,1,畅通,34.8,100.00%,0.00%,0.00%,民族大道,畅通,33,从珞喻路到大学园路,258
2026/4/24 9:15,1,畅通,34.8,100.00%,0.00%,0.00%,虎泉街,畅通,30,从卓刀泉南路到民族大道,341
2026/4/24 9:15,1,畅通,34.8,100.00%,0.00%,0.00%,虎泉街,畅通,30,从民族大道到卓刀泉南路,160
2026/4/24 9:15,1,畅通,34.8,100.00%,0.00%,0.00%,鲁磨路,畅通,35,从珞喻路到喻家山北路,67
2026/4/24 9:15,1,畅通,34.8,100.00%,0.00%,0.00%,鲁磨路,畅通,30,从团山路到珞喻路,243
2026/4/24 9:17,1,畅通,35.1,100.00%,0.00%,0.00%,珞喻路,畅通,45,从珞狮路到喻家湖路,341
2026/4/24 9:17,1,畅通,35.1,100.00%,0.00%,0.00%,珞喻路,畅通,40,从喻家湖路到珞狮路,161
2026/4/24 9:17,1,畅通,35.1,100.00%,0.00%,0.00%,民族大道,畅通,35,从汤逊湖北路到珞喻路,79
2026/4/24 9:17,1,畅通,35.1,100.00%,0.00%,0.00%,民族大道,畅通,36,从珞喻路到大学园路,258
2026/4/24 9:17,1,畅通,35.1,100.00%,0.00%,0.00%,虎泉街,畅通,30,从卓刀泉南路到民族大道,341
2026/4/24 9:17,1,畅通,35.1,100.00%,0.00%,0.00%,虎泉街,畅通,30,从民族大道到卓刀泉南路,160
2026/4/24 9:17,1,畅通,35.1,100.00%,0.00%,0.00%,鲁磨路,畅通,35,从珞喻路到喻家山北路,67
2026/4/24 9:17,1,畅通,35.1,100.00%,0.00%,0.00%,鲁磨路,畅通,30,从团山路到珞喻路,243
2026/4/24 9:19,1,畅通,37.1,100.00%,0.00%,0.00%,珞喻路,畅通,45,从珞狮路到喻家湖路,341
2026/4/24 9:19,1,畅通,37.1,100.00%,0.00%,0.00%,珞喻路,畅通,45,从喻家湖路到珞狮路,161
2026/4/24 9:19,1,畅通,37.1,100.00%,0.00%,0.00%,民族大道,畅通,35,从汤逊湖北路到珞喻路,79
2026/4/24 9:19,1,畅通,37.1,100.00%,0.00%,0.00%,民族大道,畅通,37,从珞喻路到大学园路,258
2026/4/24 9:19,1,畅通,37.1,100.00%,0.00%,0.00%,虎泉街,畅通,35,从卓刀泉南路到民族大道,341
2026/4/24 9:19,1,畅通,37.1,100.00%,0.00%,0.00%,虎泉街,畅通,35,从民族大道到卓刀泉南路,160
2026/4/24 9:19,1,畅通,37.1,100.00%,0.00%,0.00%,鲁磨路,畅通,35,从珞喻路到喻家山北路,67
2026/4/24 9:19,1,畅通,37.1,100.00%,0.00%,0.00%,鲁磨路,畅通,30,从团山路到珞喻路,243
2026/4/24 9:21,1,畅通,36,100.00%,0.00%,0.00%,珞喻路,畅通,45,从珞狮路到喻家湖路,341
2026/4/24 9:21,1,畅通,36,100.00%,0.00%,0.00%,珞喻路,畅通,45,从喻家湖路到珞狮路,161
2026/4/24 9:21,1,畅通,36,100.00%,0.00%,0.00%,民族大道,畅通,35,从汤逊湖北路到珞喻路,79
2026/4/24 9:21,1,畅通,36,100.00%,0.00%,0.00%,民族大道,畅通,33,从珞喻路到大学园路,258
2026/4/24 9:21,1,畅通,36,100.00%,0.00%,0.00%,虎泉街,畅通,30,从卓刀泉南路到民族大道,341
2026/4/24 9:21,1,畅通,36,100.00%,0.00%,0.00%,虎泉街,畅通,35,从民族大道到卓刀泉南路,160
2026/4/24 9:21,1,畅通,36,100.00%,0.00%,0.00%,鲁磨路,畅通,35,从珞喻路到喻家山北路,67
2026/4/24 9:21,1,畅通,36,100.00%,0.00%,0.00%,鲁磨路,畅通,30,从团山路到珞喻路,243
2026/4/24 9:23,1,畅通,36.5,100.00%,0.00%,0.00%,珞喻路,畅通,45,从珞狮路到喻家湖路,341
2026/4/24 9:23,1,畅通,36.5,100.00%,0.00%,0.00%,珞喻路,畅通,45,从喻家湖路到珞狮路,161
2026/4/24 9:23,1,畅通,36.5,100.00%,0.00%,0.00%,民族大道,畅通,35,从汤逊湖北路到珞喻路,79
2026/4/24 9:23,1,畅通,36.5,100.00%,0.00%,0.00%,民族大道,畅通,37,从珞喻路到大学园路,258
2026/4/24 9:23,1,畅通,36.5,100.00%,0.00%,0.00%,虎泉街,畅通,30,从卓刀泉南路到民族大道,341
2026/4/24 9:23,1,畅通,36.5,100.00%,0.00%,0.00%,虎泉街,畅通,35,从民族大道到卓刀泉南路,160
2026/4/24 9:23,1,畅通,36.5,100.00%,0.00%,0.00%,鲁磨路,畅通,35,从珞喻路到喻家山北路,67
2026/4/24 9:23,1,畅通,36.5,100.00%,0.00%,0.00%,鲁磨路,畅通,30,从团山路到珞喻路,243
2026/4/24 9:25,1,畅通,41.3,100.00%,0.00%,0.00%,珞喻路,畅通,45,从珞狮路到喻家湖路,341
2026/4/24 9:25,1,畅通,41.3,100.00%,0.00%,0.00%,珞喻路,畅通,45,从喻家湖路到珞狮路,161
2026/4/24 9:25,1,畅通,41.3,100.00%,0.00%,0.00%,民族大道,畅通,35,从汤逊湖北路到珞喻路,79
2026/4/24 9:25,1,畅通,41.3,100.00%,0.00%,0.00%,民族大道,畅通,38,从珞喻路到大学园路,258
2026/4/24 9:25,1,畅通,41.3,100.00%,0.00%,0.00%,虎泉街,畅通,30,从卓刀泉南路到民族大道,341
2026/4/24 9:25,1,畅通,41.3,100.00%,0.00%,0.00%,虎泉街,畅通,30,从民族大道到卓刀泉南路,160
2026/4/24 9:25,1,畅通,41.3,100.00%,0.00%,0.00%,鲁磨路,畅通,35,从珞喻路到喻家山北路,67
2026/4/24 9:25,1,畅通,41.3,100.00%,0.00%,0.00%,鲁磨路,畅通,35,从团山路到珞喻路,243
2026/4/24 9:27,1,畅通,35.6,100.00%,0.00%,0.00%,珞喻路,畅通,45,从珞狮路到喻家湖路,341
2026/4/24 9:27,1,畅通,35.6,100.00%,0.00%,0.00%,珞喻路,畅通,45,从喻家湖路到珞狮路,161
2026/4/24 9:27,1,畅通,35.6,100.00%,0.00%,0.00%,民族大道,畅通,35,从汤逊湖北路到珞喻路,79
2026/4/24 9:27,1,畅通,35.6,100.00%,0.00%,0.00%,虎泉街,畅通,30,从卓刀泉南路到民族大道,341
2026/4/24 9:27,1,畅通,35.6,100.00%,0.00%,0.00%,虎泉街,畅通,30,从民族大道到卓刀泉南路,160
2026/4/24 9:27,1,畅通,35.6,100.00%,0.00%,0.00%,鲁磨路,畅通,35,从珞喻路到喻家山北路,67
2026/4/24 9:27,1,畅通,35.6,100.00%,0.00%,0.00%,鲁磨路,畅通,30,从团山路到珞喻路,243
2026/4/24 9:29,1,畅通,36.2,100.00%,0.00%,0.00%,珞喻路,畅通,45,从珞狮路到喻家湖路,341
2026/4/24 9:29,1,畅通,36.2,100.00%,0.00%,0.00%,珞喻路,畅通,45,从喻家湖路到珞狮路,161
2026/4/24 9:29,1,畅通,36.2,100.00%,0.00%,0.00%,民族大道,畅通,35,从汤逊湖北路到珞喻路,79
2026/4/24 9:29,1,畅通,36.2,100.00%,0.00%,0.00%,虎泉街,畅通,35,从卓刀泉南路到民族大道,341
2026/4/24 9:29,1,畅通,36.2,100.00%,0.00%,0.00%,虎泉街,畅通,30,从民族大道到卓刀泉南路,160
2026/4/24 9:29,1,畅通,36.2,100.00%,0.00%,0.00%,鲁磨路,畅通,35,从珞喻路到喻家山北路,67
2026/4/24 9:29,1,畅通,36.2,100.00%,0.00%,0.00%,鲁磨路,畅通,30,从团山路到珞喻路,243
2026/4/24 9:31,1,畅通,36.2,100.00%,0.00%,0.00%,珞喻路,畅通,45,从珞狮路到喻家湖路,341
2026/4/24 9:31,1,畅通,36.2,100.00%,0.00%,0.00%,珞喻路,畅通,45,从喻家湖路到珞狮路,161
2026/4/24 9:31,1,畅通,36.2,100.00%,0.00%,0.00%,民族大道,畅通,35,从汤逊湖北路到珞喻路,79
2026/4/24 9:31,1,畅通,36.2,100.00%,0.00%,0.00%,虎泉街,畅通,35,从卓刀泉南路到民族大道,341
2026/4/24 9:31,1,畅通,36.2,100.00%,0.00%,0.00%,虎泉街,畅通,30,从民族大道到卓刀泉南路,160
2026/4/24 9:31,1,畅通,36.2,100.00%,0.00%,0.00%,鲁磨路,畅通,35,从珞喻路到喻家山北路,67
2026/4/24 9:31,1,畅通,36.2,100.00%,0.00%,0.00%,鲁磨路,畅通,30,从团山路到珞喻路,243
2026/4/24 9:33,1,畅通,35.9,100.00%,0.00%,0.00%,珞喻路,畅通,45,从珞狮路到喻家湖路,341
2026/4/24 9:33,1,畅通,35.9,100.00%,0.00%,0.00%,珞喻路,畅通,45,从喻家湖路到珞狮路,161
2026/4/24 9:33,1,畅通,35.9,100.00%,0.00%,0.00%,民族大道,畅通,35,从汤逊湖北路到珞喻路,79
2026/4/24 9:33,1,畅通,35.9,100.00%,0.00%,0.00%,民族大道,畅通,37,从珞喻路到大学园路,258
2026/4/24 9:33,1,畅通,35.9,100.00%,0.00%,0.00%,虎泉街,畅通,30,从卓刀泉南路到民族大道,341
2026/4/24 9:33,1,畅通,35.9,100.00%,0.00%,0.00%,虎泉街,畅通,30,从民族大道到卓刀泉南路,160
2026/4/24 9:33,1,畅通,35.9,100.00%,0.00%,0.00%,鲁磨路,畅通,35,从珞喻路到喻家山北路,67
2026/4/24 9:33,1,畅通,35.9,100.00%,0.00%,0.00%,鲁磨路,畅通,30,从团山路到珞喻路,243
2026/4/24 9:35,1,畅通,36.6,100.00%,0.00%,0.00%,珞喻路,畅通,45,从珞狮路到喻家湖路,341
2026/4/24 9:35,1,畅通,36.6,100.00%,0.00%,0.00%,珞喻路,畅通,45,从喻家湖路到珞狮路,161
2026/4/24 9:35,1,畅通,36.6,100.00%,0.00%,0.00%,民族大道,畅通,35,从汤逊湖北路到珞喻路,79
2026/4/24 9:35,1,畅通,36.6,100.00%,0.00%,0.00%,民族大道,畅通,38,从珞喻路到大学园路,258
2026/4/24 9:35,1,畅通,36.6,100.00%,0.00%,0.00%,虎泉街,畅通,30,从卓刀泉南路到民族大道,341
2026/4/24 9:35,1,畅通,36.6,100.00%,0.00%,0.00%,虎泉街,畅通,30,从民族大道到卓刀泉南路,160
2026/4/24 9:35,1,畅通,36.6,100.00%,0.00%,0.00%,鲁磨路,畅通,35,从珞喻路到喻家山北路,67
2026/4/24 9:35,1,畅通,36.6,100.00%,0.00%,0.00%,鲁磨路,畅通,35,从团山路到珞喻路,243
2026/4/24 9:37,1,畅通,36.5,100.00%,0.00%,0.00%,珞喻路,畅通,45,从珞狮路到喻家湖路,341
2026/4/24 9:37,1,畅通,36.5,100.00%,0.00%,0.00%,珞喻路,畅通,40,从喻家湖路到珞狮路,161
2026/4/24 9:37,1,畅通,36.5,100.00%,0.00%,0.00%,民族大道,畅通,35,从汤逊湖北路到珞喻路,79
2026/4/24 9:37,1,畅通,36.5,100.00%,0.00%,0.00%,民族大道,畅通,37,从珞喻路到大学园路,258
2026/4/24 9:37,1,畅通,36.5,100.00%,0.00%,0.00%,虎泉街,畅通,30,从卓刀泉南路到民族大道,341
2026/4/24 9:37,1,畅通,36.5,100.00%,0.00%,0.00%,虎泉街,畅通,35,从民族大道到卓刀泉南路,160
2026/4/24 9:37,1,畅通,36.5,100.00%,0.00%,0.00%,鲁磨路,畅通,35,从珞喻路到喻家山北路,67
2026/4/24 9:37,1,畅通,36.5,100.00%,0.00%,0.00%,鲁磨路,畅通,35,从团山路到珞喻路,243
2026/4/24 9:39,1,畅通,36.5,100.00%,0.00%,0.00%,珞喻路,畅通,45,从珞狮路到喻家湖路,341
2026/4/24 9:39,1,畅通,36.5,100.00%,0.00%,0.00%,珞喻路,畅通,40,从喻家湖路到珞狮路,161
2026/4/24 9:39,1,畅通,36.5,100.00%,0.00%,0.00%,民族大道,畅通,35,从汤逊湖北路到珞喻路,79
2026/4/24 9:39,1,畅通,36.5,100.00%,0.00%,0.00%,民族大道,畅通,37,从珞喻路到大学园路,258
2026/4/24 9:39,1,畅通,36.5,100.00%,0.00%,0.00%,虎泉街,畅通,30,从卓刀泉南路到民族大道,341
2026/4/24 9:39,1,畅通,36.5,100.00%,0.00%,0.00%,虎泉街,畅通,35,从民族大道到卓刀泉南路,160
2026/4/24 9:39,1,畅通,36.5,100.00%,0.00%,0.00%,鲁磨路,畅通,35,从珞喻路到喻家山北路,67
2026/4/24 9:39,1,畅通,36.5,100.00%,0.00%,0.00%,鲁磨路,畅通,35,从团山路到珞喻路,243
2026/4/24 9:41,1,畅通,36.5,100.00%,0.00%,0.00%,珞喻路,畅通,45,从珞狮路到喻家湖路,341
2026/4/24 9:41,1,畅通,36.5,100.00%,0.00%,0.00%,珞喻路,畅通,45,从喻家湖路到珞狮路,161
2026/4/24 9:41,1,畅通,36.5,100.00%,0.00%,0.00%,民族大道,畅通,35,从汤逊湖北路到珞喻路,79
2026/4/24 9:41,1,畅通,36.5,100.00%,0.00%,0.00%,民族大道,畅通,37,从珞喻路到大学园路,258
2026/4/24 9:41,1,畅通,36.5,100.00%,0.00%,0.00%,虎泉街,畅通,30,从卓刀泉南路到民族大道,341
2026/4/24 9:41,1,畅通,36.5,100.00%,0.00%,0.00%,虎泉街,畅通,35,从民族大道到卓刀泉南路,160
2026/4/24 9:41,1,畅通,36.5,100.00%,0.00%,0.00%,鲁磨路,畅通,35,从珞喻路到喻家山北路,67
2026/4/24 9:41,1,畅通,36.5,100.00%,0.00%,0.00%,鲁磨路,畅通,30,从团山路到珞喻路,243
2026/4/24 9:43,1,畅通,35.9,100.00%,0.00%,0.00%,珞喻路,畅通,45,从珞狮路到喻家湖路,341
2026/4/24 9:43,1,畅通,35.9,100.00%,0.00%,0.00%,珞喻路,畅通,40,从喻家湖路到珞狮路,161
2026/4/24 9:43,1,畅通,35.9,100.00%,0.00%,0.00%,民族大道,畅通,35,从汤逊湖北路到珞喻路,79
2026/4/24 9:43,1,畅通,35.9,100.00%,0.00%,0.00%,民族大道,畅通,37,从珞喻路到大学园路,258
2026/4/24 9:43,1,畅通,35.9,100.00%,0.00%,0.00%,虎泉街,畅通,35,从卓刀泉南路到民族大道,341
2026/4/24 9:43,1,畅通,35.9,100.00%,0.00%,0.00%,虎泉街,畅通,30,从民族大道到卓刀泉南路,160
2026/4/24 9:43,1,畅通,35.9,100.00%,0.00%,0.00%,鲁磨路,畅通,35,从珞喻路到喻家山北路,67
2026/4/24 9:43,1,畅通,35.9,100.00%,0.00%,0.00%,鲁磨路,畅通,30,从团山路到珞喻路,243
2026/4/24 9:45,1,畅通,35.9,100.00%,0.00%,0.00%,珞喻路,畅通,45,从珞狮路到喻家湖路,341
2026/4/24 9:45,1,畅通,35.9,100.00%,0.00%,0.00%,珞喻路,畅通,40,从喻家湖路到珞狮路,161
2026/4/24 9:45,1,畅通,35.9,100.00%,0.00%,0.00%,民族大道,畅通,35,从汤逊湖北路到珞喻路,79
2026/4/24 9:45,1,畅通,35.9,100.00%,0.00%,0.00%,民族大道,畅通,37,从珞喻路到大学园路,258
2026/4/24 9:45,1,畅通,35.9,100.00%,0.00%,0.00%,虎泉街,畅通,35,从卓刀泉南路到民族大道,341
2026/4/24 9:45,1,畅通,35.9,100.00%,0.00%,0.00%,虎泉街,畅通,30,从民族大道到卓刀泉南路,160
2026/4/24 9:45,1,畅通,35.9,100.00%,0.00%,0.00%,鲁磨路,畅通,35,从珞喻路到喻家山北路,67
2026/4/24 9:45,1,畅通,35.9,100.00%,0.00%,0.00%,鲁磨路,畅通,30,从团山路到珞喻路,243
2026/4/24 9:47,1,畅通,34.6,100.00%,0.00%,0.00%,珞喻路,畅通,45,从珞狮路到喻家湖路,341
2026/4/24 9:47,1,畅通,34.6,100.00%,0.00%,0.00%,珞喻路,畅通,40,从喻家湖路到珞狮路,161
2026/4/24 9:47,1,畅通,34.6,100.00%,0.00%,0.00%,民族大道,畅通,35,从汤逊湖北路到珞喻路,79
2026/4/24 9:47,1,畅通,34.6,100.00%,0.00%,0.00%,民族大道,畅通,37,从珞喻路到大学园路,258
2026/4/24 9:47,1,畅通,34.6,100.00%,0.00%,0.00%,虎泉街,畅通,30,从卓刀泉南路到民族大道,341
2026/4/24 9:47,1,畅通,34.6,100.00%,0.00%,0.00%,虎泉街,畅通,30,从民族大道到卓刀泉南路,160
2026/4/24 9:47,1,畅通,34.6,100.00%,0.00%,0.00%,鲁磨路,畅通,30,从珞喻路到喻家山北路,67
2026/4/24 9:47,1,畅通,34.6,100.00%,0.00%,0.00%,鲁磨路,畅通,30,从团山路到珞喻路,243
2026/4/24 9:49,1,畅通,37,100.00%,0.00%,0.00%,珞喻路,畅通,45,从珞狮路到喻家湖路,341
2026/4/24 9:49,1,畅通,37,100.00%,0.00%,0.00%,珞喻路,畅通,45,从喻家湖路到珞狮路,161
2026/4/24 9:49,1,畅通,37,100.00%,0.00%,0.00%,民族大道,畅通,35,从汤逊湖北路到珞喻路,79
2026/4/24 9:49,1,畅通,37,100.00%,0.00%,0.00%,民族大道,畅通,41,从珞喻路到大学园路,258
2026/4/24 9:49,1,畅通,37,100.00%,0.00%,0.00%,虎泉街,畅通,30,从卓刀泉南路到民族大道,341
2026/4/24 9:49,1,畅通,37,100.00%,0.00%,0.00%,虎泉街,畅通,30,从民族大道到卓刀泉南路,160
2026/4/24 9:49,1,畅通,37,100.00%,0.00%,0.00%,鲁磨路,畅通,35,从珞喻路到喻家山北路,67
2026/4/24 9:49,1,畅通,37,100.00%,0.00%,0.00%,鲁磨路,畅通,35,从团山路到珞喻路,243
2026/4/24 9:51,1,畅通,35.9,100.00%,0.00%,0.00%,珞喻路,畅通,45,从珞狮路到喻家湖路,341
2026/4/24 9:51,1,畅通,35.9,100.00%,0.00%,0.00%,珞喻路,畅通,45,从喻家湖路到珞狮路,161
2026/4/24 9:51,1,畅通,35.9,100.00%,0.00%,0.00%,民族大道,畅通,35,从汤逊湖北路到珞喻路,79
2026/4/24 9:51,1,畅通,35.9,100.00%,0.00%,0.00%,民族大道,畅通,37,从珞喻路到大学园路,258
2026/4/24 9:51,1,畅通,35.9,100.00%,0.00%,0.00%,虎泉街,畅通,30,从卓刀泉南路到民族大道,341
2026/4/24 9:51,1,畅通,35.9,100.00%,0.00%,0.00%,虎泉街,畅通,30,从民族大道到卓刀泉南路,160
2026/4/24 9:51,1,畅通,35.9,100.00%,0.00%,0.00%,鲁磨路,畅通,35,从珞喻路到喻家山北路,67
2026/4/24 9:51,1,畅通,35.9,100.00%,0.00%,0.00%,鲁磨路,畅通,30,从团山路到珞喻路,243
2026/4/24 9:53,1,畅通,35.9,100.00%,0.00%,0.00%,珞喻路,畅通,45,从珞狮路到喻家湖路,341
2026/4/24 9:53,1,畅通,35.9,100.00%,0.00%,0.00%,珞喻路,畅通,45,从喻家湖路到珞狮路,161
2026/4/24 9:53,1,畅通,35.9,100.00%,0.00%,0.00%,民族大道,畅通,35,从汤逊湖北路到珞喻路,79
2026/4/24 9:53,1,畅通,35.9,100.00%,0.00%,0.00%,民族大道,畅通,37,从珞喻路到大学园路,258
2026/4/24 9:53,1,畅通,35.9,100.00%,0.00%,0.00%,虎泉街,畅通,30,从卓刀泉南路到民族大道,341
2026/4/24 9:53,1,畅通,35.9,100.00%,0.00%,0.00%,虎泉街,畅通,30,从民族大道到卓刀泉南路,160
2026/4/24 9:53,1,畅通,35.9,100.00%,0.00%,0.00%,鲁磨路,畅通,35,从珞喻路到喻家山北路,67
2026/4/24 9:53,1,畅通,35.9,100.00%,0.00%,0.00%,鲁磨路,畅通,30,从团山路到珞喻路,243
2026/4/24 9:55,1,畅通,36.5,100.00%,0.00%,0.00%,珞喻路,畅通,45,从珞狮路到喻家湖路,341
2026/4/24 9:55,1,畅通,36.5,100.00%,0.00%,0.00%,珞喻路,畅通,45,从喻家湖路到珞狮路,161
2026/4/24 9:55,1,畅通,36.5,100.00%,0.00%,0.00%,民族大道,畅通,35,从汤逊湖北路到珞喻路,79
2026/4/24 9:55,1,畅通,36.5,100.00%,0.00%,0.00%,民族大道,畅通,37,从珞喻路到大学园路,258
2026/4/24 9:55,1,畅通,36.5,100.00%,0.00%,0.00%,虎泉街,畅通,30,从卓刀泉南路到民族大道,341
2026/4/24 9:55,1,畅通,36.5,100.00%,0.00%,0.00%,虎泉街,畅通,30,从民族大道到卓刀泉南路,160
2026/4/24 9:55,1,畅通,36.5,100.00%,0.00%,0.00%,鲁磨路,畅通,35,从珞喻路到喻家山北路,67
2026/4/24 9:55,1,畅通,36.5,100.00%,0.00%,0.00%,鲁磨路,畅通,35,从团山路到珞喻路,243
2026/4/24 9:57,1,畅通,36.5,100.00%,0.00%,0.00%,珞喻路,畅通,45,从珞狮路到喻家湖路,341
2026/4/24 9:57,1,畅通,36.5,100.00%,0.00%,0.00%,珞喻路,畅通,45,从喻家湖路到珞狮路,161
2026/4/24 9:57,1,畅通,36.5,100.00%,0.00%,0.00%,民族大道,畅通,35,从汤逊湖北路到珞喻路,79
2026/4/24 9:57,1,畅通,36.5,100.00%,0.00%,0.00%,民族大道,畅通,37,从珞喻路到大学园路,258
2026/4/24 9:57,1,畅通,36.5,100.00%,0.00%,0.00%,虎泉街,畅通,30,从卓刀泉南路到民族大道,341
2026/4/24 9:57,1,畅通,36.5,100.00%,0.00%,0.00%,虎泉街,畅通,30,从民族大道到卓刀泉南路,160
2026/4/24 9:57,1,畅通,36.5,100.00%,0.00%,0.00%,鲁磨路,畅通,35,从珞喻路到喻家山北路,67
2026/4/24 9:57,1,畅通,36.5,100.00%,0.00%,0.00%,鲁磨路,畅通,35,从团山路到珞喻路,243
2026/4/24 9:59,1,畅通,36.5,100.00%,0.00%,0.00%,珞喻路,畅通,45,从珞狮路到喻家湖路,341
2026/4/24 9:59,1,畅通,36.5,100.00%,0.00%,0.00%,珞喻路,畅通,45,从喻家湖路到珞狮路,161
2026/4/24 9:59,1,畅通,36.5,100.00%,0.00%,0.00%,民族大道,畅通,35,从汤逊湖北路到珞喻路,79
2026/4/24 9:59,1,畅通,36.5,100.00%,0.00%,0.00%,民族大道,畅通,37,从珞喻路到大学园路,258
2026/4/24 9:59,1,畅通,36.5,100.00%,0.00%,0.00%,虎泉街,畅通,30,从卓刀泉南路到民族大道,341
2026/4/24 9:59,1,畅通,36.5,100.00%,0.00%,0.00%,虎泉街,畅通,30,从民族大道到卓刀泉南路,160
2026/4/24 9:59,1,畅通,36.5,100.00%,0.00%,0.00%,鲁磨路,畅通,35,从珞喻路到喻家山北路,67
2026/4/24 9:59,1,畅通,36.5,100.00%,0.00%,0.00%,鲁磨路,畅通,35,从团山路到珞喻路,243
2026/4/24 10:01,1,畅通,34.6,100.00%,0.00%,0.00%,珞喻路,畅通,45,从珞狮路到喻家湖路,341
2026/4/24 10:01,1,畅通,34.6,100.00%,0.00%,0.00%,珞喻路,畅通,40,从喻家湖路到珞狮路,161
2026/4/24 10:01,1,畅通,34.6,100.00%,0.00%,0.00%,民族大道,畅通,35,从汤逊湖北路到珞喻路,79
2026/4/24 10:01,1,畅通,34.6,100.00%,0.00%,0.00%,民族大道,畅通,37,从珞喻路到大学园路,258
2026/4/24 10:01,1,畅通,34.6,100.00%,0.00%,0.00%,虎泉街,畅通,30,从卓刀泉南路到民族大道,341
2026/4/24 10:01,1,畅通,34.6,100.00%,0.00%,0.00%,虎泉街,畅通,30,从民族大道到卓刀泉南路,160
2026/4/24 10:01,1,畅通,34.6,100.00%,0.00%,0.00%,鲁磨路,畅通,30,从珞喻路到喻家山北路,67
2026/4/24 10:01,1,畅通,34.6,100.00%,0.00%,0.00%,鲁磨路,畅通,30,从团山路到珞喻路,243
2026/4/24 10:03,1,畅通,35.9,100.00%,0.00%,0.00%,珞喻路,畅通,45,从珞狮路到喻家湖路,341
2026/4/24 10:03,1,畅通,35.9,100.00%,0.00%,0.00%,珞喻路,畅通,45,从喻家湖路到珞狮路,161
2026/4/24 10:03,1,畅通,35.9,100.00%,0.00%,0.00%,民族大道,畅通,35,从汤逊湖北路到珞喻路,79
2026/4/24 10:03,1,畅通,35.9,100.00%,0.00%,0.00%,民族大道,畅通,37,从珞喻路到大学园路,258
2026/4/24 10:03,1,畅通,35.9,100.00%,0.00%,0.00%,虎泉街,畅通,30,从卓刀泉南路到民族大道,341
2026/4/24 10:03,1,畅通,35.9,100.00%,0.00%,0.00%,虎泉街,畅通,30,从民族大道到卓刀泉南路,160
2026/4/24 10:03,1,畅通,35.9,100.00%,0.00%,0.00%,鲁磨路,畅通,35,从珞喻路到喻家山北路,67
2026/4/24 10:03,1,畅通,35.9,100.00%,0.00%,0.00%,鲁磨路,畅通,30,从团山路到珞喻路,243
2026/4/24 10:05,1,畅通,35.9,100.00%,0.00%,0.00%,珞喻路,畅通,45,从珞狮路到喻家湖路,341
2026/4/24 10:05,1,畅通,35.9,100.00%,0.00%,0.00%,珞喻路,畅通,45,从喻家湖路到珞狮路,161
2026/4/24 10:05,1,畅通,35.9,100.00%,0.00%,0.00%,民族大道,畅通,35,从汤逊湖北路到珞喻路,79
2026/4/24 10:05,1,畅通,35.9,100.00%,0.00%,0.00%,民族大道,畅通,37,从珞喻路到大学园路,258
2026/4/24 10:05,1,畅通,35.9,100.00%,0.00%,0.00%,虎泉街,畅通,30,从卓刀泉南路到民族大道,341
2026/4/24 10:05,1,畅通,35.9,100.00%,0.00%,0.00%,虎泉街,畅通,30,从民族大道到卓刀泉南路,160
2026/4/24 10:05,1,畅通,35.9,100.00%,0.00%,0.00%,鲁磨路,畅通,35,从珞喻路到喻家山北路,67
2026/4/24 10:05,1,畅通,35.9,100.00%,0.00%,0.00%,鲁磨路,畅通,30,从团山路到珞喻路,243
2026/4/24 10:07,1,畅通,35.9,100.00%,0.00%,0.00%,珞喻路,畅通,45,从珞狮路到喻家湖路,341
2026/4/24 10:07,1,畅通,35.9,100.00%,0.00%,0.00%,珞喻路,畅通,45,从喻家湖路到珞狮路,161
2026/4/24 10:07,1,畅通,35.9,100.00%,0.00%,0.00%,民族大道,畅通,35,从汤逊湖北路到珞喻路,79
2026/4/24 10:07,1,畅通,35.9,100.00%,0.00%,0.00%,民族大道,畅通,37,从珞喻路到大学园路,258
2026/4/24 10:07,1,畅通,35.9,100.00%,0.00%,0.00%,虎泉街,畅通,30,从卓刀泉南路到民族大道,341
2026/4/24 10:07,1,畅通,35.9,100.00%,0.00%,0.00%,虎泉街,畅通,30,从民族大道到卓刀泉南路,160
2026/4/24 10:07,1,畅通,35.9,100.00%,0.00%,0.00%,鲁磨路,畅通,35,从珞喻路到喻家山北路,67
2026/4/24 10:07,1,畅通,35.9,100.00%,0.00%,0.00%,鲁磨路,畅通,30,从团山路到珞喻路,243
2026/4/24 10:09,1,畅通,35.9,100.00%,0.00%,0.00%,珞喻路,畅通,45,从珞狮路到喻家湖路,341
2026/4/24 10:09,1,畅通,35.9,100.00%,0.00%,0.00%,珞喻路,畅通,45,从喻家湖路到珞狮路,161
2026/4/24 10:09,1,畅通,35.9,100.00%,0.00%,0.00%,民族大道,畅通,35,从汤逊湖北路到珞喻路,79
2026/4/24 10:09,1,畅通,35.9,100.00%,0.00%,0.00%,民族大道,畅通,37,从珞喻路到大学园路,258
2026/4/24 10:09,1,畅通,35.9,100.00%,0.00%,0.00%,虎泉街,畅通,30,从卓刀泉南路到民族大道,341
2026/4/24 10:09,1,畅通,35.9,100.00%,0.00%,0.00%,虎泉街,畅通,30,从民族大道到卓刀泉南路,160
2026/4/24 10:09,1,畅通,35.9,100.00%,0.00%,0.00%,鲁磨路,畅通,30,从珞喻路到喻家山北路,67
2026/4/24 10:09,1,畅通,35.9,100.00%,0.00%,0.00%,鲁磨路,畅通,35,从团山路到珞喻路,243
2026/4/24 10:11,1,畅通,35.2,100.00%,0.00%,0.00%,珞喻路,畅通,45,从珞狮路到喻家湖路,341
2026/4/24 10:11,1,畅通,35.2,100.00%,0.00%,0.00%,珞喻路,畅通,40,从喻家湖路到珞狮路,161
2026/4/24 10:11,1,畅通,35.2,100.00%,0.00%,0.00%,民族大道,畅通,35,从汤逊湖北路到珞喻路,79
2026/4/24 10:11,1,畅通,35.2,100.00%,0.00%,0.00%,民族大道,畅通,37,从珞喻路到大学园路,258
2026/4/24 10:11,1,畅通,35.2,100.00%,0.00%,0.00%,虎泉街,畅通,30,从卓刀泉南路到民族大道,341
2026/4/24 10:11,1,畅通,35.2,100.00%,0.00%,0.00%,虎泉街,畅通,30,从民族大道到卓刀泉南路,160
2026/4/24 10:11,1,畅通,35.2,100.00%,0.00%,0.00%,鲁磨路,畅通,30,从珞喻路到喻家山北路,67
2026/4/24 10:11,1,畅通,35.2,100.00%,0.00%,0.00%,鲁磨路,畅通,35,从团山路到珞喻路,243
2026/4/24 10:13,1,畅通,35.2,100.00%,0.00%,0.00%,珞喻路,畅通,45,从珞狮路到喻家湖路,341
2026/4/24 10:13,1,畅通,35.2,100.00%,0.00%,0.00%,珞喻路,畅通,40,从喻家湖路到珞狮路,161
2026/4/24 10:13,1,畅通,35.2,100.00%,0.00%,0.00%,民族大道,畅通,35,从汤逊湖北路到珞喻路,79
2026/4/24 10:13,1,畅通,35.2,100.00%,0.00%,0.00%,民族大道,畅通,37,从珞喻路到大学园路,258
2026/4/24 10:13,1,畅通,35.2,100.00%,0.00%,0.00%,虎泉街,畅通,35,从卓刀泉南路到民族大道,341
2026/4/24 10:13,1,畅通,35.2,100.00%,0.00%,0.00%,虎泉街,畅通,30,从民族大道到卓刀泉南路,160
2026/4/24 10:13,1,畅通,35.2,100.00%,0.00%,0.00%,鲁磨路,畅通,30,从珞喻路到喻家山北路,67
2026/4/24 10:13,1,畅通,35.2,100.00%,0.00%,0.00%,鲁磨路,畅通,30,从团山路到珞喻路,243
2026/4/24 10:15,1,畅通,35.9,100.00%,0.00%,0.00%,珞喻路,畅通,45,从珞狮路到喻家湖路,341
2026/4/24 10:15,1,畅通,35.9,100.00%,0.00%,0.00%,珞喻路,畅通,40,从喻家湖路到珞狮路,161
2026/4/24 10:15,1,畅通,35.9,100.00%,0.00%,0.00%,民族大道,畅通,35,从汤逊湖北路到珞喻路,79
2026/4/24 10:15,1,畅通,35.9,100.00%,0.00%,0.00%,民族大道,畅通,37,从珞喻路到大学园路,258
2026/4/24 10:15,1,畅通,35.9,100.00%,0.00%,0.00%,虎泉街,畅通,35,从卓刀泉南路到民族大道,341
2026/4/24 10:15,1,畅通,35.9,100.00%,0.00%,0.00%,虎泉街,畅通,35,从民族大道到卓刀泉南路,160
2026/4/24 10:15,1,畅通,35.9,100.00%,0.00%,0.00%,鲁磨路,畅通,30,从珞喻路到喻家山北路,67
2026/4/24 10:15,1,畅通,35.9,100.00%,0.00%,0.00%,鲁磨路,畅通,30,从团山路到珞喻路,243
2026/4/24 10:17,1,畅通,35.2,100.00%,0.00%,0.00%,珞喻路,畅通,45,从珞狮路到喻家湖路,341
2026/4/24 10:17,1,畅通,35.2,100.00%,0.00%,0.00%,珞喻路,畅通,40,从喻家湖路到珞狮路,161
2026/4/24 10:17,1,畅通,35.2,100.00%,0.00%,0.00%,民族大道,畅通,35,从汤逊湖北路到珞喻路,79
2026/4/24 10:17,1,畅通,35.2,100.00%,0.00%,0.00%,民族大道,畅通,37,从珞喻路到大学园路,258
2026/4/24 10:17,1,畅通,35.2,100.00%,0.00%,0.00%,虎泉街,畅通,35,从卓刀泉南路到民族大道,341
2026/4/24 10:17,1,畅通,35.2,100.00%,0.00%,0.00%,虎泉街,畅通,30,从民族大道到卓刀泉南路,160
2026/4/24 10:17,1,畅通,35.2,100.00%,0.00%,0.00%,鲁磨路,畅通,30,从珞喻路到喻家山北路,67
2026/4/24 10:17,1,畅通,35.2,100.00%,0.00%,0.00%,鲁磨路,畅通,30,从团山路到珞喻路,243
2026/4/24 10:19,2,缓行,35.6,87.50%,12.50%,0.00%,珞喻路,畅通,50,从珞狮路到喻家湖路,341
2026/4/24 10:19,2,缓行,35.6,87.50%,12.50%,0.00%,珞喻路,畅通,40,从喻家湖路到珞狮路,161
2026/4/24 10:19,2,缓行,35.6,87.50%,12.50%,0.00%,民族大道,畅通,35,从汤逊湖北路到珞喻路,79
2026/4/24 10:19,2,缓行,35.6,87.50%,12.50%,0.00%,虎泉街,畅通,35,从卓刀泉南路到民族大道,341
2026/4/24 10:19,2,缓行,35.6,87.50%,12.50%,0.00%,虎泉街,畅通,30,从民族大道到卓刀泉南路,160
2026/4/24 10:19,2,缓行,35.6,87.50%,12.50%,0.00%,鲁磨路,畅通,35,从珞喻路到喻家山北路,67
2026/4/24 10:19,2,缓行,35.6,87.50%,12.50%,0.00%,鲁磨路,畅通,35,从团山路到珞喻路,243
2026/4/24 10:21,2,缓行,33.8,87.50%,12.50%,0.00%,珞喻路,畅通,45,从珞狮路到喻家湖路,341
2026/4/24 10:21,2,缓行,33.8,87.50%,12.50%,0.00%,珞喻路,畅通,40,从喻家湖路到珞狮路,161
2026/4/24 10:21,2,缓行,33.8,87.50%,12.50%,0.00%,民族大道,畅通,35,从汤逊湖北路到珞喻路,79
2026/4/24 10:21,2,缓行,33.8,87.50%,12.50%,0.00%,虎泉街,畅通,30,从卓刀泉南路到民族大道,341
2026/4/24 10:21,2,缓行,33.8,87.50%,12.50%,0.00%,虎泉街,畅通,30,从民族大道到卓刀泉南路,160
2026/4/24 10:21,2,缓行,33.8,87.50%,12.50%,0.00%,鲁磨路,畅通,35,从珞喻路到喻家山北路,67
2026/4/24 10:21,2,缓行,33.8,87.50%,12.50%,0.00%,鲁磨路,畅通,30,从团山路到珞喻路,243
2026/4/24 10:23,1,畅通,34.1,100.00%,0.00%,0.00%,珞喻路,畅通,45,从珞狮路到喻家湖路,341
2026/4/24 10:23,1,畅通,34.1,100.00%,0.00%,0.00%,珞喻路,畅通,40,从喻家湖路到珞狮路,161
2026/4/24 10:23,1,畅通,34.1,100.00%,0.00%,0.00%,民族大道,畅通,35,从汤逊湖北路到珞喻路,79
2026/4/24 10:23,1,畅通,34.1,100.00%,0.00%,0.00%,民族大道,畅通,33,从珞喻路到大学园路,258
2026/4/24 10:23,1,畅通,34.1,100.00%,0.00%,0.00%,虎泉街,畅通,30,从卓刀泉南路到民族大道,341
2026/4/24 10:23,1,畅通,34.1,100.00%,0.00%,0.00%,虎泉街,畅通,30,从民族大道到卓刀泉南路,160
2026/4/24 10:23,1,畅通,34.1,100.00%,0.00%,0.00%,鲁磨路,畅通,30,从珞喻路到喻家山北路,67
2026/4/24 10:23,1,畅通,34.1,100.00%,0.00%,0.00%,鲁磨路,畅通,30,从团山路到珞喻路,243
2026/4/24 10:25,2,缓行,33.8,87.50%,12.50%,0.00%,珞喻路,畅通,45,从珞狮路到喻家湖路,341
2026/4/24 10:25,2,缓行,33.8,87.50%,12.50%,0.00%,珞喻路,畅通,45,从喻家湖路到珞狮路,161
2026/4/24 10:25,2,缓行,33.8,87.50%,12.50%,0.00%,民族大道,畅通,35,从汤逊湖北路到珞喻路,79
2026/4/24 10:25,2,缓行,33.8,87.50%,12.50%,0.00%,虎泉街,畅通,30,从卓刀泉南路到民族大道,341
2026/4/24 10:25,2,缓行,33.8,87.50%,12.50%,0.00%,虎泉街,畅通,30,从民族大道到卓刀泉南路,160
2026/4/24 10:25,2,缓行,33.8,87.50%,12.50%,0.00%,鲁磨路,畅通,30,从珞喻路到喻家山北路,67
2026/4/24 10:25,2,缓行,33.8,87.50%,12.50%,0.00%,鲁磨路,畅通,30,从团山路到珞喻路,243
2026/4/24 10:27,1,畅通,36.5,100.00%,0.00%,0.00%,珞喻路,畅通,45,从珞狮路到喻家湖路,341
2026/4/24 10:27,1,畅通,36.5,100.00%,0.00%,0.00%,珞喻路,畅通,45,从喻家湖路到珞狮路,161
2026/4/24 10:27,1,畅通,36.5,100.00%,0.00%,0.00%,民族大道,畅通,35,从汤逊湖北路到珞喻路,79
2026/4/24 10:27,1,畅通,36.5,100.00%,0.00%,0.00%,民族大道,畅通,37,从珞喻路到大学园路,258
2026/4/24 10:27,1,畅通,36.5,100.00%,0.00%,0.00%,虎泉街,畅通,30,从卓刀泉南路到民族大道,341
2026/4/24 10:27,1,畅通,36.5,100.00%,0.00%,0.00%,虎泉街,畅通,30,从民族大道到卓刀泉南路,160
2026/4/24 10:27,1,畅通,36.5,100.00%,0.00%,0.00%,鲁磨路,畅通,35,从珞喻路到喻家山北路,67
2026/4/24 10:27,1,畅通,36.5,100.00%,0.00%,0.00%,鲁磨路,畅通,35,从团山路到珞喻路,243
2026/4/25 7:27,1,畅通,39.5,100.00%,0.00%,0.00%,珞喻路,畅通,50,从珞狮路到喻家湖路,341
2026/4/25 7:27,1,畅通,39.5,100.00%,0.00%,0.00%,珞喻路,畅通,50,从喻家湖路到珞狮路,161
2026/4/25 7:27,1,畅通,39.5,100.00%,0.00%,0.00%,民族大道,畅通,35,从汤逊湖北路到珞喻路,79
2026/4/25 7:27,1,畅通,39.5,100.00%,0.00%,0.00%,民族大道,畅通,41,从珞喻路到大学园路,258
2026/4/25 7:27,1,畅通,39.5,100.00%,0.00%,0.00%,虎泉街,畅通,35,从卓刀泉南路到民族大道,341
2026/4/25 7:27,1,畅通,39.5,100.00%,0.00%,0.00%,虎泉街,畅通,35,从民族大道到卓刀泉南路,160
2026/4/25 7:27,1,畅通,39.5,100.00%,0.00%,0.00%,鲁磨路,畅通,35,从珞喻路到喻家山北路,67
2026/4/25 7:27,1,畅通,39.5,100.00%,0.00%,0.00%,鲁磨路,畅通,35,从团山路到珞喻路,243
2026/4/25 7:27,1,畅通,39.5,100.00%,0.00%,0.00%,珞喻路,畅通,50,从珞狮路到喻家湖路,341
2026/4/25 7:27,1,畅通,39.5,100.00%,0.00%,0.00%,珞喻路,畅通,50,从喻家湖路到珞狮路,161
2026/4/25 7:27,1,畅通,39.5,100.00%,0.00%,0.00%,民族大道,畅通,35,从汤逊湖北路到珞喻路,79
2026/4/25 7:27,1,畅通,39.5,100.00%,0.00%,0.00%,民族大道,畅通,41,从珞喻路到大学园路,258
2026/4/25 7:27,1,畅通,39.5,100.00%,0.00%,0.00%,虎泉街,畅通,35,从卓刀泉南路到民族大道,341
2026/4/25 7:27,1,畅通,39.5,100.00%,0.00%,0.00%,虎泉街,畅通,35,从民族大道到卓刀泉南路,160
2026/4/25 7:27,1,畅通,39.5,100.00%,0.00%,0.00%,鲁磨路,畅通,35,从珞喻路到喻家山北路,67
2026/4/25 7:27,1,畅通,39.5,100.00%,0.00%,0.00%,鲁磨路,畅通,35,从团山路到珞喻路,243
2026/4/25 7:29,1,畅通,39.5,100.00%,0.00%,0.00%,珞喻路,畅通,50,从珞狮路到喻家湖路,341
2026/4/25 7:29,1,畅通,39.5,100.00%,0.00%,0.00%,珞喻路,畅通,50,从喻家湖路到珞狮路,161
2026/4/25 7:29,1,畅通,39.5,100.00%,0.00%,0.00%,民族大道,畅通,35,从汤逊湖北路到珞喻路,79
2026/4/25 7:29,1,畅通,39.5,100.00%,0.00%,0.00%,民族大道,畅通,41,从珞喻路到大学园路,258
2026/4/25 7:29,1,畅通,39.5,100.00%,0.00%,0.00%,虎泉街,畅通,35,从卓刀泉南路到民族大道,341
2026/4/25 7:29,1,畅通,39.5,100.00%,0.00%,0.00%,虎泉街,畅通,35,从民族大道到卓刀泉南路,160
2026/4/25 7:29,1,畅通,39.5,100.00%,0.00%,0.00%,鲁磨路,畅通,35,从珞喻路到喻家山北路,67
2026/4/25 7:29,1,畅通,39.5,100.00%,0.00%,0.00%,鲁磨路,畅通,35,从团山路到珞喻路,243
2026/4/25 7:31,1,畅通,40.1,100.00%,0.00%,0.00%,珞喻路,畅通,45,从珞狮路到喻家湖路,341
2026/4/25 7:31,1,畅通,40.1,100.00%,0.00%,0.00%,珞喻路,畅通,50,从喻家湖路到珞狮路,161
2026/4/25 7:31,1,畅通,40.1,100.00%,0.00%,0.00%,民族大道,畅通,40,从汤逊湖北路到珞喻路,79
2026/4/25 7:31,1,畅通,40.1,100.00%,0.00%,0.00%,民族大道,畅通,41,从珞喻路到大学园路,258
2026/4/25 7:31,1,畅通,40.1,100.00%,0.00%,0.00%,虎泉街,畅通,35,从卓刀泉南路到民族大道,341
2026/4/25 7:31,1,畅通,40.1,100.00%,0.00%,0.00%,虎泉街,畅通,35,从民族大道到卓刀泉南路,160
2026/4/25 7:31,1,畅通,40.1,100.00%,0.00%,0.00%,鲁磨路,畅通,40,从珞喻路到喻家山北路,67
2026/4/25 7:31,1,畅通,40.1,100.00%,0.00%,0.00%,鲁磨路,畅通,35,从团山路到珞喻路,243
2026/4/25 7:36,1,畅通,37.8,100.00%,0.00%,0.00%,珞喻路,畅通,50,从珞狮路到喻家湖路,341
2026/4/25 7:36,1,畅通,37.8,100.00%,0.00%,0.00%,珞喻路,畅通,50,从喻家湖路到珞狮路,161
2026/4/25 7:36,1,畅通,37.8,100.00%,0.00%,0.00%,民族大道,畅通,40,从汤逊湖北路到珞喻路,79
2026/4/25 7:36,1,畅通,37.8,100.00%,0.00%,0.00%,民族大道,畅通,37,从珞喻路到大学园路,258
2026/4/25 7:36,1,畅通,37.8,100.00%,0.00%,0.00%,虎泉街,畅通,30,从卓刀泉南路到民族大道,341
2026/4/25 7:36,1,畅通,37.8,100.00%,0.00%,0.00%,虎泉街,畅通,30,从民族大道到卓刀泉南路,160
2026/4/25 7:36,1,畅通,37.8,100.00%,0.00%,0.00%,鲁磨路,畅通,35,从珞喻路到喻家山北路,67
2026/4/25 7:36,1,畅通,37.8,100.00%,0.00%,0.00%,鲁磨路,畅通,30,从团山路到珞喻路,243
2026/4/25 7:36,1,畅通,37.8,100.00%,0.00%,0.00%,珞喻路,畅通,50,从珞狮路到喻家湖路,341
2026/4/25 7:36,1,畅通,37.8,100.00%,0.00%,0.00%,珞喻路,畅通,50,从喻家湖路到珞狮路,161
2026/4/25 7:36,1,畅通,37.8,100.00%,0.00%,0.00%,民族大道,畅通,40,从汤逊湖北路到珞喻路,79
2026/4/25 7:36,1,畅通,37.8,100.00%,0.00%,0.00%,民族大道,畅通,37,从珞喻路到大学园路,258
2026/4/25 7:36,1,畅通,37.8,100.00%,0.00%,0.00%,虎泉街,畅通,30,从卓刀泉南路到民族大道,341
2026/4/25 7:36,1,畅通,37.8,100.00%,0.00%,0.00%,虎泉街,畅通,30,从民族大道到卓刀泉南路,160
2026/4/25 7:36,1,畅通,37.8,100.00%,0.00%,0.00%,鲁磨路,畅通,35,从珞喻路到喻家山北路,67
2026/4/25 7:36,1,畅通,37.8,100.00%,0.00%,0.00%,鲁磨路,畅通,30,从团山路到珞喻路,243
2026/4/25 7:38,1,畅通,38.9,100.00%,0.00%,0.00%,珞喻路,畅通,50,从珞狮路到喻家湖路,341
2026/4/25 7:38,1,畅通,38.9,100.00%,0.00%,0.00%,珞喻路,畅通,45,从喻家湖路到珞狮路,161
2026/4/25 7:38,1,畅通,38.9,100.00%,0.00%,0.00%,民族大道,畅通,40,从汤逊湖北路到珞喻路,79
2026/4/25 7:38,1,畅通,38.9,100.00%,0.00%,0.00%,民族大道,畅通,41,从珞喻路到大学园路,258
2026/4/25 7:38,1,畅通,38.9,100.00%,0.00%,0.00%,虎泉街,畅通,30,从卓刀泉南路到民族大道,341
2026/4/25 7:38,1,畅通,38.9,100.00%,0.00%,0.00%,虎泉街,畅通,35,从民族大道到卓刀泉南路,160
2026/4/25 7:38,1,畅通,38.9,100.00%,0.00%,0.00%,鲁磨路,畅通,35,从珞喻路到喻家山北路,67
2026/4/25 7:38,1,畅通,38.9,100.00%,0.00%,0.00%,鲁磨路,畅通,35,从团山路到珞喻路,243
2026/4/25 7:40,1,畅通,37.8,100.00%,0.00%,0.00%,珞喻路,畅通,50,从珞狮路到喻家湖路,341
2026/4/25 7:40,1,畅通,37.8,100.00%,0.00%,0.00%,珞喻路,畅通,50,从喻家湖路到珞狮路,161
2026/4/25 7:40,1,畅通,37.8,100.00%,0.00%,0.00%,民族大道,畅通,35,从汤逊湖北路到珞喻路,79
2026/4/25 7:40,1,畅通,37.8,100.00%,0.00%,0.00%,民族大道,畅通,37,从珞喻路到大学园路,258
2026/4/25 7:40,1,畅通,37.8,100.00%,0.00%,0.00%,虎泉街,畅通,35,从卓刀泉南路到民族大道,341
2026/4/25 7:40,1,畅通,37.8,100.00%,0.00%,0.00%,虎泉街,畅通,30,从民族大道到卓刀泉南路,160
2026/4/25 7:40,1,畅通,37.8,100.00%,0.00%,0.00%,鲁磨路,畅通,35,从珞喻路到喻家山北路,67
2026/4/25 7:40,1,畅通,37.8,100.00%,0.00%,0.00%,鲁磨路,畅通,30,从团山路到珞喻路,243
2026/4/25 7:42,1,畅通,38.2,100.00%,0.00%,0.00%,珞喻路,畅通,45,从珞狮路到喻家湖路,341
2026/4/25 7:42,1,畅通,38.2,100.00%,0.00%,0.00%,珞喻路,畅通,50,从喻家湖路到珞狮路,161
2026/4/25 7:42,1,畅通,38.2,100.00%,0.00%,0.00%,民族大道,畅通,35,从汤逊湖北路到珞喻路,79
2026/4/25 7:42,1,畅通,38.2,100.00%,0.00%,0.00%,民族大道,畅通,41,从珞喻路到大学园路,258
2026/4/25 7:42,1,畅通,38.2,100.00%,0.00%,0.00%,虎泉街,畅通,35,从卓刀泉南路到民族大道,341
2026/4/25 7:42,1,畅通,38.2,100.00%,0.00%,0.00%,虎泉街,畅通,30,从民族大道到卓刀泉南路,160
2026/4/25 7:42,1,畅通,38.2,100.00%,0.00%,0.00%,鲁磨路,畅通,35,从珞喻路到喻家山北路,67
2026/4/25 7:42,1,畅通,38.2,100.00%,0.00%,0.00%,鲁磨路,畅通,35,从团山路到珞喻路,243
2026/4/25 7:44,1,畅通,39.5,100.00%,0.00%,0.00%,珞喻路,畅通,45,从珞狮路到喻家湖路,341
2026/4/25 7:44,1,畅通,39.5,100.00%,0.00%,0.00%,珞喻路,畅通,50,从喻家湖路到珞狮路,161
2026/4/25 7:44,1,畅通,39.5,100.00%,0.00%,0.00%,民族大道,畅通,40,从汤逊湖北路到珞喻路,79
2026/4/25 7:44,1,畅通,39.5,100.00%,0.00%,0.00%,民族大道,畅通,41,从珞喻路到大学园路,258
2026/4/25 7:44,1,畅通,39.5,100.00%,0.00%,0.00%,虎泉街,畅通,35,从卓刀泉南路到民族大道,341
2026/4/25 7:44,1,畅通,39.5,100.00%,0.00%,0.00%,虎泉街,畅通,35,从民族大道到卓刀泉南路,160
2026/4/25 7:44,1,畅通,39.5,100.00%,0.00%,0.00%,鲁磨路,畅通,35,从珞喻路到喻家山北路,67
2026/4/25 7:44,1,畅通,39.5,100.00%,0.00%,0.00%,鲁磨路,畅通,35,从团山路到珞喻路,243
2026/4/25 7:46,1,畅通,39,100.00%,0.00%,0.00%,珞喻路,畅通,50,从珞狮路到喻家湖路,341
2026/4/25 7:46,1,畅通,39,100.00%,0.00%,0.00%,珞喻路,畅通,50,从喻家湖路到珞狮路,161
2026/4/25 7:46,1,畅通,39,100.00%,0.00%,0.00%,民族大道,畅通,40,从汤逊湖北路到珞喻路,79
2026/4/25 7:46,1,畅通,39,100.00%,0.00%,0.00%,民族大道,畅通,37,从珞喻路到大学园路,258
2026/4/25 7:46,1,畅通,39,100.00%,0.00%,0.00%,虎泉街,畅通,35,从卓刀泉南路到民族大道,341
2026/4/25 7:46,1,畅通,39,100.00%,0.00%,0.00%,虎泉街,畅通,30,从民族大道到卓刀泉南路,160
2026/4/25 7:46,1,畅通,39,100.00%,0.00%,0.00%,鲁磨路,畅通,35,从珞喻路到喻家山北路,67
2026/4/25 7:46,1,畅通,39,100.00%,0.00%,0.00%,鲁磨路,畅通,35,从团山路到珞喻路,243
2026/4/25 7:48,1,畅通,37.1,100.00%,0.00%,0.00%,珞喻路,畅通,45,从珞狮路到喻家湖路,341
2026/4/25 7:48,1,畅通,37.1,100.00%,0.00%,0.00%,珞喻路,畅通,45,从喻家湖路到珞狮路,161
2026/4/25 7:48,1,畅通,37.1,100.00%,0.00%,0.00%,民族大道,畅通,40,从汤逊湖北路到珞喻路,79
2026/4/25 7:48,1,畅通,37.1,100.00%,0.00%,0.00%,民族大道,畅通,37,从珞喻路到大学园路,258
2026/4/25 7:48,1,畅通,37.1,100.00%,0.00%,0.00%,虎泉街,畅通,35,从卓刀泉南路到民族大道,341
2026/4/25 7:48,1,畅通,37.1,100.00%,0.00%,0.00%,虎泉街,畅通,30,从民族大道到卓刀泉南路,160
2026/4/25 7:48,1,畅通,37.1,100.00%,0.00%,0.00%,鲁磨路,畅通,35,从珞喻路到喻家山北路,67
2026/4/25 7:48,1,畅通,37.1,100.00%,0.00%,0.00%,鲁磨路,畅通,30,从团山路到珞喻路,243
2026/4/25 7:50,1,畅通,37.1,100.00%,0.00%,0.00%,珞喻路,畅通,45,从珞狮路到喻家湖路,341
2026/4/25 7:50,1,畅通,37.1,100.00%,0.00%,0.00%,珞喻路,畅通,45,从喻家湖路到珞狮路,161
2026/4/25 7:50,1,畅通,37.1,100.00%,0.00%,0.00%,民族大道,畅通,40,从汤逊湖北路到珞喻路,79
2026/4/25 7:50,1,畅通,37.1,100.00%,0.00%,0.00%,民族大道,畅通,37,从珞喻路到大学园路,258
2026/4/25 7:50,1,畅通,37.1,100.00%,0.00%,0.00%,虎泉街,畅通,35,从卓刀泉南路到民族大道,341
2026/4/25 7:50,1,畅通,37.1,100.00%,0.00%,0.00%,虎泉街,畅通,30,从民族大道到卓刀泉南路,160
2026/4/25 7:50,1,畅通,37.1,100.00%,0.00%,0.00%,鲁磨路,畅通,35,从珞喻路到喻家山北路,67
2026/4/25 7:50,1,畅通,37.1,100.00%,0.00%,0.00%,鲁磨路,畅通,30,从团山路到珞喻路,243
2026/4/25 7:52,1,畅通,37.1,100.00%,0.00%,0.00%,珞喻路,畅通,45,从珞狮路到喻家湖路,341
2026/4/25 7:52,1,畅通,37.1,100.00%,0.00%,0.00%,珞喻路,畅通,45,从喻家湖路到珞狮路,161
2026/4/25 7:52,1,畅通,37.1,100.00%,0.00%,0.00%,民族大道,畅通,40,从汤逊湖北路到珞喻路,79
2026/4/25 7:52,1,畅通,37.1,100.00%,0.00%,0.00%,民族大道,畅通,37,从珞喻路到大学园路,258
2026/4/25 7:52,1,畅通,37.1,100.00%,0.00%,0.00%,虎泉街,畅通,35,从卓刀泉南路到民族大道,341
2026/4/25 7:52,1,畅通,37.1,100.00%,0.00%,0.00%,虎泉街,畅通,30,从民族大道到卓刀泉南路,160
2026/4/25 7:52,1,畅通,37.1,100.00%,0.00%,0.00%,鲁磨路,畅通,35,从珞喻路到喻家山北路,67
2026/4/25 7:52,1,畅通,37.1,100.00%,0.00%,0.00%,鲁磨路,畅通,30,从团山路到珞喻路,243
2026/4/25 7:54,1,畅通,35.9,100.00%,0.00%,0.00%,珞喻路,畅通,50,从珞狮路到喻家湖路,341
2026/4/25 7:54,1,畅通,35.9,100.00%,0.00%,0.00%,珞喻路,畅通,45,从喻家湖路到珞狮路,161
2026/4/25 7:54,1,畅通,35.9,100.00%,0.00%,0.00%,民族大道,畅通,35,从汤逊湖北路到珞喻路,79
2026/4/25 7:54,1,畅通,35.9,100.00%,0.00%,0.00%,民族大道,畅通,37,从珞喻路到大学园路,258
2026/4/25 7:54,1,畅通,35.9,100.00%,0.00%,0.00%,虎泉街,畅通,30,从卓刀泉南路到民族大道,341
2026/4/25 7:54,1,畅通,35.9,100.00%,0.00%,0.00%,虎泉街,畅通,30,从民族大道到卓刀泉南路,160
2026/4/25 7:54,1,畅通,35.9,100.00%,0.00%,0.00%,鲁磨路,畅通,30,从珞喻路到喻家山北路,67
2026/4/25 7:54,1,畅通,35.9,100.00%,0.00%,0.00%,鲁磨路,畅通,30,从团山路到珞喻路,243
2026/4/25 7:56,1,畅通,35.9,100.00%,0.00%,0.00%,珞喻路,畅通,50,从珞狮路到喻家湖路,341
2026/4/25 7:56,1,畅通,35.9,100.00%,0.00%,0.00%,珞喻路,畅通,45,从喻家湖路到珞狮路,161
2026/4/25 7:56,1,畅通,35.9,100.00%,0.00%,0.00%,民族大道,畅通,35,从汤逊湖北路到珞喻路,79
2026/4/25 7:56,1,畅通,35.9,100.00%,0.00%,0.00%,民族大道,畅通,37,从珞喻路到大学园路,258
2026/4/25 7:56,1,畅通,35.9,100.00%,0.00%,0.00%,虎泉街,畅通,30,从卓刀泉南路到民族大道,341
2026/4/25 7:56,1,畅通,35.9,100.00%,0.00%,0.00%,虎泉街,畅通,30,从民族大道到卓刀泉南路,160
2026/4/25 7:56,1,畅通,35.9,100.00%,0.00%,0.00%,鲁磨路,畅通,30,从珞喻路到喻家山北路,67
2026/4/25 7:56,1,畅通,35.9,100.00%,0.00%,0.00%,鲁磨路,畅通,30,从团山路到珞喻路,243
2026/4/25 7:58,1,畅通,37.1,100.00%,0.00%,0.00%,珞喻路,畅通,50,从珞狮路到喻家湖路,341
2026/4/25 7:58,1,畅通,37.1,100.00%,0.00%,0.00%,珞喻路,畅通,50,从喻家湖路到珞狮路,161
2026/4/25 7:58,1,畅通,37.1,100.00%,0.00%,0.00%,民族大道,畅通,40,从汤逊湖北路到珞喻路,79
2026/4/25 7:58,1,畅通,37.1,100.00%,0.00%,0.00%,民族大道,畅通,32,从珞喻路到大学园路,258
2026/4/25 7:58,1,畅通,37.1,100.00%,0.00%,0.00%,虎泉街,畅通,30,从卓刀泉南路到民族大道,341
2026/4/25 7:58,1,畅通,37.1,100.00%,0.00%,0.00%,虎泉街,畅通,30,从民族大道到卓刀泉南路,160
2026/4/25 7:58,1,畅通,37.1,100.00%,0.00%,0.00%,鲁磨路,畅通,30,从珞喻路到喻家山北路,67
2026/4/25 7:58,1,畅通,37.1,100.00%,0.00%,0.00%,鲁磨路,畅通,35,从团山路到珞喻路,243
2026/4/25 8:00,1,畅通,37.1,100.00%,0.00%,0.00%,珞喻路,畅通,50,从珞狮路到喻家湖路,341
2026/4/25 8:00,1,畅通,37.1,100.00%,0.00%,0.00%,珞喻路,畅通,50,从喻家湖路到珞狮路,161
2026/4/25 8:00,1,畅通,37.1,100.00%,0.00%,0.00%,民族大道,畅通,40,从汤逊湖北路到珞喻路,79
2026/4/25 8:00,1,畅通,37.1,100.00%,0.00%,0.00%,民族大道,畅通,32,从珞喻路到大学园路,258
2026/4/25 8:00,1,畅通,37.1,100.00%,0.00%,0.00%,虎泉街,畅通,30,从卓刀泉南路到民族大道,341
2026/4/25 8:00,1,畅通,37.1,100.00%,0.00%,0.00%,虎泉街,畅通,30,从民族大道到卓刀泉南路,160
2026/4/25 8:00,1,畅通,37.1,100.00%,0.00%,0.00%,鲁磨路,畅通,30,从珞喻路到喻家山北路,67
2026/4/25 8:00,1,畅通,37.1,100.00%,0.00%,0.00%,鲁磨路,畅通,35,从团山路到珞喻路,243
2026/4/25 8:02,1,畅通,36.4,100.00%,0.00%,0.00%,珞喻路,畅通,45,从珞狮路到喻家湖路,341
2026/4/25 8:02,1,畅通,36.4,100.00%,0.00%,0.00%,珞喻路,畅通,50,从喻家湖路到珞狮路,161
2026/4/25 8:02,1,畅通,36.4,100.00%,0.00%,0.00%,民族大道,畅通,35,从汤逊湖北路到珞喻路,79
2026/4/25 8:02,1,畅通,36.4,100.00%,0.00%,0.00%,民族大道,畅通,36,从珞喻路到大学园路,258
2026/4/25 8:02,1,畅通,36.4,100.00%,0.00%,0.00%,虎泉街,畅通,30,从卓刀泉南路到民族大道,341
2026/4/25 8:02,1,畅通,36.4,100.00%,0.00%,0.00%,虎泉街,畅通,30,从民族大道到卓刀泉南路,160
2026/4/25 8:02,1,畅通,36.4,100.00%,0.00%,0.00%,鲁磨路,畅通,30,从珞喻路到喻家山北路,67
2026/4/25 8:02,1,畅通,36.4,100.00%,0.00%,0.00%,鲁磨路,畅通,35,从团山路到珞喻路,243
2026/4/25 8:04,1,畅通,35.8,100.00%,0.00%,0.00%,珞喻路,畅通,45,从珞狮路到喻家湖路,341
2026/4/25 8:04,1,畅通,35.8,100.00%,0.00%,0.00%,珞喻路,畅通,45,从喻家湖路到珞狮路,161
2026/4/25 8:04,1,畅通,35.8,100.00%,0.00%,0.00%,民族大道,畅通,35,从汤逊湖北路到珞喻路,79
2026/4/25 8:04,1,畅通,35.8,100.00%,0.00%,0.00%,民族大道,畅通,36,从珞喻路到大学园路,258
2026/4/25 8:04,1,畅通,35.8,100.00%,0.00%,0.00%,虎泉街,畅通,30,从卓刀泉南路到民族大道,341
2026/4/25 8:04,1,畅通,35.8,100.00%,0.00%,0.00%,虎泉街,畅通,30,从民族大道到卓刀泉南路,160
2026/4/25 8:04,1,畅通,35.8,100.00%,0.00%,0.00%,鲁磨路,畅通,35,从珞喻路到喻家山北路,67
2026/4/25 8:04,1,畅通,35.8,100.00%,0.00%,0.00%,鲁磨路,畅通,30,从团山路到珞喻路,243
2026/4/25 8:06,1,畅通,35.8,100.00%,0.00%,0.00%,珞喻路,畅通,45,从珞狮路到喻家湖路,341
2026/4/25 8:06,1,畅通,35.8,100.00%,0.00%,0.00%,珞喻路,畅通,45,从喻家湖路到珞狮路,161
2026/4/25 8:06,1,畅通,35.8,100.00%,0.00%,0.00%,民族大道,畅通,35,从汤逊湖北路到珞喻路,79
2026/4/25 8:06,1,畅通,35.8,100.00%,0.00%,0.00%,民族大道,畅通,36,从珞喻路到大学园路,258
2026/4/25 8:06,1,畅通,35.8,100.00%,0.00%,0.00%,虎泉街,畅通,30,从卓刀泉南路到民族大道,341
2026/4/25 8:06,1,畅通,35.8,100.00%,0.00%,0.00%,虎泉街,畅通,30,从民族大道到卓刀泉南路,160
2026/4/25 8:06,1,畅通,35.8,100.00%,0.00%,0.00%,鲁磨路,畅通,35,从珞喻路到喻家山北路,67
2026/4/25 8:06,1,畅通,35.8,100.00%,0.00%,0.00%,鲁磨路,畅通,30,从团山路到珞喻路,243
2026/4/25 8:08,1,畅通,36.2,100.00%,0.00%,0.00%,珞喻路,畅通,45,从珞狮路到喻家湖路,341
2026/4/25 8:08,1,畅通,36.2,100.00%,0.00%,0.00%,珞喻路,畅通,45,从喻家湖路到珞狮路,161
2026/4/25 8:08,1,畅通,36.2,100.00%,0.00%,0.00%,民族大道,畅通,35,从汤逊湖北路到珞喻路,79
2026/4/25 8:08,1,畅通,36.2,100.00%,0.00%,0.00%,民族大道,畅通,35,从珞喻路到大学园路,258
2026/4/25 8:08,1,畅通,36.2,100.00%,0.00%,0.00%,虎泉街,畅通,30,从卓刀泉南路到民族大道,341
2026/4/25 8:08,1,畅通,36.2,100.00%,0.00%,0.00%,虎泉街,畅通,30,从民族大道到卓刀泉南路,160
2026/4/25 8:08,1,畅通,36.2,100.00%,0.00%,0.00%,鲁磨路,畅通,35,从珞喻路到喻家山北路,67
2026/4/25 8:08,1,畅通,36.2,100.00%,0.00%,0.00%,鲁磨路,畅通,35,从团山路到珞喻路,243
2026/4/25 8:10,1,畅通,36.2,100.00%,0.00%,0.00%,珞喻路,畅通,45,从珞狮路到喻家湖路,341
2026/4/25 8:10,1,畅通,36.2,100.00%,0.00%,0.00%,珞喻路,畅通,45,从喻家湖路到珞狮路,161
2026/4/25 8:10,1,畅通,36.2,100.00%,0.00%,0.00%,民族大道,畅通,35,从汤逊湖北路到珞喻路,79
2026/4/25 8:10,1,畅通,36.2,100.00%,0.00%,0.00%,民族大道,畅通,35,从珞喻路到大学园路,258
2026/4/25 8:10,1,畅通,36.2,100.00%,0.00%,0.00%,虎泉街,畅通,30,从卓刀泉南路到民族大道,341
2026/4/25 8:10,1,畅通,36.2,100.00%,0.00%,0.00%,虎泉街,畅通,30,从民族大道到卓刀泉南路,160
2026/4/25 8:10,1,畅通,36.2,100.00%,0.00%,0.00%,鲁磨路,畅通,35,从珞喻路到喻家山北路,67
2026/4/25 8:10,1,畅通,36.2,100.00%,0.00%,0.00%,鲁磨路,畅通,35,从团山路到珞喻路,243
2026/4/25 8:12,1,畅通,36.2,100.00%,0.00%,0.00%,珞喻路,畅通,45,从珞狮路到喻家湖路,341
2026/4/25 8:12,1,畅通,36.2,100.00%,0.00%,0.00%,珞喻路,畅通,45,从喻家湖路到珞狮路,161
2026/4/25 8:12,1,畅通,36.2,100.00%,0.00%,0.00%,民族大道,畅通,35,从汤逊湖北路到珞喻路,79
2026/4/25 8:12,1,畅通,36.2,100.00%,0.00%,0.00%,民族大道,畅通,35,从珞喻路到大学园路,258
2026/4/25 8:12,1,畅通,36.2,100.00%,0.00%,0.00%,虎泉街,畅通,30,从卓刀泉南路到民族大道,341
2026/4/25 8:12,1,畅通,36.2,100.00%,0.00%,0.00%,虎泉街,畅通,30,从民族大道到卓刀泉南路,160
2026/4/25 8:12,1,畅通,36.2,100.00%,0.00%,0.00%,鲁磨路,畅通,35,从珞喻路到喻家山北路,67
2026/4/25 8:12,1,畅通,36.2,100.00%,0.00%,0.00%,鲁磨路,畅通,35,从团山路到珞喻路,243
2026/4/25 8:14,1,畅通,37.5,100.00%,0.00%,0.00%,珞喻路,畅通,45,从珞狮路到喻家湖路,341
2026/4/25 8:14,1,畅通,37.5,100.00%,0.00%,0.00%,珞喻路,畅通,50,从喻家湖路到珞狮路,161
2026/4/25 8:14,1,畅通,37.5,100.00%,0.00%,0.00%,民族大道,畅通,40,从汤逊湖北路到珞喻路,79
2026/4/25 8:14,1,畅通,37.5,100.00%,0.00%,0.00%,民族大道,畅通,35,从珞喻路到大学园路,258
2026/4/25 8:14,1,畅通,37.5,100.00%,0.00%,0.00%,虎泉街,畅通,30,从卓刀泉南路到民族大道,341
2026/4/25 8:14,1,畅通,37.5,100.00%,0.00%,0.00%,虎泉街,畅通,30,从民族大道到卓刀泉南路,160
2026/4/25 8:14,1,畅通,37.5,100.00%,0.00%,0.00%,鲁磨路,畅通,35,从珞喻路到喻家山北路,67
2026/4/25 8:14,1,畅通,37.5,100.00%,0.00%,0.00%,鲁磨路,畅通,35,从团山路到珞喻路,243
2026/4/25 8:16,1,畅通,35.6,100.00%,0.00%,0.00%,珞喻路,畅通,45,从珞狮路到喻家湖路,341
2026/4/25 8:16,1,畅通,35.6,100.00%,0.00%,0.00%,珞喻路,畅通,45,从喻家湖路到珞狮路,161
2026/4/25 8:16,1,畅通,35.6,100.00%,0.00%,0.00%,民族大道,畅通,35,从汤逊湖北路到珞喻路,79
2026/4/25 8:16,1,畅通,35.6,100.00%,0.00%,0.00%,民族大道,畅通,35,从珞喻路到大学园路,258
2026/4/25 8:16,1,畅通,35.6,100.00%,0.00%,0.00%,虎泉街,畅通,30,从卓刀泉南路到民族大道,341
2026/4/25 8:16,1,畅通,35.6,100.00%,0.00%,0.00%,虎泉街,畅通,30,从民族大道到卓刀泉南路,160
2026/4/25 8:16,1,畅通,35.6,100.00%,0.00%,0.00%,鲁磨路,畅通,35,从珞喻路到喻家山北路,67
2026/4/25 8:16,1,畅通,35.6,100.00%,0.00%,0.00%,鲁磨路,畅通,30,从团山路到珞喻路,243
2026/4/25 8:18,1,畅通,35.6,100.00%,0.00%,0.00%,珞喻路,畅通,45,从珞狮路到喻家湖路,341
2026/4/25 8:18,1,畅通,35.6,100.00%,0.00%,0.00%,珞喻路,畅通,45,从喻家湖路到珞狮路,161
2026/4/25 8:18,1,畅通,35.6,100.00%,0.00%,0.00%,民族大道,畅通,35,从汤逊湖北路到珞喻路,79
2026/4/25 8:18,1,畅通,35.6,100.00%,0.00%,0.00%,民族大道,畅通,35,从珞喻路到大学园路,258
2026/4/25 8:18,1,畅通,35.6,100.00%,0.00%,0.00%,虎泉街,畅通,30,从卓刀泉南路到民族大道,341
2026/4/25 8:18,1,畅通,35.6,100.00%,0.00%,0.00%,虎泉街,畅通,30,从民族大道到卓刀泉南路,160
2026/4/25 8:18,1,畅通,35.6,100.00%,0.00%,0.00%,鲁磨路,畅通,35,从珞喻路到喻家山北路,67
2026/4/25 8:18,1,畅通,35.6,100.00%,0.00%,0.00%,鲁磨路,畅通,30,从团山路到珞喻路,243
2026/4/25 8:20,1,畅通,35.6,100.00%,0.00%,0.00%,珞喻路,畅通,45,从珞狮路到喻家湖路,341
2026/4/25 8:20,1,畅通,35.6,100.00%,0.00%,0.00%,珞喻路,畅通,45,从喻家湖路到珞狮路,161
2026/4/25 8:20,1,畅通,35.6,100.00%,0.00%,0.00%,民族大道,畅通,35,从汤逊湖北路到珞喻路,79
2026/4/25 8:20,1,畅通,35.6,100.00%,0.00%,0.00%,民族大道,畅通,35,从珞喻路到大学园路,258
2026/4/25 8:20,1,畅通,35.6,100.00%,0.00%,0.00%,虎泉街,畅通,30,从卓刀泉南路到民族大道,341
2026/4/25 8:20,1,畅通,35.6,100.00%,0.00%,0.00%,虎泉街,畅通,30,从民族大道到卓刀泉南路,160
2026/4/25 8:20,1,畅通,35.6,100.00%,0.00%,0.00%,鲁磨路,畅通,35,从珞喻路到喻家山北路,67
2026/4/25 8:20,1,畅通,35.6,100.00%,0.00%,0.00%,鲁磨路,畅通,30,从团山路到珞喻路,243
2026/4/25 8:22,1,畅通,35.6,100.00%,0.00%,0.00%,珞喻路,畅通,45,从珞狮路到喻家湖路,341
2026/4/25 8:22,1,畅通,35.6,100.00%,0.00%,0.00%,珞喻路,畅通,45,从喻家湖路到珞狮路,161
2026/4/25 8:22,1,畅通,35.6,100.00%,0.00%,0.00%,民族大道,畅通,35,从汤逊湖北路到珞喻路,79
2026/4/25 8:22,1,畅通,35.6,100.00%,0.00%,0.00%,民族大道,畅通,35,从珞喻路到大学园路,258
2026/4/25 8:22,1,畅通,35.6,100.00%,0.00%,0.00%,虎泉街,畅通,30,从卓刀泉南路到民族大道,341
2026/4/25 8:22,1,畅通,35.6,100.00%,0.00%,0.00%,虎泉街,畅通,30,从民族大道到卓刀泉南路,160
2026/4/25 8:22,1,畅通,35.6,100.00%,0.00%,0.00%,鲁磨路,畅通,30,从珞喻路到喻家山北路,67
2026/4/25 8:22,1,畅通,35.6,100.00%,0.00%,0.00%,鲁磨路,畅通,35,从团山路到珞喻路,243
2026/4/25 8:24,1,畅通,38.8,100.00%,0.00%,0.00%,珞喻路,畅通,45,从珞狮路到喻家湖路,341
2026/4/25 8:24,1,畅通,38.8,100.00%,0.00%,0.00%,珞喻路,畅通,45,从喻家湖路到珞狮路,161
2026/4/25 8:24,1,畅通,38.8,100.00%,0.00%,0.00%,民族大道,畅通,35,从汤逊湖北路到珞喻路,79
2026/4/25 8:24,1,畅通,38.8,100.00%,0.00%,0.00%,民族大道,畅通,35,从珞喻路到大学园路,258
2026/4/25 8:24,1,畅通,38.8,100.00%,0.00%,0.00%,虎泉街,畅通,50,从雄楚大道到民族大道,2
2026/4/25 8:24,1,畅通,38.8,100.00%,0.00%,0.00%,虎泉街,畅通,30,从民族大道到卓刀泉南路,160
2026/4/25 8:24,1,畅通,38.8,100.00%,0.00%,0.00%,鲁磨路,畅通,35,从珞喻路到喻家山北路,67
2026/4/25 8:24,1,畅通,38.8,100.00%,0.00%,0.00%,鲁磨路,畅通,35,从团山路到珞喻路,243
2026/4/25 8:26,2,缓行,34.4,88.89%,11.11%,0.00%,珞喻路,畅通,45,从珞狮路到喻家湖路,341
2026/4/25 8:26,2,缓行,34.4,88.89%,11.11%,0.00%,珞喻路,畅通,45,从喻家湖路到珞狮路,161
2026/4/25 8:26,2,缓行,34.4,88.89%,11.11%,0.00%,民族大道,畅通,35,从汤逊湖北路到珞喻路,79
2026/4/25 8:26,2,缓行,34.4,88.89%,11.11%,0.00%,虎泉街,畅通,30,从卓刀泉南路到民族大道,341
2026/4/25 8:26,2,缓行,34.4,88.89%,11.11%,0.00%,虎泉街,畅通,30,从民族大道到卓刀泉南路,160
2026/4/25 8:26,2,缓行,34.4,88.89%,11.11%,0.00%,鲁磨路,畅通,35,从珞喻路到喻家山北路,67
2026/4/25 8:26,2,缓行,34.4,88.89%,11.11%,0.00%,鲁磨路,畅通,30,从团山路到珞喻路,243
2026/4/25 8:28,1,畅通,37.9,100.00%,0.00%,0.00%,珞喻路,畅通,45,从珞狮路到喻家湖路,341
2026/4/25 8:28,1,畅通,37.9,100.00%,0.00%,0.00%,珞喻路,畅通,45,从喻家湖路到珞狮路,161
2026/4/25 8:28,1,畅通,37.9,100.00%,0.00%,0.00%,民族大道,畅通,35,从汤逊湖北路到珞喻路,79
2026/4/25 8:28,1,畅通,37.9,100.00%,0.00%,0.00%,民族大道,畅通,33,从珞喻路到大学园路,258
2026/4/25 8:28,1,畅通,37.9,100.00%,0.00%,0.00%,虎泉街,畅通,50,从雄楚大道到民族大道,2
2026/4/25 8:28,1,畅通,37.9,100.00%,0.00%,0.00%,虎泉街,畅通,30,从民族大道到卓刀泉南路,160
2026/4/25 8:28,1,畅通,37.9,100.00%,0.00%,0.00%,鲁磨路,畅通,30,从珞喻路到喻家山北路,67
2026/4/25 8:28,1,畅通,37.9,100.00%,0.00%,0.00%,鲁磨路,畅通,35,从团山路到珞喻路,243
2026/4/25 8:30,1,畅通,37.9,100.00%,0.00%,0.00%,珞喻路,畅通,45,从珞狮路到喻家湖路,341
2026/4/25 8:30,1,畅通,37.9,100.00%,0.00%,0.00%,珞喻路,畅通,45,从喻家湖路到珞狮路,161
2026/4/25 8:30,1,畅通,37.9,100.00%,0.00%,0.00%,民族大道,畅通,35,从汤逊湖北路到珞喻路,79
2026/4/25 8:30,1,畅通,37.9,100.00%,0.00%,0.00%,民族大道,畅通,33,从珞喻路到大学园路,258
2026/4/25 8:30,1,畅通,37.9,100.00%,0.00%,0.00%,虎泉街,畅通,50,从雄楚大道到民族大道,2
2026/4/25 8:30,1,畅通,37.9,100.00%,0.00%,0.00%,虎泉街,畅通,30,从民族大道到卓刀泉南路,160
2026/4/25 8:30,1,畅通,37.9,100.00%,0.00%,0.00%,鲁磨路,畅通,30,从珞喻路到喻家山北路,67
2026/4/25 8:30,1,畅通,37.9,100.00%,0.00%,0.00%,鲁磨路,畅通,35,从团山路到珞喻路,243
2026/4/25 8:32,1,畅通,35.6,100.00%,0.00%,0.00%,珞喻路,畅通,45,从珞狮路到喻家湖路,341
2026/4/25 8:32,1,畅通,35.6,100.00%,0.00%,0.00%,珞喻路,畅通,45,从喻家湖路到珞狮路,161
2026/4/25 8:32,1,畅通,35.6,100.00%,0.00%,0.00%,民族大道,畅通,35,从汤逊湖北路到珞喻路,79
2026/4/25 8:32,1,畅通,35.6,100.00%,0.00%,0.00%,民族大道,畅通,35,从珞喻路到大学园路,258
2026/4/25 8:32,1,畅通,35.6,100.00%,0.00%,0.00%,虎泉街,畅通,30,从卓刀泉南路到民族大道,341
2026/4/25 8:32,1,畅通,35.6,100.00%,0.00%,0.00%,虎泉街,畅通,30,从民族大道到卓刀泉南路,160
2026/4/25 8:32,1,畅通,35.6,100.00%,0.00%,0.00%,鲁磨路,畅通,30,从珞喻路到喻家山北路,67
2026/4/25 8:32,1,畅通,35.6,100.00%,0.00%,0.00%,鲁磨路,畅通,35,从团山路到珞喻路,243
2026/4/25 8:34,1,畅通,36.9,100.00%,0.00%,0.00%,珞喻路,畅通,50,从珞狮路到喻家湖路,341
2026/4/25 8:34,1,畅通,36.9,100.00%,0.00%,0.00%,珞喻路,畅通,45,从喻家湖路到珞狮路,161
2026/4/25 8:34,1,畅通,36.9,100.00%,0.00%,0.00%,民族大道,畅通,35,从汤逊湖北路到珞喻路,79
2026/4/25 8:34,1,畅通,36.9,100.00%,0.00%,0.00%,民族大道,畅通,35,从珞喻路到大学园路,258
2026/4/25 8:34,1,畅通,36.9,100.00%,0.00%,0.00%,虎泉街,畅通,30,从卓刀泉南路到民族大道,341
2026/4/25 8:34,1,畅通,36.9,100.00%,0.00%,0.00%,虎泉街,畅通,30,从民族大道到卓刀泉南路,160
2026/4/25 8:34,1,畅通,36.9,100.00%,0.00%,0.00%,鲁磨路,畅通,35,从珞喻路到喻家山北路,67
2026/4/25 8:34,1,畅通,36.9,100.00%,0.00%,0.00%,鲁磨路,畅通,35,从团山路到珞喻路,243
2026/4/25 8:36,1,畅通,36.2,100.00%,0.00%,0.00%,珞喻路,畅通,50,从珞狮路到喻家湖路,341
2026/4/25 8:36,1,畅通,36.2,100.00%,0.00%,0.00%,珞喻路,畅通,40,从喻家湖路到珞狮路,161
2026/4/25 8:36,1,畅通,36.2,100.00%,0.00%,0.00%,民族大道,畅通,35,从汤逊湖北路到珞喻路,79
2026/4/25 8:36,1,畅通,36.2,100.00%,0.00%,0.00%,民族大道,畅通,35,从珞喻路到大学园路,258
2026/4/25 8:36,1,畅通,36.2,100.00%,0.00%,0.00%,虎泉街,畅通,30,从卓刀泉南路到民族大道,341
2026/4/25 8:36,1,畅通,36.2,100.00%,0.00%,0.00%,虎泉街,畅通,30,从民族大道到卓刀泉南路,160
2026/4/25 8:36,1,畅通,36.2,100.00%,0.00%,0.00%,鲁磨路,畅通,35,从珞喻路到喻家山北路,67
2026/4/25 8:36,1,畅通,36.2,100.00%,0.00%,0.00%,鲁磨路,畅通,35,从团山路到珞喻路,243
2026/4/25 8:38,1,畅通,36.2,100.00%,0.00%,0.00%,珞喻路,畅通,50,从珞狮路到喻家湖路,341
2026/4/25 8:38,1,畅通,36.2,100.00%,0.00%,0.00%,珞喻路,畅通,40,从喻家湖路到珞狮路,161
2026/4/25 8:38,1,畅通,36.2,100.00%,0.00%,0.00%,民族大道,畅通,35,从汤逊湖北路到珞喻路,79
2026/4/25 8:38,1,畅通,36.2,100.00%,0.00%,0.00%,民族大道,畅通,35,从珞喻路到大学园路,258
2026/4/25 8:38,1,畅通,36.2,100.00%,0.00%,0.00%,虎泉街,畅通,30,从卓刀泉南路到民族大道,341
2026/4/25 8:38,1,畅通,36.2,100.00%,0.00%,0.00%,虎泉街,畅通,30,从民族大道到卓刀泉南路,160
2026/4/25 8:38,1,畅通,36.2,100.00%,0.00%,0.00%,鲁磨路,畅通,35,从珞喻路到喻家山北路,67
2026/4/25 8:38,1,畅通,36.2,100.00%,0.00%,0.00%,鲁磨路,畅通,35,从团山路到珞喻路,243
2026/4/25 8:40,1,畅通,35.1,100.00%,0.00%,0.00%,珞喻路,畅通,45,从珞狮路到喻家湖路,341
2026/4/25 8:40,1,畅通,35.1,100.00%,0.00%,0.00%,珞喻路,畅通,40,从喻家湖路到珞狮路,161
2026/4/25 8:40,1,畅通,35.1,100.00%,0.00%,0.00%,民族大道,畅通,35,从汤逊湖北路到珞喻路,79
2026/4/25 8:40,1,畅通,35.1,100.00%,0.00%,0.00%,民族大道,畅通,36,从珞喻路到大学园路,258
2026/4/25 8:40,1,畅通,35.1,100.00%,0.00%,0.00%,虎泉街,畅通,30,从卓刀泉南路到民族大道,341
2026/4/25 8:40,1,畅通,35.1,100.00%,0.00%,0.00%,虎泉街,畅通,30,从民族大道到卓刀泉南路,160
2026/4/25 8:40,1,畅通,35.1,100.00%,0.00%,0.00%,鲁磨路,畅通,35,从珞喻路到喻家山北路,67
2026/4/25 8:40,1,畅通,35.1,100.00%,0.00%,0.00%,鲁磨路,畅通,30,从团山路到珞喻路,243
2026/4/25 8:42,1,畅通,35.9,100.00%,0.00%,0.00%,珞喻路,畅通,45,从珞狮路到喻家湖路,341
2026/4/25 8:42,1,畅通,35.9,100.00%,0.00%,0.00%,珞喻路,畅通,45,从喻家湖路到珞狮路,161
2026/4/25 8:42,1,畅通,35.9,100.00%,0.00%,0.00%,民族大道,畅通,40,从汤逊湖北路到珞喻路,79
2026/4/25 8:42,1,畅通,35.9,100.00%,0.00%,0.00%,民族大道,畅通,32,从珞喻路到大学园路,258
2026/4/25 8:42,1,畅通,35.9,100.00%,0.00%,0.00%,虎泉街,畅通,30,从卓刀泉南路到民族大道,341
2026/4/25 8:42,1,畅通,35.9,100.00%,0.00%,0.00%,虎泉街,畅通,30,从民族大道到卓刀泉南路,160
2026/4/25 8:42,1,畅通,35.9,100.00%,0.00%,0.00%,鲁磨路,畅通,35,从珞喻路到喻家山北路,67
2026/4/25 8:42,1,畅通,35.9,100.00%,0.00%,0.00%,鲁磨路,畅通,30,从团山路到珞喻路,243
2026/4/25 8:44,1,畅通,35.8,100.00%,0.00%,0.00%,珞喻路,畅通,45,从珞狮路到喻家湖路,341
2026/4/25 8:44,1,畅通,35.8,100.00%,0.00%,0.00%,珞喻路,畅通,45,从喻家湖路到珞狮路,161
2026/4/25 8:44,1,畅通,35.8,100.00%,0.00%,0.00%,民族大道,畅通,35,从汤逊湖北路到珞喻路,79
2026/4/25 8:44,1,畅通,35.8,100.00%,0.00%,0.00%,民族大道,畅通,36,从珞喻路到大学园路,258
2026/4/25 8:44,1,畅通,35.8,100.00%,0.00%,0.00%,虎泉街,畅通,30,从卓刀泉南路到民族大道,341
2026/4/25 8:44,1,畅通,35.8,100.00%,0.00%,0.00%,虎泉街,畅通,30,从民族大道到卓刀泉南路,160
2026/4/25 8:44,1,畅通,35.8,100.00%,0.00%,0.00%,鲁磨路,畅通,30,从珞喻路到喻家山北路,67
2026/4/25 8:44,1,畅通,35.8,100.00%,0.00%,0.00%,鲁磨路,畅通,35,从团山路到珞喻路,243
2026/4/25 8:46,1,畅通,35.8,100.00%,0.00%,0.00%,珞喻路,畅通,40,从珞狮路到喻家湖路,341
2026/4/25 8:46,1,畅通,35.8,100.00%,0.00%,0.00%,珞喻路,畅通,45,从喻家湖路到珞狮路,161
2026/4/25 8:46,1,畅通,35.8,100.00%,0.00%,0.00%,民族大道,畅通,35,从汤逊湖北路到珞喻路,79
2026/4/25 8:46,1,畅通,35.8,100.00%,0.00%,0.00%,民族大道,畅通,36,从珞喻路到大学园路,258
2026/4/25 8:46,1,畅通,35.8,100.00%,0.00%,0.00%,虎泉街,畅通,35,从卓刀泉南路到民族大道,341
2026/4/25 8:46,1,畅通,35.8,100.00%,0.00%,0.00%,虎泉街,畅通,30,从民族大道到卓刀泉南路,160
2026/4/25 8:46,1,畅通,35.8,100.00%,0.00%,0.00%,鲁磨路,畅通,30,从珞喻路到喻家山北路,67
2026/4/25 8:46,1,畅通,35.8,100.00%,0.00%,0.00%,鲁磨路,畅通,35,从团山路到珞喻路,243
2026/4/25 8:48,1,畅通,36.5,100.00%,0.00%,0.00%,珞喻路,畅通,45,从珞狮路到喻家湖路,341
2026/4/25 8:48,1,畅通,36.5,100.00%,0.00%,0.00%,珞喻路,畅通,45,从喻家湖路到珞狮路,161
2026/4/25 8:48,1,畅通,36.5,100.00%,0.00%,0.00%,民族大道,畅通,35,从汤逊湖北路到珞喻路,79
2026/4/25 8:48,1,畅通,36.5,100.00%,0.00%,0.00%,民族大道,畅通,37,从珞喻路到大学园路,258
2026/4/25 8:48,1,畅通,36.5,100.00%,0.00%,0.00%,虎泉街,畅通,30,从卓刀泉南路到民族大道,341
2026/4/25 8:48,1,畅通,36.5,100.00%,0.00%,0.00%,虎泉街,畅通,30,从民族大道到卓刀泉南路,160
2026/4/25 8:48,1,畅通,36.5,100.00%,0.00%,0.00%,鲁磨路,畅通,35,从珞喻路到喻家山北路,67
2026/4/25 8:48,1,畅通,36.5,100.00%,0.00%,0.00%,鲁磨路,畅通,35,从团山路到珞喻路,243
2026/4/25 8:51,2,缓行,33.8,87.50%,12.50%,0.00%,珞喻路,畅通,45,从珞狮路到喻家湖路,341
2026/4/25 8:51,2,缓行,33.8,87.50%,12.50%,0.00%,珞喻路,畅通,40,从喻家湖路到珞狮路,161
2026/4/25 8:51,2,缓行,33.8,87.50%,12.50%,0.00%,民族大道,畅通,35,从汤逊湖北路到珞喻路,79
2026/4/25 8:51,2,缓行,33.8,87.50%,12.50%,0.00%,虎泉街,畅通,30,从卓刀泉南路到民族大道,341
2026/4/25 8:51,2,缓行,33.8,87.50%,12.50%,0.00%,虎泉街,畅通,30,从民族大道到卓刀泉南路,160
2026/4/25 8:51,2,缓行,33.8,87.50%,12.50%,0.00%,鲁磨路,畅通,30,从珞喻路到喻家山北路,67
2026/4/25 8:51,2,缓行,33.8,87.50%,12.50%,0.00%,鲁磨路,畅通,35,从团山路到珞喻路,243
2026/4/25 8:53,2,缓行,34.4,87.50%,12.50%,0.00%,珞喻路,畅通,45,从珞狮路到喻家湖路,341
2026/4/25 8:53,2,缓行,34.4,87.50%,12.50%,0.00%,珞喻路,畅通,45,从喻家湖路到珞狮路,161
2026/4/25 8:53,2,缓行,34.4,87.50%,12.50%,0.00%,民族大道,畅通,35,从汤逊湖北路到珞喻路,79
2026/4/25 8:53,2,缓行,34.4,87.50%,12.50%,0.00%,虎泉街,畅通,30,从卓刀泉南路到民族大道,341
2026/4/25 8:53,2,缓行,34.4,87.50%,12.50%,0.00%,虎泉街,畅通,30,从民族大道到卓刀泉南路,160
2026/4/25 8:53,2,缓行,34.4,87.50%,12.50%,0.00%,鲁磨路,畅通,30,从珞喻路到喻家山北路,67
2026/4/25 8:53,2,缓行,34.4,87.50%,12.50%,0.00%,鲁磨路,畅通,35,从团山路到珞喻路,243
2026/4/25 8:55,2,缓行,34.4,87.50%,12.50%,0.00%,珞喻路,畅通,45,从珞狮路到喻家湖路,341
2026/4/25 8:55,2,缓行,34.4,87.50%,12.50%,0.00%,珞喻路,畅通,45,从喻家湖路到珞狮路,161
2026/4/25 8:55,2,缓行,34.4,87.50%,12.50%,0.00%,民族大道,畅通,35,从汤逊湖北路到珞喻路,79
2026/4/25 8:55,2,缓行,34.4,87.50%,12.50%,0.00%,虎泉街,畅通,30,从卓刀泉南路到民族大道,341
2026/4/25 8:55,2,缓行,34.4,87.50%,12.50%,0.00%,虎泉街,畅通,30,从民族大道到卓刀泉南路,160
2026/4/25 8:55,2,缓行,34.4,87.50%,12.50%,0.00%,鲁磨路,畅通,30,从珞喻路到喻家山北路,67
2026/4/25 8:55,2,缓行,34.4,87.50%,12.50%,0.00%,鲁磨路,畅通,35,从团山路到珞喻路,243
2026/4/25 8:57,1,畅通,35.9,100.00%,0.00%,0.00%,珞喻路,畅通,45,从珞狮路到喻家湖路,341
2026/4/25 8:57,1,畅通,35.9,100.00%,0.00%,0.00%,珞喻路,畅通,45,从喻家湖路到珞狮路,161
2026/4/25 8:57,1,畅通,35.9,100.00%,0.00%,0.00%,民族大道,畅通,35,从汤逊湖北路到珞喻路,79
2026/4/25 8:57,1,畅通,35.9,100.00%,0.00%,0.00%,民族大道,畅通,37,从珞喻路到大学园路,258
2026/4/25 8:57,1,畅通,35.9,100.00%,0.00%,0.00%,虎泉街,畅通,30,从卓刀泉南路到民族大道,341
2026/4/25 8:57,1,畅通,35.9,100.00%,0.00%,0.00%,虎泉街,畅通,30,从民族大道到卓刀泉南路,160
2026/4/25 8:57,1,畅通,35.9,100.00%,0.00%,0.00%,鲁磨路,畅通,30,从珞喻路到喻家山北路,67
2026/4/25 8:57,1,畅通,35.9,100.00%,0.00%,0.00%,鲁磨路,畅通,35,从团山路到珞喻路,243
2026/4/25 8:59,1,畅通,35.9,100.00%,0.00%,0.00%,珞喻路,畅通,45,从珞狮路到喻家湖路,341
2026/4/25 8:59,1,畅通,35.9,100.00%,0.00%,0.00%,珞喻路,畅通,45,从喻家湖路到珞狮路,161
2026/4/25 8:59,1,畅通,35.9,100.00%,0.00%,0.00%,民族大道,畅通,35,从汤逊湖北路到珞喻路,79
2026/4/25 8:59,1,畅通,35.9,100.00%,0.00%,0.00%,民族大道,畅通,37,从珞喻路到大学园路,258
2026/4/25 8:59,1,畅通,35.9,100.00%,0.00%,0.00%,虎泉街,畅通,30,从卓刀泉南路到民族大道,341
2026/4/25 8:59,1,畅通,35.9,100.00%,0.00%,0.00%,虎泉街,畅通,30,从民族大道到卓刀泉南路,160
2026/4/25 8:59,1,畅通,35.9,100.00%,0.00%,0.00%,鲁磨路,畅通,30,从珞喻路到喻家山北路,67
2026/4/25 8:59,1,畅通,35.9,100.00%,0.00%,0.00%,鲁磨路,畅通,35,从团山路到珞喻路,243
2026/4/25 9:01,1,畅通,35.4,100.00%,0.00%,0.00%,珞喻路,畅通,45,从珞狮路到喻家湖路,341
2026/4/25 9:01,1,畅通,35.4,100.00%,0.00%,0.00%,珞喻路,畅通,45,从喻家湖路到珞狮路,161
2026/4/25 9:01,1,畅通,35.4,100.00%,0.00%,0.00%,民族大道,畅通,35,从汤逊湖北路到珞喻路,79
2026/4/25 9:01,1,畅通,35.4,100.00%,0.00%,0.00%,民族大道,畅通,38,从珞喻路到大学园路,258
2026/4/25 9:01,1,畅通,35.4,100.00%,0.00%,0.00%,虎泉街,畅通,30,从卓刀泉南路到民族大道,341
2026/4/25 9:01,1,畅通,35.4,100.00%,0.00%,0.00%,虎泉街,畅通,30,从民族大道到卓刀泉南路,160
2026/4/25 9:01,1,畅通,35.4,100.00%,0.00%,0.00%,鲁磨路,畅通,30,从珞喻路到喻家山北路,67
2026/4/25 9:01,1,畅通,35.4,100.00%,0.00%,0.00%,鲁磨路,畅通,30,从团山路到珞喻路,243
2026/4/25 9:03,1,畅通,36.5,100.00%,0.00%,0.00%,珞喻路,畅通,45,从珞狮路到喻家湖路,341
2026/4/25 9:03,1,畅通,36.5,100.00%,0.00%,0.00%,珞喻路,畅通,45,从喻家湖路到珞狮路,161
2026/4/25 9:03,1,畅通,36.5,100.00%,0.00%,0.00%,民族大道,畅通,35,从汤逊湖北路到珞喻路,79
2026/4/25 9:03,1,畅通,36.5,100.00%,0.00%,0.00%,民族大道,畅通,37,从珞喻路到大学园路,258
2026/4/25 9:03,1,畅通,36.5,100.00%,0.00%,0.00%,虎泉街,畅通,35,从卓刀泉南路到民族大道,341
2026/4/25 9:03,1,畅通,36.5,100.00%,0.00%,0.00%,虎泉街,畅通,30,从民族大道到卓刀泉南路,160
2026/4/25 9:03,1,畅通,36.5,100.00%,0.00%,0.00%,鲁磨路,畅通,35,从珞喻路到喻家山北路,67
2026/4/25 9:03,1,畅通,36.5,100.00%,0.00%,0.00%,鲁磨路,畅通,30,从团山路到珞喻路,243
2026/4/25 9:05,1,畅通,35.9,100.00%,0.00%,0.00%,珞喻路,畅通,45,从珞狮路到喻家湖路,341
2026/4/25 9:05,1,畅通,35.9,100.00%,0.00%,0.00%,珞喻路,畅通,45,从喻家湖路到珞狮路,161
2026/4/25 9:05,1,畅通,35.9,100.00%,0.00%,0.00%,民族大道,畅通,35,从汤逊湖北路到珞喻路,79
2026/4/25 9:05,1,畅通,35.9,100.00%,0.00%,0.00%,民族大道,畅通,37,从珞喻路到大学园路,258
2026/4/25 9:05,1,畅通,35.9,100.00%,0.00%,0.00%,虎泉街,畅通,30,从卓刀泉南路到民族大道,341
2026/4/25 9:05,1,畅通,35.9,100.00%,0.00%,0.00%,虎泉街,畅通,30,从民族大道到卓刀泉南路,160
2026/4/25 9:05,1,畅通,35.9,100.00%,0.00%,0.00%,鲁磨路,畅通,35,从珞喻路到喻家山北路,67
2026/4/25 9:05,1,畅通,35.9,100.00%,0.00%,0.00%,鲁磨路,畅通,30,从团山路到珞喻路,243
2026/4/25 9:07,1,畅通,36.5,100.00%,0.00%,0.00%,珞喻路,畅通,45,从珞狮路到喻家湖路,341
2026/4/25 9:07,1,畅通,36.5,100.00%,0.00%,0.00%,珞喻路,畅通,45,从喻家湖路到珞狮路,161
2026/4/25 9:07,1,畅通,36.5,100.00%,0.00%,0.00%,民族大道,畅通,40,从汤逊湖北路到珞喻路,79
2026/4/25 9:07,1,畅通,36.5,100.00%,0.00%,0.00%,民族大道,畅通,37,从珞喻路到大学园路,258
2026/4/25 9:07,1,畅通,36.5,100.00%,0.00%,0.00%,虎泉街,畅通,30,从卓刀泉南路到民族大道,341
2026/4/25 9:07,1,畅通,36.5,100.00%,0.00%,0.00%,虎泉街,畅通,30,从民族大道到卓刀泉南路,160
2026/4/25 9:07,1,畅通,36.5,100.00%,0.00%,0.00%,鲁磨路,畅通,35,从珞喻路到喻家山北路,67
2026/4/25 9:07,1,畅通,36.5,100.00%,0.00%,0.00%,鲁磨路,畅通,30,从团山路到珞喻路,243
2026/4/25 9:09,1,畅通,36.5,100.00%,0.00%,0.00%,珞喻路,畅通,45,从珞狮路到喻家湖路,341
2026/4/25 9:09,1,畅通,36.5,100.00%,0.00%,0.00%,珞喻路,畅通,45,从喻家湖路到珞狮路,161
2026/4/25 9:09,1,畅通,36.5,100.00%,0.00%,0.00%,民族大道,畅通,40,从汤逊湖北路到珞喻路,79
2026/4/25 9:09,1,畅通,36.5,100.00%,0.00%,0.00%,民族大道,畅通,37,从珞喻路到大学园路,258
2026/4/25 9:09,1,畅通,36.5,100.00%,0.00%,0.00%,虎泉街,畅通,30,从卓刀泉南路到民族大道,341
2026/4/25 9:09,1,畅通,36.5,100.00%,0.00%,0.00%,虎泉街,畅通,30,从民族大道到卓刀泉南路,160
2026/4/25 9:09,1,畅通,36.5,100.00%,0.00%,0.00%,鲁磨路,畅通,35,从珞喻路到喻家山北路,67
2026/4/25 9:09,1,畅通,36.5,100.00%,0.00%,0.00%,鲁磨路,畅通,30,从团山路到珞喻路,243
2026/4/25 9:11,1,畅通,37.1,100.00%,0.00%,0.00%,珞喻路,畅通,45,从珞狮路到喻家湖路,341
2026/4/25 9:11,1,畅通,37.1,100.00%,0.00%,0.00%,珞喻路,畅通,45,从喻家湖路到珞狮路,161
2026/4/25 9:11,1,畅通,37.1,100.00%,0.00%,0.00%,民族大道,畅通,35,从汤逊湖北路到珞喻路,79
2026/4/25 9:11,1,畅通,37.1,100.00%,0.00%,0.00%,民族大道,畅通,37,从珞喻路到大学园路,258
2026/4/25 9:11,1,畅通,37.1,100.00%,0.00%,0.00%,虎泉街,畅通,30,从卓刀泉南路到民族大道,341
2026/4/25 9:11,1,畅通,37.1,100.00%,0.00%,0.00%,虎泉街,畅通,30,从民族大道到卓刀泉南路,160
2026/4/25 9:11,1,畅通,37.1,100.00%,0.00%,0.00%,鲁磨路,畅通,35,从珞喻路到喻家山北路,67
2026/4/25 9:11,1,畅通,37.1,100.00%,0.00%,0.00%,鲁磨路,畅通,35,从团山路到珞喻路,243
2026/4/25 9:13,1,畅通,37.1,100.00%,0.00%,0.00%,珞喻路,畅通,45,从珞狮路到喻家湖路,341
2026/4/25 9:13,1,畅通,37.1,100.00%,0.00%,0.00%,珞喻路,畅通,45,从喻家湖路到珞狮路,161
2026/4/25 9:13,1,畅通,37.1,100.00%,0.00%,0.00%,民族大道,畅通,35,从汤逊湖北路到珞喻路,79
2026/4/25 9:13,1,畅通,37.1,100.00%,0.00%,0.00%,民族大道,畅通,37,从珞喻路到大学园路,258
2026/4/25 9:13,1,畅通,37.1,100.00%,0.00%,0.00%,虎泉街,畅通,30,从卓刀泉南路到民族大道,341
2026/4/25 9:13,1,畅通,37.1,100.00%,0.00%,0.00%,虎泉街,畅通,30,从民族大道到卓刀泉南路,160
2026/4/25 9:13,1,畅通,37.1,100.00%,0.00%,0.00%,鲁磨路,畅通,35,从珞喻路到喻家山北路,67
2026/4/25 9:13,1,畅通,37.1,100.00%,0.00%,0.00%,鲁磨路,畅通,35,从团山路到珞喻路,243
2026/4/25 9:15,2,缓行,34.4,87.50%,12.50%,0.00%,珞喻路,畅通,45,从珞狮路到喻家湖路,341
2026/4/25 9:15,2,缓行,34.4,87.50%,12.50%,0.00%,珞喻路,畅通,45,从喻家湖路到珞狮路,161
2026/4/25 9:15,2,缓行,34.4,87.50%,12.50%,0.00%,民族大道,畅通,35,从汤逊湖北路到珞喻路,79
2026/4/25 9:15,2,缓行,34.4,87.50%,12.50%,0.00%,虎泉街,畅通,30,从卓刀泉南路到民族大道,341
2026/4/25 9:15,2,缓行,34.4,87.50%,12.50%,0.00%,虎泉街,畅通,30,从民族大道到卓刀泉南路,160
2026/4/25 9:15,2,缓行,34.4,87.50%,12.50%,0.00%,鲁磨路,畅通,35,从珞喻路到喻家山北路,67
2026/4/25 9:15,2,缓行,34.4,87.50%,12.50%,0.00%,鲁磨路,畅通,30,从团山路到珞喻路,243
2026/4/25 9:17,2,缓行,34.4,87.50%,12.50%,0.00%,珞喻路,畅通,45,从珞狮路到喻家湖路,341
2026/4/25 9:17,2,缓行,34.4,87.50%,12.50%,0.00%,珞喻路,畅通,45,从喻家湖路到珞狮路,161
2026/4/25 9:17,2,缓行,34.4,87.50%,12.50%,0.00%,民族大道,畅通,35,从汤逊湖北路到珞喻路,79
2026/4/25 9:17,2,缓行,34.4,87.50%,12.50%,0.00%,虎泉街,畅通,30,从卓刀泉南路到民族大道,341
2026/4/25 9:17,2,缓行,34.4,87.50%,12.50%,0.00%,虎泉街,畅通,30,从民族大道到卓刀泉南路,160
2026/4/25 9:17,2,缓行,34.4,87.50%,12.50%,0.00%,鲁磨路,畅通,35,从珞喻路到喻家山北路,67
2026/4/25 9:17,2,缓行,34.4,87.50%,12.50%,0.00%,鲁磨路,畅通,30,从团山路到珞喻路,243
2026/4/25 9:19,1,畅通,35.4,100.00%,0.00%,0.00%,珞喻路,畅通,45,从珞狮路到喻家湖路,341
2026/4/25 9:19,1,畅通,35.4,100.00%,0.00%,0.00%,珞喻路,畅通,45,从喻家湖路到珞狮路,161
2026/4/25 9:19,1,畅通,35.4,100.00%,0.00%,0.00%,民族大道,畅通,35,从汤逊湖北路到珞喻路,79
2026/4/25 9:19,1,畅通,35.4,100.00%,0.00%,0.00%,民族大道,畅通,33,从珞喻路到大学园路,258
2026/4/25 9:19,1,畅通,35.4,100.00%,0.00%,0.00%,虎泉街,畅通,30,从卓刀泉南路到民族大道,341
2026/4/25 9:19,1,畅通,35.4,100.00%,0.00%,0.00%,虎泉街,畅通,30,从民族大道到卓刀泉南路,160
2026/4/25 9:19,1,畅通,35.4,100.00%,0.00%,0.00%,鲁磨路,畅通,35,从珞喻路到喻家山北路,67
2026/4/25 9:19,1,畅通,35.4,100.00%,0.00%,0.00%,鲁磨路,畅通,30,从团山路到珞喻路,243
2026/4/25 9:21,1,畅通,35.4,100.00%,0.00%,0.00%,珞喻路,畅通,45,从珞狮路到喻家湖路,341
2026/4/25 9:21,1,畅通,35.4,100.00%,0.00%,0.00%,珞喻路,畅通,45,从喻家湖路到珞狮路,161
2026/4/25 9:21,1,畅通,35.4,100.00%,0.00%,0.00%,民族大道,畅通,35,从汤逊湖北路到珞喻路,79
2026/4/25 9:21,1,畅通,35.4,100.00%,0.00%,0.00%,民族大道,畅通,33,从珞喻路到大学园路,258
2026/4/25 9:21,1,畅通,35.4,100.00%,0.00%,0.00%,虎泉街,畅通,30,从卓刀泉南路到民族大道,341
2026/4/25 9:21,1,畅通,35.4,100.00%,0.00%,0.00%,虎泉街,畅通,30,从民族大道到卓刀泉南路,160
2026/4/25 9:21,1,畅通,35.4,100.00%,0.00%,0.00%,鲁磨路,畅通,35,从珞喻路到喻家山北路,67
2026/4/25 9:21,1,畅通,35.4,100.00%,0.00%,0.00%,鲁磨路,畅通,30,从团山路到珞喻路,243
2026/4/25 9:23,2,缓行,35.2,88.89%,11.11%,0.00%,民族大道,缓行,25,从珞喻路到南湖大道,263
2026/4/25 9:23,2,缓行,35.2,88.89%,11.11%,0.00%,珞喻路,畅通,45,从珞狮路到喻家湖路,341
2026/4/25 9:23,2,缓行,35.2,88.89%,11.11%,0.00%,珞喻路,畅通,45,从喻家湖路到珞狮路,161
2026/4/25 9:23,2,缓行,35.2,88.89%,11.11%,0.00%,民族大道,畅通,35,从汤逊湖北路到珞喻路,79
2026/4/25 9:23,2,缓行,35.2,88.89%,11.11%,0.00%,虎泉街,畅通,30,从卓刀泉南路到民族大道,341
2026/4/25 9:23,2,缓行,35.2,88.89%,11.11%,0.00%,虎泉街,畅通,30,从民族大道到卓刀泉南路,160
2026/4/25 9:23,2,缓行,35.2,88.89%,11.11%,0.00%,鲁磨路,畅通,35,从珞喻路到喻家山北路,67
2026/4/25 9:23,2,缓行,35.2,88.89%,11.11%,0.00%,鲁磨路,畅通,30,从团山路到珞喻路,243
2026/4/25 9:25,2,缓行,35.2,88.89%,11.11%,0.00%,民族大道,缓行,25,从珞喻路到南湖大道,263
2026/4/25 9:25,2,缓行,35.2,88.89%,11.11%,0.00%,珞喻路,畅通,45,从珞狮路到喻家湖路,341
2026/4/25 9:25,2,缓行,35.2,88.89%,11.11%,0.00%,珞喻路,畅通,45,从喻家湖路到珞狮路,161
2026/4/25 9:25,2,缓行,35.2,88.89%,11.11%,0.00%,民族大道,畅通,35,从汤逊湖北路到珞喻路,79
2026/4/25 9:25,2,缓行,35.2,88.89%,11.11%,0.00%,虎泉街,畅通,30,从卓刀泉南路到民族大道,341
2026/4/25 9:25,2,缓行,35.2,88.89%,11.11%,0.00%,虎泉街,畅通,30,从民族大道到卓刀泉南路,160
2026/4/25 9:25,2,缓行,35.2,88.89%,11.11%,0.00%,鲁磨路,畅通,35,从珞喻路到喻家山北路,67
2026/4/25 9:25,2,缓行,35.2,88.89%,11.11%,0.00%,鲁磨路,畅通,30,从团山路到珞喻路,243
2026/4/25 9:27,1,畅通,36.3,100.00%,0.00%,0.00%,珞喻路,畅通,45,从珞狮路到喻家湖路,341
2026/4/25 9:27,1,畅通,36.3,100.00%,0.00%,0.00%,珞喻路,畅通,45,从喻家湖路到珞狮路,161
2026/4/25 9:27,1,畅通,36.3,100.00%,0.00%,0.00%,民族大道,畅通,40,从汤逊湖北路到珞喻路,79
2026/4/25 9:27,1,畅通,36.3,100.00%,0.00%,0.00%,虎泉街,畅通,30,从卓刀泉南路到民族大道,341
2026/4/25 9:27,1,畅通,36.3,100.00%,0.00%,0.00%,虎泉街,畅通,30,从民族大道到卓刀泉南路,160
2026/4/25 9:27,1,畅通,36.3,100.00%,0.00%,0.00%,鲁磨路,畅通,30,从珞喻路到喻家山北路,67
2026/4/25 9:27,1,畅通,36.3,100.00%,0.00%,0.00%,鲁磨路,畅通,35,从团山路到珞喻路,243
2026/4/25 9:29,2,缓行,32.5,87.50%,12.50%,0.00%,珞喻路,畅通,45,从珞狮路到喻家湖路,341
2026/4/25 9:29,2,缓行,32.5,87.50%,12.50%,0.00%,珞喻路,畅通,45,从喻家湖路到珞狮路,161
2026/4/25 9:29,2,缓行,32.5,87.50%,12.50%,0.00%,民族大道,畅通,35,从汤逊湖北路到珞喻路,79
2026/4/25 9:29,2,缓行,32.5,87.50%,12.50%,0.00%,虎泉街,畅通,30,从卓刀泉南路到民族大道,341
2026/4/25 9:29,2,缓行,32.5,87.50%,12.50%,0.00%,虎泉街,畅通,30,从民族大道到卓刀泉南路,160
2026/4/25 9:29,2,缓行,32.5,87.50%,12.50%,0.00%,鲁磨路,畅通,30,从珞喻路到喻家山北路,67
2026/4/25 9:29,2,缓行,32.5,87.50%,12.50%,0.00%,鲁磨路,畅通,30,从团山路到珞喻路,243
2026/4/25 9:31,2,缓行,34.4,87.50%,12.50%,0.00%,珞喻路,畅通,45,从珞狮路到喻家湖路,341
2026/4/25 9:31,2,缓行,34.4,87.50%,12.50%,0.00%,珞喻路,畅通,45,从喻家湖路到珞狮路,161
2026/4/25 9:31,2,缓行,34.4,87.50%,12.50%,0.00%,民族大道,畅通,35,从汤逊湖北路到珞喻路,79
2026/4/25 9:31,2,缓行,34.4,87.50%,12.50%,0.00%,虎泉街,畅通,30,从卓刀泉南路到民族大道,341
2026/4/25 9:31,2,缓行,34.4,87.50%,12.50%,0.00%,虎泉街,畅通,30,从民族大道到卓刀泉南路,160
2026/4/25 9:31,2,缓行,34.4,87.50%,12.50%,0.00%,鲁磨路,畅通,35,从珞喻路到喻家山北路,67
2026/4/25 9:31,2,缓行,34.4,87.50%,12.50%,0.00%,鲁磨路,畅通,30,从团山路到珞喻路,243
2026/4/25 9:33,2,缓行,34.4,87.50%,12.50%,0.00%,珞喻路,畅通,45,从珞狮路到喻家湖路,341
2026/4/25 9:33,2,缓行,34.4,87.50%,12.50%,0.00%,珞喻路,畅通,45,从喻家湖路到珞狮路,161
2026/4/25 9:33,2,缓行,34.4,87.50%,12.50%,0.00%,民族大道,畅通,35,从汤逊湖北路到珞喻路,79
2026/4/25 9:33,2,缓行,34.4,87.50%,12.50%,0.00%,虎泉街,畅通,30,从卓刀泉南路到民族大道,341
2026/4/25 9:33,2,缓行,34.4,87.50%,12.50%,0.00%,虎泉街,畅通,30,从民族大道到卓刀泉南路,160
2026/4/25 9:33,2,缓行,34.4,87.50%,12.50%,0.00%,鲁磨路,畅通,35,从珞喻路到喻家山北路,67
2026/4/25 9:33,2,缓行,34.4,87.50%,12.50%,0.00%,鲁磨路,畅通,30,从团山路到珞喻路,243
2026/4/25 9:35,2,缓行,34.4,87.50%,12.50%,0.00%,珞喻路,畅通,45,从珞狮路到喻家湖路,341
2026/4/25 9:35,2,缓行,34.4,87.50%,12.50%,0.00%,珞喻路,畅通,45,从喻家湖路到珞狮路,161
2026/4/25 9:35,2,缓行,34.4,87.50%,12.50%,0.00%,民族大道,畅通,40,从汤逊湖北路到珞喻路,79
2026/4/25 9:35,2,缓行,34.4,87.50%,12.50%,0.00%,虎泉街,畅通,30,从卓刀泉南路到民族大道,341
2026/4/25 9:35,2,缓行,34.4,87.50%,12.50%,0.00%,虎泉街,畅通,30,从民族大道到卓刀泉南路,160
2026/4/25 9:35,2,缓行,34.4,87.50%,12.50%,0.00%,鲁磨路,畅通,35,从珞喻路到喻家山北路,67
2026/4/25 9:35,2,缓行,34.4,87.50%,12.50%,0.00%,鲁磨路,畅通,30,从团山路到珞喻路,243
2026/4/25 9:37,2,缓行,34.4,87.50%,12.50%,0.00%,珞喻路,畅通,45,从珞狮路到喻家湖路,341
2026/4/25 9:37,2,缓行,34.4,87.50%,12.50%,0.00%,珞喻路,畅通,45,从喻家湖路到珞狮路,161
2026/4/25 9:37,2,缓行,34.4,87.50%,12.50%,0.00%,民族大道,畅通,40,从汤逊湖北路到珞喻路,79
2026/4/25 9:37,2,缓行,34.4,87.50%,12.50%,0.00%,虎泉街,畅通,30,从卓刀泉南路到民族大道,341
2026/4/25 9:37,2,缓行,34.4,87.50%,12.50%,0.00%,虎泉街,畅通,30,从民族大道到卓刀泉南路,160
2026/4/25 9:37,2,缓行,34.4,87.50%,12.50%,0.00%,鲁磨路,畅通,35,从珞喻路到喻家山北路,67
2026/4/25 9:37,2,缓行,34.4,87.50%,12.50%,0.00%,鲁磨路,畅通,30,从团山路到珞喻路,243
2026/4/25 9:39,1,畅通,34.6,100.00%,0.00%,0.00%,珞喻路,畅通,40,从珞狮路到喻家湖路,341
2026/4/25 9:39,1,畅通,34.6,100.00%,0.00%,0.00%,珞喻路,畅通,40,从喻家湖路到珞狮路,161
2026/4/25 9:39,1,畅通,34.6,100.00%,0.00%,0.00%,民族大道,畅通,40,从汤逊湖北路到珞喻路,79
2026/4/25 9:39,1,畅通,34.6,100.00%,0.00%,0.00%,民族大道,畅通,32,从珞喻路到大学园路,258
2026/4/25 9:39,1,畅通,34.6,100.00%,0.00%,0.00%,虎泉街,畅通,30,从卓刀泉南路到民族大道,341
2026/4/25 9:39,1,畅通,34.6,100.00%,0.00%,0.00%,虎泉街,畅通,30,从民族大道到卓刀泉南路,160
2026/4/25 9:39,1,畅通,34.6,100.00%,0.00%,0.00%,鲁磨路,畅通,35,从珞喻路到喻家山北路,67
2026/4/25 9:39,1,畅通,34.6,100.00%,0.00%,0.00%,鲁磨路,畅通,30,从团山路到珞喻路,243
2026/4/25 9:41,2,缓行,33.8,87.50%,12.50%,0.00%,珞喻路,畅通,45,从珞狮路到喻家湖路,341
2026/4/25 9:41,2,缓行,33.8,87.50%,12.50%,0.00%,珞喻路,畅通,45,从喻家湖路到珞狮路,161
2026/4/25 9:41,2,缓行,33.8,87.50%,12.50%,0.00%,民族大道,畅通,35,从汤逊湖北路到珞喻路,79
2026/4/25 9:41,2,缓行,33.8,87.50%,12.50%,0.00%,虎泉街,畅通,30,从卓刀泉南路到民族大道,341
2026/4/25 9:41,2,缓行,33.8,87.50%,12.50%,0.00%,虎泉街,畅通,30,从民族大道到卓刀泉南路,160
2026/4/25 9:41,2,缓行,33.8,87.50%,12.50%,0.00%,鲁磨路,畅通,30,从珞喻路到喻家山北路,67
2026/4/25 9:41,2,缓行,33.8,87.50%,12.50%,0.00%,鲁磨路,畅通,30,从团山路到珞喻路,243
2026/4/25 9:43,1,畅通,35.9,100.00%,0.00%,0.00%,珞喻路,畅通,45,从珞狮路到喻家湖路,341
2026/4/25 9:43,1,畅通,35.9,100.00%,0.00%,0.00%,珞喻路,畅通,45,从喻家湖路到珞狮路,161
2026/4/25 9:43,1,畅通,35.9,100.00%,0.00%,0.00%,民族大道,畅通,40,从汤逊湖北路到珞喻路,79
2026/4/25 9:43,1,畅通,35.9,100.00%,0.00%,0.00%,民族大道,畅通,37,从珞喻路到大学园路,258
2026/4/25 9:43,1,畅通,35.9,100.00%,0.00%,0.00%,虎泉街,畅通,30,从卓刀泉南路到民族大道,341
2026/4/25 9:43,1,畅通,35.9,100.00%,0.00%,0.00%,虎泉街,畅通,30,从民族大道到卓刀泉南路,160
2026/4/25 9:43,1,畅通,35.9,100.00%,0.00%,0.00%,鲁磨路,畅通,30,从珞喻路到喻家山北路,67
2026/4/25 9:43,1,畅通,35.9,100.00%,0.00%,0.00%,鲁磨路,畅通,30,从团山路到珞喻路,243
2026/4/25 9:45,1,畅通,35.2,100.00%,0.00%,0.00%,珞喻路,畅通,45,从珞狮路到喻家湖路,341
2026/4/25 9:45,1,畅通,35.2,100.00%,0.00%,0.00%,珞喻路,畅通,45,从喻家湖路到珞狮路,161
2026/4/25 9:45,1,畅通,35.2,100.00%,0.00%,0.00%,民族大道,畅通,35,从汤逊湖北路到珞喻路,79
2026/4/25 9:45,1,畅通,35.2,100.00%,0.00%,0.00%,民族大道,畅通,37,从珞喻路到大学园路,258
2026/4/25 9:45,1,畅通,35.2,100.00%,0.00%,0.00%,虎泉街,畅通,30,从卓刀泉南路到民族大道,341
2026/4/25 9:45,1,畅通,35.2,100.00%,0.00%,0.00%,虎泉街,畅通,30,从民族大道到卓刀泉南路,160
2026/4/25 9:45,1,畅通,35.2,100.00%,0.00%,0.00%,鲁磨路,畅通,30,从珞喻路到喻家山北路,67
2026/4/25 9:45,1,畅通,35.2,100.00%,0.00%,0.00%,鲁磨路,畅通,30,从团山路到珞喻路,243
2026/4/25 9:47,2,缓行,33.1,87.50%,12.50%,0.00%,珞喻路,畅通,45,从珞狮路到喻家湖路,341
2026/4/25 9:47,2,缓行,33.1,87.50%,12.50%,0.00%,珞喻路,畅通,45,从喻家湖路到珞狮路,161
2026/4/25 9:47,2,缓行,33.1,87.50%,12.50%,0.00%,民族大道,畅通,35,从汤逊湖北路到珞喻路,79
2026/4/25 9:47,2,缓行,33.1,87.50%,12.50%,0.00%,虎泉街,畅通,25,从卓刀泉南路到民族大道,341
2026/4/25 9:47,2,缓行,33.1,87.50%,12.50%,0.00%,虎泉街,畅通,30,从民族大道到卓刀泉南路,160
2026/4/25 9:47,2,缓行,33.1,87.50%,12.50%,0.00%,鲁磨路,畅通,30,从珞喻路到喻家山北路,67
2026/4/25 9:47,2,缓行,33.1,87.50%,12.50%,0.00%,鲁磨路,畅通,30,从团山路到珞喻路,243
2026/4/25 9:49,1,畅通,34.6,100.00%,0.00%,0.00%,珞喻路,畅通,45,从珞狮路到喻家湖路,341
2026/4/25 9:49,1,畅通,34.6,100.00%,0.00%,0.00%,珞喻路,畅通,45,从喻家湖路到珞狮路,161
2026/4/25 9:49,1,畅通,34.6,100.00%,0.00%,0.00%,民族大道,畅通,35,从汤逊湖北路到珞喻路,79
2026/4/25 9:49,1,畅通,34.6,100.00%,0.00%,0.00%,民族大道,畅通,32,从珞喻路到大学园路,258
2026/4/25 9:49,1,畅通,34.6,100.00%,0.00%,0.00%,虎泉街,畅通,30,从卓刀泉南路到民族大道,341
2026/4/25 9:49,1,畅通,34.6,100.00%,0.00%,0.00%,虎泉街,畅通,30,从民族大道到卓刀泉南路,160
2026/4/25 9:49,1,畅通,34.6,100.00%,0.00%,0.00%,鲁磨路,畅通,30,从珞喻路到喻家山北路,67
2026/4/25 9:49,1,畅通,34.6,100.00%,0.00%,0.00%,鲁磨路,畅通,30,从团山路到珞喻路,243
2026/4/25 9:51,1,畅通,34.6,100.00%,0.00%,0.00%,珞喻路,畅通,45,从珞狮路到喻家湖路,341
2026/4/25 9:51,1,畅通,34.6,100.00%,0.00%,0.00%,珞喻路,畅通,45,从喻家湖路到珞狮路,161
2026/4/25 9:51,1,畅通,34.6,100.00%,0.00%,0.00%,民族大道,畅通,35,从汤逊湖北路到珞喻路,79
2026/4/25 9:51,1,畅通,34.6,100.00%,0.00%,0.00%,民族大道,畅通,32,从珞喻路到大学园路,258
2026/4/25 9:51,1,畅通,34.6,100.00%,0.00%,0.00%,虎泉街,畅通,30,从卓刀泉南路到民族大道,341
2026/4/25 9:51,1,畅通,34.6,100.00%,0.00%,0.00%,虎泉街,畅通,30,从民族大道到卓刀泉南路,160
2026/4/25 9:51,1,畅通,34.6,100.00%,0.00%,0.00%,鲁磨路,畅通,30,从珞喻路到喻家山北路,67
2026/4/25 9:51,1,畅通,34.6,100.00%,0.00%,0.00%,鲁磨路,畅通,30,从团山路到珞喻路,243
2026/4/25 9:53,1,畅通,35.2,100.00%,0.00%,0.00%,珞喻路,畅通,45,从珞狮路到喻家湖路,341
2026/4/25 9:53,1,畅通,35.2,100.00%,0.00%,0.00%,珞喻路,畅通,45,从喻家湖路到珞狮路,161
2026/4/25 9:53,1,畅通,35.2,100.00%,0.00%,0.00%,民族大道,畅通,35,从汤逊湖北路到珞喻路,79
2026/4/25 9:53,1,畅通,35.2,100.00%,0.00%,0.00%,民族大道,畅通,32,从珞喻路到大学园路,258
2026/4/25 9:53,1,畅通,35.2,100.00%,0.00%,0.00%,虎泉街,畅通,30,从卓刀泉南路到民族大道,341
2026/4/25 9:53,1,畅通,35.2,100.00%,0.00%,0.00%,虎泉街,畅通,30,从民族大道到卓刀泉南路,160
2026/4/25 9:53,1,畅通,35.2,100.00%,0.00%,0.00%,鲁磨路,畅通,30,从珞喻路到喻家山北路,67
2026/4/25 9:53,1,畅通,35.2,100.00%,0.00%,0.00%,鲁磨路,畅通,35,从团山路到珞喻路,243
2026/4/25 9:55,1,畅通,35.2,100.00%,0.00%,0.00%,珞喻路,畅通,45,从珞狮路到喻家湖路,341
2026/4/25 9:55,1,畅通,35.2,100.00%,0.00%,0.00%,珞喻路,畅通,45,从喻家湖路到珞狮路,161
2026/4/25 9:55,1,畅通,35.2,100.00%,0.00%,0.00%,民族大道,畅通,35,从汤逊湖北路到珞喻路,79
2026/4/25 9:55,1,畅通,35.2,100.00%,0.00%,0.00%,民族大道,畅通,37,从珞喻路到大学园路,258
2026/4/25 9:55,1,畅通,35.2,100.00%,0.00%,0.00%,虎泉街,畅通,30,从卓刀泉南路到民族大道,341
2026/4/25 9:55,1,畅通,35.2,100.00%,0.00%,0.00%,虎泉街,畅通,30,从民族大道到卓刀泉南路,160
2026/4/25 9:55,1,畅通,35.2,100.00%,0.00%,0.00%,鲁磨路,畅通,30,从珞喻路到喻家山北路,67
2026/4/25 9:55,1,畅通,35.2,100.00%,0.00%,0.00%,鲁磨路,畅通,30,从团山路到珞喻路,243
2026/4/25 9:57,2,缓行,38.2,88.89%,11.11%,0.00%,珞喻路,畅通,45,从珞狮路到喻家湖路,341
2026/4/25 9:57,2,缓行,38.2,88.89%,11.11%,0.00%,珞喻路,畅通,45,从喻家湖路到珞狮路,161
2026/4/25 9:57,2,缓行,38.2,88.89%,11.11%,0.00%,民族大道,畅通,35,从汤逊湖北路到珞喻路,79
2026/4/25 9:57,2,缓行,38.2,88.89%,11.11%,0.00%,虎泉街,畅通,30,从卓刀泉南路到民族大道,341
2026/4/25 9:57,2,缓行,38.2,88.89%,11.11%,0.00%,虎泉街,畅通,30,从民族大道到卓刀泉南路,160
2026/4/25 9:57,2,缓行,38.2,88.89%,11.11%,0.00%,鲁磨路,畅通,25,从珞喻路到喻家山北路,67
2026/4/25 9:57,2,缓行,38.2,88.89%,11.11%,0.00%,鲁磨路,畅通,30,从团山路到珞喻路,243
2026/4/25 9:59,2,缓行,38.2,88.89%,11.11%,0.00%,珞喻路,畅通,45,从珞狮路到喻家湖路,341
2026/4/25 9:59,2,缓行,38.2,88.89%,11.11%,0.00%,珞喻路,畅通,45,从喻家湖路到珞狮路,161
2026/4/25 9:59,2,缓行,38.2,88.89%,11.11%,0.00%,民族大道,畅通,35,从汤逊湖北路到珞喻路,79
2026/4/25 9:59,2,缓行,38.2,88.89%,11.11%,0.00%,虎泉街,畅通,30,从卓刀泉南路到民族大道,341
2026/4/25 9:59,2,缓行,38.2,88.89%,11.11%,0.00%,虎泉街,畅通,30,从民族大道到卓刀泉南路,160
2026/4/25 9:59,2,缓行,38.2,88.89%,11.11%,0.00%,鲁磨路,畅通,25,从珞喻路到喻家山北路,67
2026/4/25 9:59,2,缓行,38.2,88.89%,11.11%,0.00%,鲁磨路,畅通,30,从团山路到珞喻路,243
2026/4/25 10:01,2,缓行,33.1,87.50%,12.50%,0.00%,珞喻路,畅通,45,从珞狮路到喻家湖路,341
2026/4/25 10:01,2,缓行,33.1,87.50%,12.50%,0.00%,珞喻路,畅通,45,从喻家湖路到珞狮路,161
2026/4/25 10:01,2,缓行,33.1,87.50%,12.50%,0.00%,民族大道,畅通,35,从汤逊湖北路到珞喻路,79
2026/4/25 10:01,2,缓行,33.1,87.50%,12.50%,0.00%,虎泉街,畅通,30,从卓刀泉南路到民族大道,341
2026/4/25 10:01,2,缓行,33.1,87.50%,12.50%,0.00%,虎泉街,畅通,30,从民族大道到卓刀泉南路,160
2026/4/25 10:01,2,缓行,33.1,87.50%,12.50%,0.00%,鲁磨路,畅通,30,从珞喻路到喻家山北路,67
2026/4/25 10:01,2,缓行,33.1,87.50%,12.50%,0.00%,鲁磨路,畅通,30,从团山路到珞喻路,243
2026/4/25 11:52,2,缓行,35,77.78%,22.22%,0.00%,珞喻路,畅通,40,从珞狮路到喻家湖路,341
2026/4/25 11:52,2,缓行,35,77.78%,22.22%,0.00%,珞喻路,畅通,45,从喻家湖路到珞狮路,161
2026/4/25 11:52,2,缓行,35,77.78%,22.22%,0.00%,民族大道,畅通,50,从雄楚大道到珞喻路,83
2026/4/25 11:52,2,缓行,35,77.78%,22.22%,0.00%,虎泉街,畅通,50,从雄楚大道到民族大道,2
2026/4/25 11:52,2,缓行,35,77.78%,22.22%,0.00%,虎泉街,畅通,30,从民族大道到卓刀泉南路,160
2026/4/25 11:52,2,缓行,35,77.78%,22.22%,0.00%,鲁磨路,畅通,25,从珞喻路到喻家山北路,67
2026/4/25 11:52,2,缓行,35,77.78%,22.22%,0.00%,鲁磨路,畅通,35,从团山路到珞喻路,243
2026/4/25 11:52,2,缓行,35,77.78%,22.22%,0.00%,珞喻路,畅通,40,从珞狮路到喻家湖路,341
2026/4/25 11:52,2,缓行,35,77.78%,22.22%,0.00%,珞喻路,畅通,45,从喻家湖路到珞狮路,161
2026/4/25 11:52,2,缓行,35,77.78%,22.22%,0.00%,民族大道,畅通,50,从雄楚大道到珞喻路,83
2026/4/25 11:52,2,缓行,35,77.78%,22.22%,0.00%,虎泉街,畅通,50,从雄楚大道到民族大道,2
2026/4/25 11:52,2,缓行,35,77.78%,22.22%,0.00%,虎泉街,畅通,30,从民族大道到卓刀泉南路,160
2026/4/25 11:52,2,缓行,35,77.78%,22.22%,0.00%,鲁磨路,畅通,25,从珞喻路到喻家山北路,67
2026/4/25 11:52,2,缓行,35,77.78%,22.22%,0.00%,鲁磨路,畅通,35,从团山路到珞喻路,243
2026/4/25 11:54,2,缓行,32.8,77.78%,22.22%,0.00%,珞喻路,畅通,45,从珞狮路到喻家湖路,341
2026/4/25 11:54,2,缓行,32.8,77.78%,22.22%,0.00%,珞喻路,畅通,45,从喻家湖路到珞狮路,161
2026/4/25 11:54,2,缓行,32.8,77.78%,22.22%,0.00%,民族大道,畅通,50,从雄楚大道到珞喻路,83
2026/4/25 11:54,2,缓行,32.8,77.78%,22.22%,0.00%,虎泉街,畅通,25,从卓刀泉南路到民族大道,341
2026/4/25 11:54,2,缓行,32.8,77.78%,22.22%,0.00%,虎泉街,畅通,30,从民族大道到卓刀泉南路,160
2026/4/25 11:54,2,缓行,32.8,77.78%,22.22%,0.00%,鲁磨路,畅通,25,从珞喻路到喻家山北路,67
2026/4/25 11:54,2,缓行,32.8,77.78%,22.22%,0.00%,鲁磨路,畅通,35,从团山路到珞喻路,243
2026/4/25 11:56,2,缓行,31.7,77.78%,22.22%,0.00%,珞喻路,畅通,40,从珞狮路到喻家湖路,341
2026/4/25 11:56,2,缓行,31.7,77.78%,22.22%,0.00%,珞喻路,畅通,45,从喻家湖路到珞狮路,161
2026/4/25 11:56,2,缓行,31.7,77.78%,22.22%,0.00%,民族大道,畅通,50,从雄楚大道到珞喻路,83
2026/4/25 11:56,2,缓行,31.7,77.78%,22.22%,0.00%,虎泉街,畅通,25,从卓刀泉南路到民族大道,341
2026/4/25 11:56,2,缓行,31.7,77.78%,22.22%,0.00%,虎泉街,畅通,30,从民族大道到卓刀泉南路,160
2026/4/25 11:56,2,缓行,31.7,77.78%,22.22%,0.00%,鲁磨路,畅通,25,从珞喻路到喻家山北路,67
2026/4/25 11:56,2,缓行,31.7,77.78%,22.22%,0.00%,鲁磨路,畅通,30,从团山路到珞喻路,243
2026/4/25 11:58,2,缓行,31.7,77.78%,22.22%,0.00%,珞喻路,畅通,40,从珞狮路到喻家湖路,341
2026/4/25 11:58,2,缓行,31.7,77.78%,22.22%,0.00%,珞喻路,畅通,40,从喻家湖路到珞狮路,161
2026/4/25 11:58,2,缓行,31.7,77.78%,22.22%,0.00%,民族大道,畅通,50,从雄楚大道到珞喻路,83
2026/4/25 11:58,2,缓行,31.7,77.78%,22.22%,0.00%,虎泉街,畅通,30,从卓刀泉南路到民族大道,341
2026/4/25 11:58,2,缓行,31.7,77.78%,22.22%,0.00%,虎泉街,畅通,30,从民族大道到卓刀泉南路,160
2026/4/25 11:58,2,缓行,31.7,77.78%,22.22%,0.00%,鲁磨路,畅通,25,从珞喻路到喻家山北路,67
2026/4/25 11:58,2,缓行,31.7,77.78%,22.22%,0.00%,鲁磨路,畅通,30,从团山路到珞喻路,243
2026/4/25 12:00,2,缓行,33.3,77.78%,22.22%,0.00%,珞喻路,畅通,40,从珞狮路到喻家湖路,341
2026/4/25 12:00,2,缓行,33.3,77.78%,22.22%,0.00%,珞喻路,畅通,45,从喻家湖路到珞狮路,161
2026/4/25 12:00,2,缓行,33.3,77.78%,22.22%,0.00%,民族大道,畅通,50,从雄楚大道到珞喻路,83
2026/4/25 12:00,2,缓行,33.3,77.78%,22.22%,0.00%,虎泉街,畅通,30,从卓刀泉南路到民族大道,341
2026/4/25 12:00,2,缓行,33.3,77.78%,22.22%,0.00%,虎泉街,畅通,30,从民族大道到卓刀泉南路,160
2026/4/25 12:00,2,缓行,33.3,77.78%,22.22%,0.00%,鲁磨路,畅通,25,从珞喻路到喻家山北路,67
2026/4/25 12:00,2,缓行,33.3,77.78%,22.22%,0.00%,鲁磨路,畅通,30,从团山路到珞喻路,243
2026/4/25 12:02,2,缓行,36.1,88.89%,11.11%,0.00%,珞喻路,畅通,40,从珞狮路到喻家湖路,341
2026/4/25 12:02,2,缓行,36.1,88.89%,11.11%,0.00%,珞喻路,畅通,45,从喻家湖路到珞狮路,161
2026/4/25 12:02,2,缓行,36.1,88.89%,11.11%,0.00%,民族大道,畅通,50,从雄楚大道到珞喻路,83
2026/4/25 12:02,2,缓行,36.1,88.89%,11.11%,0.00%,民族大道,畅通,30,从珞喻路到南湖大道,263
2026/4/25 12:02,2,缓行,36.1,88.89%,11.11%,0.00%,虎泉街,畅通,50,从雄楚大道到民族大道,2
2026/4/25 12:02,2,缓行,36.1,88.89%,11.11%,0.00%,虎泉街,畅通,30,从民族大道到卓刀泉南路,160
2026/4/25 12:02,2,缓行,36.1,88.89%,11.11%,0.00%,鲁磨路,畅通,25,从珞喻路到喻家山北路,67
2026/4/25 12:02,2,缓行,36.1,88.89%,11.11%,0.00%,鲁磨路,畅通,30,从团山路到珞喻路,243
2026/4/25 12:04,2,缓行,35,77.78%,22.22%,0.00%,珞喻路,畅通,40,从珞狮路到喻家湖路,341
2026/4/25 12:04,2,缓行,35,77.78%,22.22%,0.00%,珞喻路,畅通,45,从喻家湖路到珞狮路,161
2026/4/25 12:04,2,缓行,35,77.78%,22.22%,0.00%,民族大道,畅通,50,从雄楚大道到珞喻路,83
2026/4/25 12:04,2,缓行,35,77.78%,22.22%,0.00%,虎泉街,畅通,50,从雄楚大道到民族大道,2
2026/4/25 12:04,2,缓行,35,77.78%,22.22%,0.00%,虎泉街,畅通,30,从民族大道到卓刀泉南路,160
2026/4/25 12:04,2,缓行,35,77.78%,22.22%,0.00%,鲁磨路,畅通,25,从珞喻路到喻家山北路,67
2026/4/25 12:04,2,缓行,35,77.78%,22.22%,0.00%,鲁磨路,畅通,30,从团山路到珞喻路,243
2026/4/25 12:06,2,缓行,34.5,80.00%,20.00%,0.00%,珞喻路,畅通,35,从珞狮路到喻家湖路,341
2026/4/25 12:06,2,缓行,34.5,80.00%,20.00%,0.00%,珞喻路,畅通,45,从喻家湖路到珞狮路,161
2026/4/25 12:06,2,缓行,34.5,80.00%,20.00%,0.00%,民族大道,畅通,50,从雄楚大道到珞喻路,83
2026/4/25 12:06,2,缓行,34.5,80.00%,20.00%,0.00%,虎泉街,畅通,50,从雄楚大道到民族大道,2
2026/4/25 12:06,2,缓行,34.5,80.00%,20.00%,0.00%,虎泉街,畅通,30,从民族大道到卓刀泉南路,160
2026/4/25 12:06,2,缓行,34.5,80.00%,20.00%,0.00%,鲁磨路,畅通,30,从珞喻路到喻家山北路,66
2026/4/25 12:06,2,缓行,34.5,80.00%,20.00%,0.00%,鲁磨路,畅通,30,从团山路到珞喻路,243
2026/4/25 12:08,2,缓行,34.5,80.00%,20.00%,0.00%,珞喻路,畅通,35,从珞狮路到喻家湖路,341
2026/4/25 12:08,2,缓行,34.5,80.00%,20.00%,0.00%,珞喻路,畅通,45,从喻家湖路到珞狮路,161
2026/4/25 12:08,2,缓行,34.5,80.00%,20.00%,0.00%,民族大道,畅通,50,从雄楚大道到珞喻路,83
2026/4/25 12:08,2,缓行,34.5,80.00%,20.00%,0.00%,虎泉街,畅通,50,从雄楚大道到民族大道,2
2026/4/25 12:08,2,缓行,34.5,80.00%,20.00%,0.00%,虎泉街,畅通,30,从民族大道到卓刀泉南路,160
2026/4/25 12:08,2,缓行,34.5,80.00%,20.00%,0.00%,鲁磨路,畅通,30,从珞喻路到喻家山北路,66
2026/4/25 12:08,2,缓行,34.5,80.00%,20.00%,0.00%,鲁磨路,畅通,30,从团山路到珞喻路,243
2026/4/25 12:10,2,缓行,33.9,88.89%,11.11%,0.00%,珞喻路,畅通,40,从珞狮路到喻家湖路,341
2026/4/25 12:10,2,缓行,33.9,88.89%,11.11%,0.00%,珞喻路,畅通,45,从喻家湖路到珞狮路,161
2026/4/25 12:10,2,缓行,33.9,88.89%,11.11%,0.00%,民族大道,畅通,35,从汤逊湖北路到珞喻路,79
2026/4/25 12:10,2,缓行,33.9,88.89%,11.11%,0.00%,民族大道,畅通,30,从珞喻路到南湖大道,263
2026/4/25 12:10,2,缓行,33.9,88.89%,11.11%,0.00%,虎泉街,畅通,50,从雄楚大道到民族大道,2
2026/4/25 12:10,2,缓行,33.9,88.89%,11.11%,0.00%,虎泉街,畅通,30,从民族大道到卓刀泉南路,160
2026/4/25 12:10,2,缓行,33.9,88.89%,11.11%,0.00%,鲁磨路,畅通,25,从珞喻路到喻家山北路,66
2026/4/25 12:10,2,缓行,33.9,88.89%,11.11%,0.00%,鲁磨路,畅通,30,从团山路到珞喻路,243
2026/4/25 12:12,2,缓行,33.9,88.89%,11.11%,0.00%,珞喻路,畅通,40,从珞狮路到喻家湖路,341
2026/4/25 12:12,2,缓行,33.9,88.89%,11.11%,0.00%,珞喻路,畅通,45,从喻家湖路到珞狮路,161
2026/4/25 12:12,2,缓行,33.9,88.89%,11.11%,0.00%,民族大道,畅通,35,从汤逊湖北路到珞喻路,79
2026/4/25 12:12,2,缓行,33.9,88.89%,11.11%,0.00%,民族大道,畅通,30,从珞喻路到南湖大道,263
2026/4/25 12:12,2,缓行,33.9,88.89%,11.11%,0.00%,虎泉街,畅通,50,从雄楚大道到民族大道,2
2026/4/25 12:12,2,缓行,33.9,88.89%,11.11%,0.00%,虎泉街,畅通,30,从民族大道到卓刀泉南路,160
2026/4/25 12:12,2,缓行,33.9,88.89%,11.11%,0.00%,鲁磨路,畅通,25,从珞喻路到喻家山北路,66
2026/4/25 12:12,2,缓行,33.9,88.89%,11.11%,0.00%,鲁磨路,畅通,30,从团山路到珞喻路,243
2026/4/25 12:14,2,缓行,33.3,77.78%,22.22%,0.00%,珞喻路,畅通,40,从珞狮路到喻家湖路,341
2026/4/25 12:14,2,缓行,33.3,77.78%,22.22%,0.00%,珞喻路,畅通,45,从喻家湖路到珞狮路,161
2026/4/25 12:14,2,缓行,33.3,77.78%,22.22%,0.00%,民族大道,畅通,35,从汤逊湖北路到珞喻路,79
2026/4/25 12:14,2,缓行,33.3,77.78%,22.22%,0.00%,虎泉街,畅通,50,从雄楚大道到民族大道,2
2026/4/25 12:14,2,缓行,33.3,77.78%,22.22%,0.00%,虎泉街,畅通,30,从民族大道到卓刀泉南路,160
2026/4/25 12:14,2,缓行,33.3,77.78%,22.22%,0.00%,鲁磨路,畅通,25,从珞喻路到喻家山北路,66
2026/4/25 12:14,2,缓行,33.3,77.78%,22.22%,0.00%,鲁磨路,畅通,30,从团山路到珞喻路,243
2026/4/25 12:16,2,缓行,33.9,77.78%,22.22%,0.00%,珞喻路,畅通,40,从珞狮路到喻家湖路,341
2026/4/25 12:16,2,缓行,33.9,77.78%,22.22%,0.00%,珞喻路,畅通,45,从喻家湖路到珞狮路,161
2026/4/25 12:16,2,缓行,33.9,77.78%,22.22%,0.00%,民族大道,畅通,35,从汤逊湖北路到珞喻路,79
2026/4/25 12:16,2,缓行,33.9,77.78%,22.22%,0.00%,虎泉街,畅通,50,从雄楚大道到民族大道,2
2026/4/25 12:16,2,缓行,33.9,77.78%,22.22%,0.00%,虎泉街,畅通,30,从民族大道到卓刀泉南路,160
2026/4/25 12:16,2,缓行,33.9,77.78%,22.22%,0.00%,鲁磨路,畅通,30,从珞喻路到喻家山北路,66
2026/4/25 12:16,2,缓行,33.9,77.78%,22.22%,0.00%,鲁磨路,畅通,30,从团山路到珞喻路,243
2026/4/25 12:18,1,畅通,35.6,100.00%,0.00%,0.00%,珞喻路,畅通,40,从珞狮路到喻家湖路,341
2026/4/25 12:18,1,畅通,35.6,100.00%,0.00%,0.00%,珞喻路,畅通,45,从喻家湖路到珞狮路,161
2026/4/25 12:18,1,畅通,35.6,100.00%,0.00%,0.00%,民族大道,畅通,35,从汤逊湖北路到珞喻路,79
2026/4/25 12:18,1,畅通,35.6,100.00%,0.00%,0.00%,民族大道,畅通,30,从珞喻路到南湖大道,263
2026/4/25 12:18,1,畅通,35.6,100.00%,0.00%,0.00%,虎泉街,畅通,50,从雄楚大道到民族大道,2
2026/4/25 12:18,1,畅通,35.6,100.00%,0.00%,0.00%,虎泉街,畅通,30,从民族大道到卓刀泉南路,160
2026/4/25 12:18,1,畅通,35.6,100.00%,0.00%,0.00%,鲁磨路,畅通,25,从珞喻路到喻家山北路,67
2026/4/25 12:18,1,畅通,35.6,100.00%,0.00%,0.00%,鲁磨路,畅通,30,从团山路到珞喻路,243
2026/4/25 12:20,2,缓行,34.4,88.89%,11.11%,0.00%,珞喻路,畅通,40,从珞狮路到喻家湖路,341
2026/4/25 12:20,2,缓行,34.4,88.89%,11.11%,0.00%,珞喻路,畅通,45,从喻家湖路到珞狮路,161
2026/4/25 12:20,2,缓行,34.4,88.89%,11.11%,0.00%,民族大道,畅通,35,从汤逊湖北路到珞喻路,79
2026/4/25 12:20,2,缓行,34.4,88.89%,11.11%,0.00%,民族大道,畅通,35,从珞喻路到南湖大道,263
2026/4/25 12:20,2,缓行,34.4,88.89%,11.11%,0.00%,虎泉街,畅通,50,从雄楚大道到民族大道,2
2026/4/25 12:20,2,缓行,34.4,88.89%,11.11%,0.00%,虎泉街,畅通,30,从民族大道到卓刀泉南路,160
2026/4/25 12:20,2,缓行,34.4,88.89%,11.11%,0.00%,鲁磨路,畅通,25,从珞喻路到喻家山北路,66
2026/4/25 12:20,2,缓行,34.4,88.89%,11.11%,0.00%,鲁磨路,畅通,30,从团山路到珞喻路,243
2026/4/25 12:22,2,缓行,34.4,88.89%,11.11%,0.00%,珞喻路,畅通,40,从珞狮路到喻家湖路,341
2026/4/25 12:22,2,缓行,34.4,88.89%,11.11%,0.00%,珞喻路,畅通,45,从喻家湖路到珞狮路,161
2026/4/25 12:22,2,缓行,34.4,88.89%,11.11%,0.00%,民族大道,畅通,35,从汤逊湖北路到珞喻路,79
2026/4/25 12:22,2,缓行,34.4,88.89%,11.11%,0.00%,民族大道,畅通,35,从珞喻路到南湖大道,263
2026/4/25 12:22,2,缓行,34.4,88.89%,11.11%,0.00%,虎泉街,畅通,50,从雄楚大道到民族大道,2
2026/4/25 12:22,2,缓行,34.4,88.89%,11.11%,0.00%,虎泉街,畅通,30,从民族大道到卓刀泉南路,160
2026/4/25 12:22,2,缓行,34.4,88.89%,11.11%,0.00%,鲁磨路,畅通,25,从珞喻路到喻家山北路,66
2026/4/25 12:22,2,缓行,34.4,88.89%,11.11%,0.00%,鲁磨路,畅通,30,从团山路到珞喻路,243
2026/4/25 12:24,2,缓行,34,88.89%,11.11%,0.00%,珞喻路,畅通,40,从珞狮路到喻家湖路,341
2026/4/25 12:24,2,缓行,34,88.89%,11.11%,0.00%,珞喻路,畅通,45,从喻家湖路到珞狮路,161
2026/4/25 12:24,2,缓行,34,88.89%,11.11%,0.00%,民族大道,畅通,35,从汤逊湖北路到珞喻路,79
2026/4/25 12:24,2,缓行,34,88.89%,11.11%,0.00%,民族大道,畅通,36,从珞喻路到大学园路,258
2026/4/25 12:24,2,缓行,34,88.89%,11.11%,0.00%,虎泉街,畅通,50,从雄楚大道到民族大道,2
2026/4/25 12:24,2,缓行,34,88.89%,11.11%,0.00%,虎泉街,畅通,30,从民族大道到卓刀泉南路,160
2026/4/25 12:24,2,缓行,34,88.89%,11.11%,0.00%,鲁磨路,畅通,25,从珞喻路到喻家山北路,66
2026/4/25 12:24,2,缓行,34,88.89%,11.11%,0.00%,鲁磨路,畅通,30,从团山路到珞喻路,243
2026/4/25 12:26,2,缓行,36.1,88.89%,11.11%,0.00%,珞喻路,畅通,40,从珞狮路到喻家湖路,341
2026/4/25 12:26,2,缓行,36.1,88.89%,11.11%,0.00%,珞喻路,畅通,45,从喻家湖路到珞狮路,161
2026/4/25 12:26,2,缓行,36.1,88.89%,11.11%,0.00%,民族大道,畅通,50,从雄楚大道到珞喻路,83
2026/4/25 12:26,2,缓行,36.1,88.89%,11.11%,0.00%,民族大道,畅通,35,从珞喻路到南湖大道,263
2026/4/25 12:26,2,缓行,36.1,88.89%,11.11%,0.00%,虎泉街,畅通,50,从雄楚大道到民族大道,2
2026/4/25 12:26,2,缓行,36.1,88.89%,11.11%,0.00%,虎泉街,畅通,25,从民族大道到卓刀泉南路,160
2026/4/25 12:26,2,缓行,36.1,88.89%,11.11%,0.00%,鲁磨路,畅通,30,从珞喻路到喻家山北路,66
2026/4/25 12:26,2,缓行,36.1,88.89%,11.11%,0.00%,鲁磨路,畅通,30,从团山路到珞喻路,243
2026/4/25 12:28,1,畅通,36.2,100.00%,0.00%,0.00%,珞喻路,畅通,40,从珞狮路到喻家湖路,341
2026/4/25 12:28,1,畅通,36.2,100.00%,0.00%,0.00%,珞喻路,畅通,45,从喻家湖路到珞狮路,161
2026/4/25 12:28,1,畅通,36.2,100.00%,0.00%,0.00%,民族大道,畅通,35,从汤逊湖北路到珞喻路,79
2026/4/25 12:28,1,畅通,36.2,100.00%,0.00%,0.00%,民族大道,畅通,35,从珞喻路到南湖大道,263
2026/4/25 12:28,1,畅通,36.2,100.00%,0.00%,0.00%,虎泉街,畅通,50,从雄楚大道到民族大道,2
2026/4/25 12:28,1,畅通,36.2,100.00%,0.00%,0.00%,虎泉街,畅通,30,从民族大道到卓刀泉南路,160
2026/4/25 12:28,1,畅通,36.2,100.00%,0.00%,0.00%,鲁磨路,畅通,25,从珞喻路到喻家山北路,67
2026/4/25 12:28,1,畅通,36.2,100.00%,0.00%,0.00%,鲁磨路,畅通,30,从团山路到珞喻路,243
2026/4/25 12:30,1,畅通,37.6,100.00%,0.00%,0.00%,珞喻路,畅通,40,从珞狮路到喻家湖路,341
2026/4/25 12:30,1,畅通,37.6,100.00%,0.00%,0.00%,珞喻路,畅通,45,从喻家湖路到珞狮路,161
2026/4/25 12:30,1,畅通,37.6,100.00%,0.00%,0.00%,民族大道,畅通,50,从雄楚大道到珞喻路,83
2026/4/25 12:30,1,畅通,37.6,100.00%,0.00%,0.00%,民族大道,畅通,36,从珞喻路到大学园路,258
2026/4/25 12:30,1,畅通,37.6,100.00%,0.00%,0.00%,虎泉街,畅通,50,从雄楚大道到民族大道,2
2026/4/25 12:30,1,畅通,37.6,100.00%,0.00%,0.00%,虎泉街,畅通,25,从民族大道到卓刀泉南路,160
2026/4/25 12:30,1,畅通,37.6,100.00%,0.00%,0.00%,鲁磨路,畅通,25,从珞喻路到喻家山北路,67
2026/4/25 12:30,1,畅通,37.6,100.00%,0.00%,0.00%,鲁磨路,畅通,30,从团山路到珞喻路,243
2026/4/25 16:44,1,畅通,32.9,100.00%,0.00%,0.00%,珞喻路,畅通,40,从珞狮路到喻家湖路,341
2026/4/25 16:44,1,畅通,32.9,100.00%,0.00%,0.00%,珞喻路,畅通,40,从喻家湖路到珞狮路,161
2026/4/25 16:44,1,畅通,32.9,100.00%,0.00%,0.00%,民族大道,畅通,30,从汤逊湖北路到珞喻路,79
2026/4/25 16:44,1,畅通,32.9,100.00%,0.00%,0.00%,民族大道,畅通,33,从珞喻路到大学园路,258
2026/4/25 16:44,1,畅通,32.9,100.00%,0.00%,0.00%,虎泉街,畅通,30,从卓刀泉南路到民族大道,341
2026/4/25 16:44,1,畅通,32.9,100.00%,0.00%,0.00%,虎泉街,畅通,30,从民族大道到卓刀泉南路,160
2026/4/25 16:44,1,畅通,32.9,100.00%,0.00%,0.00%,鲁磨路,畅通,30,从珞喻路到喻家山北路,67
2026/4/25 16:44,1,畅通,32.9,100.00%,0.00%,0.00%,鲁磨路,畅通,30,从团山路到珞喻路,243
2026/4/25 16:44,1,畅通,32.8,100.00%,0.00%,0.00%,珞喻路,畅通,40,从珞狮路到喻家湖路,341
2026/4/25 16:44,1,畅通,32.8,100.00%,0.00%,0.00%,珞喻路,畅通,40,从喻家湖路到珞狮路,161
2026/4/25 16:44,1,畅通,32.8,100.00%,0.00%,0.00%,民族大道,畅通,30,从汤逊湖北路到珞喻路,79
2026/4/25 16:44,1,畅通,32.8,100.00%,0.00%,0.00%,民族大道,畅通,37,从珞喻路到大学园路,258
2026/4/25 16:44,1,畅通,32.8,100.00%,0.00%,0.00%,虎泉街,畅通,30,从卓刀泉南路到民族大道,341
2026/4/25 16:44,1,畅通,32.8,100.00%,0.00%,0.00%,虎泉街,畅通,30,从民族大道到卓刀泉南路,160
2026/4/25 16:44,1,畅通,32.8,100.00%,0.00%,0.00%,鲁磨路,畅通,25,从珞喻路到喻家山北路,67
2026/4/25 16:44,1,畅通,32.8,100.00%,0.00%,0.00%,鲁磨路,畅通,30,从团山路到珞喻路,243
2026/4/25 16:46,1,畅通,35.8,100.00%,0.00%,0.00%,珞喻路,畅通,40,从珞狮路到喻家湖路,341
2026/4/25 16:46,1,畅通,35.8,100.00%,0.00%,0.00%,珞喻路,畅通,40,从喻家湖路到珞狮路,161
2026/4/25 16:46,1,畅通,35.8,100.00%,0.00%,0.00%,民族大道,畅通,35,从汤逊湖北路到珞喻路,79
2026/4/25 16:46,1,畅通,35.8,100.00%,0.00%,0.00%,民族大道,畅通,36,从珞喻路到大学园路,258
2026/4/25 16:46,1,畅通,35.8,100.00%,0.00%,0.00%,虎泉街,畅通,50,从雄楚大道到民族大道,2
2026/4/25 16:46,1,畅通,35.8,100.00%,0.00%,0.00%,虎泉街,畅通,30,从民族大道到卓刀泉南路,160
2026/4/25 16:46,1,畅通,35.8,100.00%,0.00%,0.00%,鲁磨路,畅通,25,从珞喻路到喻家山北路,67
2026/4/25 16:46,1,畅通,35.8,100.00%,0.00%,0.00%,鲁磨路,畅通,30,从团山路到珞喻路,243
2026/4/25 16:48,1,畅通,35.8,100.00%,0.00%,0.00%,珞喻路,畅通,40,从珞狮路到喻家湖路,341
2026/4/25 16:48,1,畅通,35.8,100.00%,0.00%,0.00%,珞喻路,畅通,40,从喻家湖路到珞狮路,161
2026/4/25 16:48,1,畅通,35.8,100.00%,0.00%,0.00%,民族大道,畅通,35,从汤逊湖北路到珞喻路,79
2026/4/25 16:48,1,畅通,35.8,100.00%,0.00%,0.00%,民族大道,畅通,36,从珞喻路到大学园路,258
2026/4/25 16:48,1,畅通,35.8,100.00%,0.00%,0.00%,虎泉街,畅通,50,从雄楚大道到民族大道,2
2026/4/25 16:48,1,畅通,35.8,100.00%,0.00%,0.00%,虎泉街,畅通,30,从民族大道到卓刀泉南路,160
2026/4/25 16:48,1,畅通,35.8,100.00%,0.00%,0.00%,鲁磨路,畅通,25,从珞喻路到喻家山北路,67
2026/4/25 16:48,1,畅通,35.8,100.00%,0.00%,0.00%,鲁磨路,畅通,30,从团山路到珞喻路,243
2026/4/25 16:50,1,畅通,33.9,100.00%,0.00%,0.00%,珞喻路,畅通,40,从珞狮路到喻家湖路,341
2026/4/25 16:50,1,畅通,33.9,100.00%,0.00%,0.00%,珞喻路,畅通,45,从喻家湖路到珞狮路,161
2026/4/25 16:50,1,畅通,33.9,100.00%,0.00%,0.00%,民族大道,畅通,35,从汤逊湖北路到珞喻路,79
2026/4/25 16:50,1,畅通,33.9,100.00%,0.00%,0.00%,民族大道,畅通,36,从珞喻路到大学园路,258
2026/4/25 16:50,1,畅通,33.9,100.00%,0.00%,0.00%,虎泉街,畅通,30,从卓刀泉南路到民族大道,341
2026/4/25 16:50,1,畅通,33.9,100.00%,0.00%,0.00%,虎泉街,畅通,30,从民族大道到卓刀泉南路,160
2026/4/25 16:50,1,畅通,33.9,100.00%,0.00%,0.00%,鲁磨路,畅通,25,从珞喻路到喻家山北路,67
2026/4/25 16:50,1,畅通,33.9,100.00%,0.00%,0.00%,鲁磨路,畅通,30,从团山路到珞喻路,243
2026/4/25 16:52,1,畅通,33.1,100.00%,0.00%,0.00%,珞喻路,畅通,40,从珞狮路到喻家湖路,341
2026/4/25 16:52,1,畅通,33.1,100.00%,0.00%,0.00%,珞喻路,畅通,45,从喻家湖路到珞狮路,161
2026/4/25 16:52,1,畅通,33.1,100.00%,0.00%,0.00%,民族大道,畅通,30,从汤逊湖北路到珞喻路,79
2026/4/25 16:52,1,畅通,33.1,100.00%,0.00%,0.00%,民族大道,畅通,35,从珞喻路到大学园路,258
2026/4/25 16:52,1,畅通,33.1,100.00%,0.00%,0.00%,虎泉街,畅通,30,从卓刀泉南路到民族大道,341
2026/4/25 16:52,1,畅通,33.1,100.00%,0.00%,0.00%,虎泉街,畅通,30,从民族大道到卓刀泉南路,160
2026/4/25 16:52,1,畅通,33.1,100.00%,0.00%,0.00%,鲁磨路,畅通,25,从珞喻路到喻家山北路,67
2026/4/25 16:52,1,畅通,33.1,100.00%,0.00%,0.00%,鲁磨路,畅通,30,从团山路到珞喻路,243
2026/4/25 16:54,1,畅通,33.1,100.00%,0.00%,0.00%,珞喻路,畅通,40,从珞狮路到喻家湖路,341
2026/4/25 16:54,1,畅通,33.1,100.00%,0.00%,0.00%,珞喻路,畅通,45,从喻家湖路到珞狮路,161
2026/4/25 16:54,1,畅通,33.1,100.00%,0.00%,0.00%,民族大道,畅通,30,从汤逊湖北路到珞喻路,79
2026/4/25 16:54,1,畅通,33.1,100.00%,0.00%,0.00%,民族大道,畅通,35,从珞喻路到大学园路,258
2026/4/25 16:54,1,畅通,33.1,100.00%,0.00%,0.00%,虎泉街,畅通,30,从卓刀泉南路到民族大道,341
2026/4/25 16:54,1,畅通,33.1,100.00%,0.00%,0.00%,虎泉街,畅通,30,从民族大道到卓刀泉南路,160
2026/4/25 16:54,1,畅通,33.1,100.00%,0.00%,0.00%,鲁磨路,畅通,25,从珞喻路到喻家山北路,67
2026/4/25 16:54,1,畅通,33.1,100.00%,0.00%,0.00%,鲁磨路,畅通,30,从团山路到珞喻路,243
2026/4/25 16:56,2,缓行,31.2,87.50%,12.50%,0.00%,民族大道,缓行,25,从珞喻路到南湖大道,263
2026/4/25 16:56,2,缓行,31.2,87.50%,12.50%,0.00%,珞喻路,畅通,40,从珞狮路到喻家湖路,341
2026/4/25 16:56,2,缓行,31.2,87.50%,12.50%,0.00%,珞喻路,畅通,40,从喻家湖路到珞狮路,161
2026/4/25 16:56,2,缓行,31.2,87.50%,12.50%,0.00%,民族大道,畅通,30,从汤逊湖北路到珞喻路,79
2026/4/25 16:56,2,缓行,31.2,87.50%,12.50%,0.00%,虎泉街,畅通,30,从卓刀泉南路到民族大道,341
2026/4/25 16:56,2,缓行,31.2,87.50%,12.50%,0.00%,虎泉街,畅通,30,从民族大道到卓刀泉南路,160
2026/4/25 16:56,2,缓行,31.2,87.50%,12.50%,0.00%,鲁磨路,畅通,25,从珞喻路到喻家山北路,67
2026/4/25 16:56,2,缓行,31.2,87.50%,12.50%,0.00%,鲁磨路,畅通,30,从团山路到珞喻路,243
2026/4/25 16:58,2,缓行,32.5,87.50%,12.50%,0.00%,民族大道,缓行,25,从珞喻路到南湖大道,263
2026/4/25 16:58,2,缓行,32.5,87.50%,12.50%,0.00%,珞喻路,畅通,40,从珞狮路到喻家湖路,341
2026/4/25 16:58,2,缓行,32.5,87.50%,12.50%,0.00%,珞喻路,畅通,40,从喻家湖路到珞狮路,161
2026/4/25 16:58,2,缓行,32.5,87.50%,12.50%,0.00%,虎泉街,畅通,30,从卓刀泉南路到民族大道,341
2026/4/25 16:58,2,缓行,32.5,87.50%,12.50%,0.00%,虎泉街,畅通,30,从民族大道到卓刀泉南路,160
2026/4/25 16:58,2,缓行,32.5,87.50%,12.50%,0.00%,鲁磨路,畅通,30,从珞喻路到喻家山北路,67
2026/4/25 16:58,2,缓行,32.5,87.50%,12.50%,0.00%,鲁磨路,畅通,30,从团山路到珞喻路,243
2026/4/25 17:00,1,畅通,35.4,100.00%,0.00%,0.00%,珞喻路,畅通,40,从珞狮路到喻家湖路,341
2026/4/25 17:00,1,畅通,35.4,100.00%,0.00%,0.00%,珞喻路,畅通,45,从喻家湖路到珞狮路,161
2026/4/25 17:00,1,畅通,35.4,100.00%,0.00%,0.00%,民族大道,畅通,30,从汤逊湖北路到珞喻路,79
2026/4/25 17:00,1,畅通,35.4,100.00%,0.00%,0.00%,民族大道,畅通,33,从珞喻路到大学园路,258
2026/4/25 17:00,1,畅通,35.4,100.00%,0.00%,0.00%,虎泉街,畅通,50,从雄楚大道到民族大道,2
2026/4/25 17:00,1,畅通,35.4,100.00%,0.00%,0.00%,虎泉街,畅通,30,从民族大道到卓刀泉南路,160
2026/4/25 17:00,1,畅通,35.4,100.00%,0.00%,0.00%,鲁磨路,畅通,25,从珞喻路到喻家山北路,67
2026/4/25 17:00,1,畅通,35.4,100.00%,0.00%,0.00%,鲁磨路,畅通,30,从团山路到珞喻路,243
2026/4/25 17:02,1,畅通,35.4,100.00%,0.00%,0.00%,珞喻路,畅通,40,从珞狮路到喻家湖路,341
2026/4/25 17:02,1,畅通,35.4,100.00%,0.00%,0.00%,珞喻路,畅通,45,从喻家湖路到珞狮路,161
2026/4/25 17:02,1,畅通,35.4,100.00%,0.00%,0.00%,民族大道,畅通,30,从汤逊湖北路到珞喻路,79
2026/4/25 17:02,1,畅通,35.4,100.00%,0.00%,0.00%,民族大道,畅通,33,从珞喻路到大学园路,258
2026/4/25 17:02,1,畅通,35.4,100.00%,0.00%,0.00%,虎泉街,畅通,50,从雄楚大道到民族大道,2
2026/4/25 17:02,1,畅通,35.4,100.00%,0.00%,0.00%,虎泉街,畅通,30,从民族大道到卓刀泉南路,160
2026/4/25 17:02,1,畅通,35.4,100.00%,0.00%,0.00%,鲁磨路,畅通,25,从珞喻路到喻家山北路,67
2026/4/25 17:02,1,畅通,35.4,100.00%,0.00%,0.00%,鲁磨路,畅通,30,从团山路到珞喻路,243
2026/4/25 17:04,1,畅通,36.6,100.00%,0.00%,0.00%,珞喻路,畅通,40,从珞狮路到喻家湖路,341
2026/4/25 17:04,1,畅通,36.6,100.00%,0.00%,0.00%,珞喻路,畅通,40,从喻家湖路到珞狮路,161
2026/4/25 17:04,1,畅通,36.6,100.00%,0.00%,0.00%,民族大道,畅通,50,从雄楚大道到珞喻路,83
2026/4/25 17:04,1,畅通,36.6,100.00%,0.00%,0.00%,民族大道,畅通,33,从珞喻路到大学园路,258
2026/4/25 17:04,1,畅通,36.6,100.00%,0.00%,0.00%,虎泉街,畅通,50,从雄楚大道到民族大道,2
2026/4/25 17:04,1,畅通,36.6,100.00%,0.00%,0.00%,虎泉街,畅通,30,从民族大道到卓刀泉南路,160
2026/4/25 17:04,1,畅通,36.6,100.00%,0.00%,0.00%,鲁磨路,畅通,25,从珞喻路到喻家山北路,67
2026/4/25 17:04,1,畅通,36.6,100.00%,0.00%,0.00%,鲁磨路,畅通,25,从团山路到珞喻路,243
2026/4/25 17:06,1,畅通,36.6,100.00%,0.00%,0.00%,珞喻路,畅通,40,从珞狮路到喻家湖路,341
2026/4/25 17:06,1,畅通,36.6,100.00%,0.00%,0.00%,珞喻路,畅通,40,从喻家湖路到珞狮路,161
2026/4/25 17:06,1,畅通,36.6,100.00%,0.00%,0.00%,民族大道,畅通,50,从雄楚大道到珞喻路,83
2026/4/25 17:06,1,畅通,36.6,100.00%,0.00%,0.00%,民族大道,畅通,33,从珞喻路到大学园路,258
2026/4/25 17:06,1,畅通,36.6,100.00%,0.00%,0.00%,虎泉街,畅通,50,从雄楚大道到民族大道,2
2026/4/25 17:06,1,畅通,36.6,100.00%,0.00%,0.00%,虎泉街,畅通,30,从民族大道到卓刀泉南路,160
2026/4/25 17:06,1,畅通,36.6,100.00%,0.00%,0.00%,鲁磨路,畅通,25,从珞喻路到喻家山北路,67
2026/4/25 17:06,1,畅通,36.6,100.00%,0.00%,0.00%,鲁磨路,畅通,25,从团山路到珞喻路,243
2026/4/25 17:08,2,缓行,29.4,87.50%,12.50%,0.00%,珞喻路,畅通,40,从珞狮路到喻家湖路,341
2026/4/25 17:08,2,缓行,29.4,87.50%,12.50%,0.00%,珞喻路,畅通,40,从喻家湖路到珞狮路,161
2026/4/25 17:08,2,缓行,29.4,87.50%,12.50%,0.00%,虎泉街,畅通,30,从卓刀泉南路到民族大道,341
2026/4/25 17:08,2,缓行,29.4,87.50%,12.50%,0.00%,虎泉街,畅通,25,从民族大道到卓刀泉南路,160
2026/4/25 17:08,2,缓行,29.4,87.50%,12.50%,0.00%,鲁磨路,畅通,25,从珞喻路到喻家山北路,67
2026/4/25 17:08,2,缓行,29.4,87.50%,12.50%,0.00%,鲁磨路,畅通,25,从团山路到珞喻路,243
2026/4/25 17:10,2,缓行,32.5,87.50%,12.50%,0.00%,民族大道,缓行,25,从珞喻路到南湖大道,263
2026/4/25 17:10,2,缓行,32.5,87.50%,12.50%,0.00%,珞喻路,畅通,40,从珞狮路到喻家湖路,341
2026/4/25 17:10,2,缓行,32.5,87.50%,12.50%,0.00%,珞喻路,畅通,40,从喻家湖路到珞狮路,161
2026/4/25 17:10,2,缓行,32.5,87.50%,12.50%,0.00%,民族大道,畅通,50,从雄楚大道到珞喻路,83
2026/4/25 17:10,2,缓行,32.5,87.50%,12.50%,0.00%,虎泉街,畅通,25,从卓刀泉南路到民族大道,341
2026/4/25 17:10,2,缓行,32.5,87.50%,12.50%,0.00%,虎泉街,畅通,25,从民族大道到卓刀泉南路,160
2026/4/25 17:10,2,缓行,32.5,87.50%,12.50%,0.00%,鲁磨路,畅通,25,从珞喻路到喻家山北路,67
2026/4/25 17:10,2,缓行,32.5,87.50%,12.50%,0.00%,鲁磨路,畅通,30,从团山路到珞喻路,243
2026/4/25 17:12,2,缓行,33.1,87.50%,12.50%,0.00%,民族大道,缓行,25,从珞喻路到南湖大道,263
2026/4/25 17:12,2,缓行,33.1,87.50%,12.50%,0.00%,珞喻路,畅通,40,从珞狮路到喻家湖路,341
2026/4/25 17:12,2,缓行,33.1,87.50%,12.50%,0.00%,珞喻路,畅通,40,从喻家湖路到珞狮路,161
2026/4/25 17:12,2,缓行,33.1,87.50%,12.50%,0.00%,民族大道,畅通,50,从雄楚大道到珞喻路,83
2026/4/25 17:12,2,缓行,33.1,87.50%,12.50%,0.00%,虎泉街,畅通,25,从卓刀泉南路到民族大道,341
2026/4/25 17:12,2,缓行,33.1,87.50%,12.50%,0.00%,虎泉街,畅通,30,从民族大道到卓刀泉南路,160
2026/4/25 17:12,2,缓行,33.1,87.50%,12.50%,0.00%,鲁磨路,畅通,25,从珞喻路到喻家山北路,67
2026/4/25 17:12,2,缓行,33.1,87.50%,12.50%,0.00%,鲁磨路,畅通,30,从团山路到珞喻路,243
2026/4/25 17:14,2,缓行,36.2,87.50%,12.50%,0.00%,民族大道,缓行,25,从珞喻路到南湖大道,263
2026/4/25 17:14,2,缓行,36.2,87.50%,12.50%,0.00%,珞喻路,畅通,40,从珞狮路到喻家湖路,341
2026/4/25 17:14,2,缓行,36.2,87.50%,12.50%,0.00%,珞喻路,畅通,40,从喻家湖路到珞狮路,161
2026/4/25 17:14,2,缓行,36.2,87.50%,12.50%,0.00%,民族大道,畅通,50,从雄楚大道到珞喻路,83
2026/4/25 17:14,2,缓行,36.2,87.50%,12.50%,0.00%,虎泉街,畅通,50,从雄楚大道到民族大道,2
2026/4/25 17:14,2,缓行,36.2,87.50%,12.50%,0.00%,虎泉街,畅通,30,从民族大道到卓刀泉南路,160
2026/4/25 17:14,2,缓行,36.2,87.50%,12.50%,0.00%,鲁磨路,畅通,25,从珞喻路到喻家山北路,67
2026/4/25 17:14,2,缓行,36.2,87.50%,12.50%,0.00%,鲁磨路,畅通,30,从团山路到珞喻路,243
2026/4/25 17:16,1,畅通,32.5,100.00%,0.00%,0.00%,珞喻路,畅通,40,从珞狮路到喻家湖路,341
2026/4/25 17:16,1,畅通,32.5,100.00%,0.00%,0.00%,珞喻路,畅通,40,从喻家湖路到珞狮路,161
2026/4/25 17:16,1,畅通,32.5,100.00%,0.00%,0.00%,民族大道,畅通,50,从雄楚大道到珞喻路,83
2026/4/25 17:16,1,畅通,32.5,100.00%,0.00%,0.00%,虎泉街,畅通,25,从卓刀泉南路到民族大道,341
2026/4/25 17:16,1,畅通,32.5,100.00%,0.00%,0.00%,虎泉街,畅通,25,从民族大道到卓刀泉南路,160
2026/4/25 17:16,1,畅通,32.5,100.00%,0.00%,0.00%,鲁磨路,畅通,25,从珞喻路到喻家山北路,67
2026/4/25 17:16,1,畅通,32.5,100.00%,0.00%,0.00%,鲁磨路,畅通,25,从团山路到珞喻路,243
2026/4/25 17:18,2,缓行,32.8,77.78%,22.22%,0.00%,民族大道,缓行,25,从珞喻路到南湖大道,263
2026/4/25 17:18,2,缓行,32.8,77.78%,22.22%,0.00%,珞喻路,畅通,40,从珞狮路到喻家湖路,341
2026/4/25 17:18,2,缓行,32.8,77.78%,22.22%,0.00%,珞喻路,畅通,40,从喻家湖路到珞狮路,161
2026/4/25 17:18,2,缓行,32.8,77.78%,22.22%,0.00%,民族大道,畅通,30,从汤逊湖北路到珞喻路,79
2026/4/25 17:18,2,缓行,32.8,77.78%,22.22%,0.00%,虎泉街,畅通,50,从雄楚大道到民族大道,2
2026/4/25 17:18,2,缓行,32.8,77.78%,22.22%,0.00%,虎泉街,畅通,30,从民族大道到卓刀泉南路,160
2026/4/25 17:18,2,缓行,32.8,77.78%,22.22%,0.00%,鲁磨路,畅通,30,从珞喻路到喻家山北路,66
2026/4/25 17:18,2,缓行,32.8,77.78%,22.22%,0.00%,鲁磨路,畅通,30,从团山路到珞喻路,243
2026/4/25 17:20,2,缓行,33.1,75.00%,25.00%,0.00%,民族大道,缓行,20,从珞喻路到南湖大道,263
2026/4/25 17:20,2,缓行,33.1,75.00%,25.00%,0.00%,珞喻路,畅通,35,从珞狮路到喻家湖路,341
2026/4/25 17:20,2,缓行,33.1,75.00%,25.00%,0.00%,珞喻路,畅通,40,从喻家湖路到珞狮路,161
2026/4/25 17:20,2,缓行,33.1,75.00%,25.00%,0.00%,民族大道,畅通,50,从雄楚大道到珞喻路,83
2026/4/25 17:20,2,缓行,33.1,75.00%,25.00%,0.00%,虎泉街,畅通,50,从雄楚大道到民族大道,2
2026/4/25 17:20,2,缓行,33.1,75.00%,25.00%,0.00%,鲁磨路,畅通,20,从珞喻路到喻家山北路,67
2026/4/25 17:20,2,缓行,33.1,75.00%,25.00%,0.00%,鲁磨路,畅通,25,从团山路到珞喻路,243
2026/4/25 17:22,2,缓行,36.2,87.50%,12.50%,0.00%,民族大道,缓行,25,从珞喻路到南湖大道,263
2026/4/25 17:22,2,缓行,36.2,87.50%,12.50%,0.00%,珞喻路,畅通,40,从珞狮路到喻家湖路,341
2026/4/25 17:22,2,缓行,36.2,87.50%,12.50%,0.00%,珞喻路,畅通,40,从喻家湖路到珞狮路,161
2026/4/25 17:22,2,缓行,36.2,87.50%,12.50%,0.00%,民族大道,畅通,50,从雄楚大道到珞喻路,83
2026/4/25 17:22,2,缓行,36.2,87.50%,12.50%,0.00%,虎泉街,畅通,50,从雄楚大道到民族大道,2
2026/4/25 17:22,2,缓行,36.2,87.50%,12.50%,0.00%,虎泉街,畅通,30,从民族大道到卓刀泉南路,160
2026/4/25 17:22,2,缓行,36.2,87.50%,12.50%,0.00%,鲁磨路,畅通,25,从珞喻路到喻家山北路,67
2026/4/25 17:22,2,缓行,36.2,87.50%,12.50%,0.00%,鲁磨路,畅通,30,从团山路到珞喻路,243
2026/4/25 17:24,2,缓行,35,87.50%,12.50%,0.00%,民族大道,缓行,25,从珞喻路到南湖大道,263
2026/4/25 17:24,2,缓行,35,87.50%,12.50%,0.00%,珞喻路,畅通,35,从珞狮路到喻家湖路,341
2026/4/25 17:24,2,缓行,35,87.50%,12.50%,0.00%,珞喻路,畅通,40,从喻家湖路到珞狮路,161
2026/4/25 17:24,2,缓行,35,87.50%,12.50%,0.00%,民族大道,畅通,50,从雄楚大道到珞喻路,83
2026/4/25 17:24,2,缓行,35,87.50%,12.50%,0.00%,虎泉街,畅通,50,从雄楚大道到民族大道,2
2026/4/25 17:24,2,缓行,35,87.50%,12.50%,0.00%,虎泉街,畅通,30,从民族大道到卓刀泉南路,160
2026/4/25 17:24,2,缓行,35,87.50%,12.50%,0.00%,鲁磨路,畅通,25,从珞喻路到喻家山北路,67
2026/4/25 17:24,2,缓行,35,87.50%,12.50%,0.00%,鲁磨路,畅通,25,从团山路到珞喻路,243
2026/4/25 17:26,2,缓行,31.9,87.50%,12.50%,0.00%,民族大道,缓行,25,从珞喻路到南湖大道,263
2026/4/25 17:26,2,缓行,31.9,87.50%,12.50%,0.00%,珞喻路,畅通,40,从珞狮路到喻家湖路,341
2026/4/25 17:26,2,缓行,31.9,87.50%,12.50%,0.00%,珞喻路,畅通,45,从喻家湖路到珞狮路,161
2026/4/25 17:26,2,缓行,31.9,87.50%,12.50%,0.00%,民族大道,畅通,50,从雄楚大道到珞喻路,83
2026/4/25 17:26,2,缓行,31.9,87.50%,12.50%,0.00%,虎泉街,畅通,25,从卓刀泉南路到民族大道,341
2026/4/25 17:26,2,缓行,31.9,87.50%,12.50%,0.00%,虎泉街,畅通,25,从民族大道到卓刀泉南路,160
2026/4/25 17:26,2,缓行,31.9,87.50%,12.50%,0.00%,鲁磨路,畅通,20,从珞喻路到喻家山北路,67
2026/4/25 17:26,2,缓行,31.9,87.50%,12.50%,0.00%,鲁磨路,畅通,25,从团山路到珞喻路,243
2026/4/25 17:28,2,缓行,36.9,87.50%,12.50%,0.00%,珞喻路,畅通,35,从珞狮路到喻家湖路,341
2026/4/25 17:28,2,缓行,36.9,87.50%,12.50%,0.00%,珞喻路,畅通,45,从喻家湖路到珞狮路,161
2026/4/25 17:28,2,缓行,36.9,87.50%,12.50%,0.00%,民族大道,畅通,50,从雄楚大道到珞喻路,83
2026/4/25 17:28,2,缓行,36.9,87.50%,12.50%,0.00%,民族大道,畅通,35,从珞喻路到大学园路,258
2026/4/25 17:28,2,缓行,36.9,87.50%,12.50%,0.00%,虎泉街,畅通,50,从雄楚大道到民族大道,2
2026/4/25 17:28,2,缓行,36.9,87.50%,12.50%,0.00%,鲁磨路,畅通,25,从珞喻路到喻家山北路,67
2026/4/25 17:28,2,缓行,36.9,87.50%,12.50%,0.00%,鲁磨路,畅通,30,从团山路到珞喻路,243
2026/4/25 17:30,2,缓行,36.9,87.50%,12.50%,0.00%,珞喻路,畅通,35,从珞狮路到喻家湖路,341
2026/4/25 17:30,2,缓行,36.9,87.50%,12.50%,0.00%,珞喻路,畅通,45,从喻家湖路到珞狮路,161
2026/4/25 17:30,2,缓行,36.9,87.50%,12.50%,0.00%,民族大道,畅通,50,从雄楚大道到珞喻路,83
2026/4/25 17:30,2,缓行,36.9,87.50%,12.50%,0.00%,民族大道,畅通,35,从珞喻路到大学园路,258
2026/4/25 17:30,2,缓行,36.9,87.50%,12.50%,0.00%,虎泉街,畅通,50,从雄楚大道到民族大道,2
2026/4/25 17:30,2,缓行,36.9,87.50%,12.50%,0.00%,鲁磨路,畅通,25,从珞喻路到喻家山北路,67
2026/4/25 17:30,2,缓行,36.9,87.50%,12.50%,0.00%,鲁磨路,畅通,30,从团山路到珞喻路,243
2026/4/25 17:32,2,缓行,31.1,88.89%,11.11%,0.00%,珞喻路,畅通,35,从珞狮路到喻家湖路,341
2026/4/25 17:32,2,缓行,31.1,88.89%,11.11%,0.00%,珞喻路,畅通,40,从喻家湖路到珞狮路,161
2026/4/25 17:32,2,缓行,31.1,88.89%,11.11%,0.00%,民族大道,畅通,30,从汤逊湖北路到珞喻路,79
2026/4/25 17:32,2,缓行,31.1,88.89%,11.11%,0.00%,虎泉街,畅通,30,从卓刀泉南路到民族大道,341
2026/4/25 17:32,2,缓行,31.1,88.89%,11.11%,0.00%,虎泉街,畅通,30,从民族大道到卓刀泉南路,160
2026/4/25 17:32,2,缓行,31.1,88.89%,11.11%,0.00%,鲁磨路,畅通,25,从珞喻路到喻家山北路,67
2026/4/25 17:32,2,缓行,31.1,88.89%,11.11%,0.00%,鲁磨路,畅通,30,从团山路到珞喻路,243
2026/4/25 17:34,2,缓行,31.1,88.89%,11.11%,0.00%,珞喻路,畅通,35,从珞狮路到喻家湖路,341
2026/4/25 17:34,2,缓行,31.1,88.89%,11.11%,0.00%,珞喻路,畅通,40,从喻家湖路到珞狮路,161
2026/4/25 17:34,2,缓行,31.1,88.89%,11.11%,0.00%,民族大道,畅通,30,从汤逊湖北路到珞喻路,79
2026/4/25 17:34,2,缓行,31.1,88.89%,11.11%,0.00%,虎泉街,畅通,30,从卓刀泉南路到民族大道,341
2026/4/25 17:34,2,缓行,31.1,88.89%,11.11%,0.00%,虎泉街,畅通,30,从民族大道到卓刀泉南路,160
2026/4/25 17:34,2,缓行,31.1,88.89%,11.11%,0.00%,鲁磨路,畅通,25,从珞喻路到喻家山北路,67
2026/4/25 17:34,2,缓行,31.1,88.89%,11.11%,0.00%,鲁磨路,畅通,30,从团山路到珞喻路,243
2026/4/25 17:36,2,缓行,34.4,75.00%,25.00%,0.00%,珞喻路,畅通,40,从珞狮路到喻家湖路,341
2026/4/25 17:36,2,缓行,34.4,75.00%,25.00%,0.00%,珞喻路,畅通,40,从喻家湖路到珞狮路,161
2026/4/25 17:36,2,缓行,34.4,75.00%,25.00%,0.00%,民族大道,畅通,50,从雄楚大道到珞喻路,83
2026/4/25 17:36,2,缓行,34.4,75.00%,25.00%,0.00%,虎泉街,畅通,50,从雄楚大道到民族大道,2
2026/4/25 17:36,2,缓行,34.4,75.00%,25.00%,0.00%,鲁磨路,畅通,25,从珞喻路到喻家山北路,67
2026/4/25 17:36,2,缓行,34.4,75.00%,25.00%,0.00%,鲁磨路,畅通,30,从团山路到珞喻路,243
2026/4/25 17:38,2,缓行,33.9,77.78%,22.22%,0.00%,珞喻路,畅通,35,从珞狮路到喻家湖路,341
2026/4/25 17:38,2,缓行,33.9,77.78%,22.22%,0.00%,珞喻路,畅通,45,从喻家湖路到珞狮路,161
2026/4/25 17:38,2,缓行,33.9,77.78%,22.22%,0.00%,民族大道,畅通,50,从雄楚大道到珞喻路,83
2026/4/25 17:38,2,缓行,33.9,77.78%,22.22%,0.00%,民族大道,畅通,30,从珞喻路到南湖大道,263
2026/4/25 17:38,2,缓行,33.9,77.78%,22.22%,0.00%,虎泉街,畅通,50,从雄楚大道到民族大道,2
2026/4/25 17:38,2,缓行,33.9,77.78%,22.22%,0.00%,鲁磨路,畅通,30,从珞喻路到喻家山北路,66
2026/4/25 17:38,2,缓行,33.9,77.78%,22.22%,0.00%,鲁磨路,畅通,30,从团山路到珞喻路,243
2026/4/25 17:40,2,缓行,33.9,77.78%,22.22%,0.00%,珞喻路,畅通,35,从珞狮路到喻家湖路,341
2026/4/25 17:40,2,缓行,33.9,77.78%,22.22%,0.00%,珞喻路,畅通,45,从喻家湖路到珞狮路,161
2026/4/25 17:40,2,缓行,33.9,77.78%,22.22%,0.00%,民族大道,畅通,50,从雄楚大道到珞喻路,83
2026/4/25 17:40,2,缓行,33.9,77.78%,22.22%,0.00%,民族大道,畅通,30,从珞喻路到南湖大道,263
2026/4/25 17:40,2,缓行,33.9,77.78%,22.22%,0.00%,虎泉街,畅通,50,从雄楚大道到民族大道,2
2026/4/25 17:40,2,缓行,33.9,77.78%,22.22%,0.00%,鲁磨路,畅通,30,从珞喻路到喻家山北路,66
2026/4/25 17:40,2,缓行,33.9,77.78%,22.22%,0.00%,鲁磨路,畅通,30,从团山路到珞喻路,243
2026/4/25 17:42,2,缓行,32.8,88.89%,11.11%,0.00%,珞喻路,畅通,35,从珞狮路到喻家湖路,341
2026/4/25 17:42,2,缓行,32.8,88.89%,11.11%,0.00%,珞喻路,畅通,45,从喻家湖路到珞狮路,161
2026/4/25 17:42,2,缓行,32.8,88.89%,11.11%,0.00%,民族大道,畅通,30,从珞喻路到南湖大道,263
2026/4/25 17:42,2,缓行,32.8,88.89%,11.11%,0.00%,虎泉街,畅通,50,从雄楚大道到民族大道,2
2026/4/25 17:42,2,缓行,32.8,88.89%,11.11%,0.00%,虎泉街,畅通,25,从民族大道到卓刀泉南路,160
2026/4/25 17:42,2,缓行,32.8,88.89%,11.11%,0.00%,鲁磨路,畅通,25,从珞喻路到喻家山北路,66
2026/4/25 17:42,2,缓行,32.8,88.89%,11.11%,0.00%,鲁磨路,畅通,30,从团山路到珞喻路,243
2026/4/25 17:44,2,缓行,32.8,77.78%,22.22%,0.00%,珞喻路,畅通,35,从珞狮路到喻家湖路,341
2026/4/25 17:44,2,缓行,32.8,77.78%,22.22%,0.00%,珞喻路,畅通,45,从喻家湖路到珞狮路,161
2026/4/25 17:44,2,缓行,32.8,77.78%,22.22%,0.00%,虎泉街,畅通,50,从雄楚大道到民族大道,2
2026/4/25 17:44,2,缓行,32.8,77.78%,22.22%,0.00%,虎泉街,畅通,30,从民族大道到卓刀泉南路,160
2026/4/25 17:44,2,缓行,32.8,77.78%,22.22%,0.00%,鲁磨路,畅通,25,从珞喻路到喻家山北路,66
2026/4/25 17:44,2,缓行,32.8,77.78%,22.22%,0.00%,鲁磨路,畅通,30,从团山路到珞喻路,243
2026/4/25 17:46,2,缓行,33.8,87.50%,12.50%,0.00%,珞喻路,畅通,35,从珞狮路到喻家湖路,341
2026/4/25 17:46,2,缓行,33.8,87.50%,12.50%,0.00%,珞喻路,畅通,40,从喻家湖路到珞狮路,161
2026/4/25 17:46,2,缓行,33.8,87.50%,12.50%,0.00%,虎泉街,畅通,50,从雄楚大道到民族大道,2
2026/4/25 17:46,2,缓行,33.8,87.50%,12.50%,0.00%,虎泉街,畅通,30,从民族大道到卓刀泉南路,160
2026/4/25 17:46,2,缓行,33.8,87.50%,12.50%,0.00%,鲁磨路,畅通,25,从珞喻路到喻家山北路,67
2026/4/25 17:46,2,缓行,33.8,87.50%,12.50%,0.00%,鲁磨路,畅通,30,从团山路到珞喻路,243
2026/4/25 17:48,2,缓行,32.2,77.78%,22.22%,0.00%,珞喻路,畅通,35,从珞狮路到喻家湖路,341
2026/4/25 17:48,2,缓行,32.2,77.78%,22.22%,0.00%,珞喻路,畅通,40,从喻家湖路到珞狮路,161
2026/4/25 17:48,2,缓行,32.2,77.78%,22.22%,0.00%,虎泉街,畅通,50,从雄楚大道到民族大道,2
2026/4/25 17:48,2,缓行,32.2,77.78%,22.22%,0.00%,虎泉街,畅通,30,从民族大道到卓刀泉南路,160
2026/4/25 17:48,2,缓行,32.2,77.78%,22.22%,0.00%,鲁磨路,畅通,25,从珞喻路到喻家山北路,66
2026/4/25 17:48,2,缓行,32.2,77.78%,22.22%,0.00%,鲁磨路,畅通,30,从团山路到珞喻路,243
2026/4/25 17:51,1,畅通,30.6,100.00%,0.00%,0.00%,珞喻路,畅通,40,从珞狮路到喻家湖路,341
2026/4/25 17:51,1,畅通,30.6,100.00%,0.00%,0.00%,珞喻路,畅通,40,从喻家湖路到珞狮路,161
2026/4/25 17:51,1,畅通,30.6,100.00%,0.00%,0.00%,民族大道,畅通,30,从珞喻路到南湖大道,263
2026/4/25 17:51,1,畅通,30.6,100.00%,0.00%,0.00%,虎泉街,畅通,25,从卓刀泉南路到民族大道,341
2026/4/25 17:51,1,畅通,30.6,100.00%,0.00%,0.00%,虎泉街,畅通,25,从民族大道到卓刀泉南路,160
2026/4/25 17:51,1,畅通,30.6,100.00%,0.00%,0.00%,鲁磨路,畅通,20,从珞喻路到喻家山北路,67
2026/4/25 17:51,1,畅通,30.6,100.00%,0.00%,0.00%,鲁磨路,畅通,30,从团山路到珞喻路,243
2026/4/25 17:53,2,缓行,34.4,88.89%,11.11%,0.00%,珞喻路,畅通,35,从珞狮路到喻家湖路,341
2026/4/25 17:53,2,缓行,34.4,88.89%,11.11%,0.00%,珞喻路,畅通,40,从喻家湖路到珞狮路,161
2026/4/25 17:53,2,缓行,34.4,88.89%,11.11%,0.00%,民族大道,畅通,50,从雄楚大道到珞喻路,83
2026/4/25 17:53,2,缓行,34.4,88.89%,11.11%,0.00%,民族大道,畅通,35,从珞喻路到南湖大道,263
2026/4/25 17:53,2,缓行,34.4,88.89%,11.11%,0.00%,虎泉街,畅通,50,从雄楚大道到民族大道,2
2026/4/25 17:53,2,缓行,34.4,88.89%,11.11%,0.00%,虎泉街,畅通,25,从民族大道到卓刀泉南路,160
2026/4/25 17:53,2,缓行,34.4,88.89%,11.11%,0.00%,鲁磨路,畅通,25,从珞喻路到喻家山北路,66
2026/4/25 17:53,2,缓行,34.4,88.89%,11.11%,0.00%,鲁磨路,畅通,30,从团山路到珞喻路,243
2026/4/25 17:55,2,缓行,34.4,88.89%,11.11%,0.00%,珞喻路,畅通,35,从珞狮路到喻家湖路,341
2026/4/25 17:55,2,缓行,34.4,88.89%,11.11%,0.00%,珞喻路,畅通,40,从喻家湖路到珞狮路,161
2026/4/25 17:55,2,缓行,34.4,88.89%,11.11%,0.00%,民族大道,畅通,50,从雄楚大道到珞喻路,83
2026/4/25 17:55,2,缓行,34.4,88.89%,11.11%,0.00%,民族大道,畅通,35,从珞喻路到南湖大道,263
2026/4/25 17:55,2,缓行,34.4,88.89%,11.11%,0.00%,虎泉街,畅通,50,从雄楚大道到民族大道,2
2026/4/25 17:55,2,缓行,34.4,88.89%,11.11%,0.00%,虎泉街,畅通,25,从民族大道到卓刀泉南路,160
2026/4/25 17:55,2,缓行,34.4,88.89%,11.11%,0.00%,鲁磨路,畅通,25,从珞喻路到喻家山北路,66
2026/4/25 17:55,2,缓行,34.4,88.89%,11.11%,0.00%,鲁磨路,畅通,30,从团山路到珞喻路,243
2026/4/25 17:57,2,缓行,33.9,88.89%,11.11%,0.00%,珞喻路,畅通,35,从珞狮路到喻家湖路,341
2026/4/25 17:57,2,缓行,33.9,88.89%,11.11%,0.00%,珞喻路,畅通,40,从喻家湖路到珞狮路,161
2026/4/25 17:57,2,缓行,33.9,88.89%,11.11%,0.00%,民族大道,畅通,50,从雄楚大道到珞喻路,83
2026/4/25 17:57,2,缓行,33.9,88.89%,11.11%,0.00%,民族大道,畅通,30,从珞喻路到南湖大道,263
2026/4/25 17:57,2,缓行,33.9,88.89%,11.11%,0.00%,虎泉街,畅通,50,从雄楚大道到民族大道,2
2026/4/25 17:57,2,缓行,33.9,88.89%,11.11%,0.00%,虎泉街,畅通,25,从民族大道到卓刀泉南路,160
2026/4/25 17:57,2,缓行,33.9,88.89%,11.11%,0.00%,鲁磨路,畅通,25,从珞喻路到喻家山北路,66
2026/4/25 17:57,2,缓行,33.9,88.89%,11.11%,0.00%,鲁磨路,畅通,30,从团山路到珞喻路,243
2026/4/25 17:59,2,缓行,34.4,88.89%,11.11%,0.00%,珞喻路,畅通,35,从珞狮路到喻家湖路,341
2026/4/25 17:59,2,缓行,34.4,88.89%,11.11%,0.00%,珞喻路,畅通,40,从喻家湖路到珞狮路,161
2026/4/25 17:59,2,缓行,34.4,88.89%,11.11%,0.00%,民族大道,畅通,50,从雄楚大道到珞喻路,83
2026/4/25 17:59,2,缓行,34.4,88.89%,11.11%,0.00%,民族大道,畅通,30,从珞喻路到南湖大道,263
2026/4/25 17:59,2,缓行,34.4,88.89%,11.11%,0.00%,虎泉街,畅通,50,从雄楚大道到民族大道,2
2026/4/25 17:59,2,缓行,34.4,88.89%,11.11%,0.00%,虎泉街,畅通,30,从民族大道到卓刀泉南路,160
2026/4/25 17:59,2,缓行,34.4,88.89%,11.11%,0.00%,鲁磨路,畅通,30,从珞喻路到喻家山北路,66
2026/4/25 17:59,2,缓行,34.4,88.89%,11.11%,0.00%,鲁磨路,畅通,25,从团山路到珞喻路,243
2026/4/25 18:01,2,缓行,35,88.89%,11.11%,0.00%,珞喻路,畅通,40,从珞狮路到喻家湖路,341
2026/4/25 18:01,2,缓行,35,88.89%,11.11%,0.00%,珞喻路,畅通,40,从喻家湖路到珞狮路,161
2026/4/25 18:01,2,缓行,35,88.89%,11.11%,0.00%,民族大道,畅通,50,从雄楚大道到珞喻路,83
2026/4/25 18:01,2,缓行,35,88.89%,11.11%,0.00%,民族大道,畅通,30,从珞喻路到南湖大道,263
2026/4/25 18:01,2,缓行,35,88.89%,11.11%,0.00%,虎泉街,畅通,50,从雄楚大道到民族大道,2
2026/4/25 18:01,2,缓行,35,88.89%,11.11%,0.00%,虎泉街,畅通,30,从民族大道到卓刀泉南路,160
2026/4/25 18:01,2,缓行,35,88.89%,11.11%,0.00%,鲁磨路,畅通,25,从珞喻路到喻家山北路,66
2026/4/25 18:01,2,缓行,35,88.89%,11.11%,0.00%,鲁磨路,畅通,30,从团山路到珞喻路,243
2026/4/25 18:03,2,缓行,35,88.89%,11.11%,0.00%,珞喻路,畅通,40,从珞狮路到喻家湖路,341
2026/4/25 18:03,2,缓行,35,88.89%,11.11%,0.00%,珞喻路,畅通,40,从喻家湖路到珞狮路,161
2026/4/25 18:03,2,缓行,35,88.89%,11.11%,0.00%,民族大道,畅通,50,从雄楚大道到珞喻路,83
2026/4/25 18:03,2,缓行,35,88.89%,11.11%,0.00%,民族大道,畅通,30,从珞喻路到南湖大道,263
2026/4/25 18:03,2,缓行,35,88.89%,11.11%,0.00%,虎泉街,畅通,50,从雄楚大道到民族大道,2
2026/4/25 18:03,2,缓行,35,88.89%,11.11%,0.00%,虎泉街,畅通,30,从民族大道到卓刀泉南路,160
2026/4/25 18:03,2,缓行,35,88.89%,11.11%,0.00%,鲁磨路,畅通,25,从珞喻路到喻家山北路,66
2026/4/25 18:03,2,缓行,35,88.89%,11.11%,0.00%,鲁磨路,畅通,30,从团山路到珞喻路,243
2026/4/25 18:05,2,缓行,34.4,88.89%,11.11%,0.00%,珞喻路,畅通,35,从珞狮路到喻家湖路,341
2026/4/25 18:05,2,缓行,34.4,88.89%,11.11%,0.00%,珞喻路,畅通,40,从喻家湖路到珞狮路,161
2026/4/25 18:05,2,缓行,34.4,88.89%,11.11%,0.00%,民族大道,畅通,50,从雄楚大道到珞喻路,83
2026/4/25 18:05,2,缓行,34.4,88.89%,11.11%,0.00%,民族大道,畅通,35,从珞喻路到南湖大道,263
2026/4/25 18:05,2,缓行,34.4,88.89%,11.11%,0.00%,虎泉街,畅通,50,从雄楚大道到民族大道,2
2026/4/25 18:05,2,缓行,34.4,88.89%,11.11%,0.00%,虎泉街,畅通,25,从民族大道到卓刀泉南路,160
2026/4/25 18:05,2,缓行,34.4,88.89%,11.11%,0.00%,鲁磨路,畅通,25,从珞喻路到喻家山北路,66
2026/4/25 18:05,2,缓行,34.4,88.89%,11.11%,0.00%,鲁磨路,畅通,30,从团山路到珞喻路,243
2026/4/25 18:07,2,缓行,34.4,88.89%,11.11%,0.00%,珞喻路,畅通,35,从珞狮路到喻家湖路,341
2026/4/25 18:07,2,缓行,34.4,88.89%,11.11%,0.00%,珞喻路,畅通,40,从喻家湖路到珞狮路,161
2026/4/25 18:07,2,缓行,34.4,88.89%,11.11%,0.00%,民族大道,畅通,50,从雄楚大道到珞喻路,83
2026/4/25 18:07,2,缓行,34.4,88.89%,11.11%,0.00%,民族大道,畅通,35,从珞喻路到南湖大道,263
2026/4/25 18:07,2,缓行,34.4,88.89%,11.11%,0.00%,虎泉街,畅通,50,从雄楚大道到民族大道,2
2026/4/25 18:07,2,缓行,34.4,88.89%,11.11%,0.00%,虎泉街,畅通,25,从民族大道到卓刀泉南路,160
2026/4/25 18:07,2,缓行,34.4,88.89%,11.11%,0.00%,鲁磨路,畅通,25,从珞喻路到喻家山北路,66
2026/4/25 18:07,2,缓行,34.4,88.89%,11.11%,0.00%,鲁磨路,畅通,30,从团山路到珞喻路,243
2026/4/25 18:09,2,缓行,32.8,88.89%,11.11%,0.00%,珞喻路,畅通,35,从珞狮路到喻家湖路,341
2026/4/25 18:09,2,缓行,32.8,88.89%,11.11%,0.00%,珞喻路,畅通,40,从喻家湖路到珞狮路,161
2026/4/25 18:09,2,缓行,32.8,88.89%,11.11%,0.00%,民族大道,畅通,50,从雄楚大道到珞喻路,83
2026/4/25 18:09,2,缓行,32.8,88.89%,11.11%,0.00%,民族大道,畅通,30,从珞喻路到南湖大道,263
2026/4/25 18:09,2,缓行,32.8,88.89%,11.11%,0.00%,虎泉街,畅通,50,从雄楚大道到民族大道,2
2026/4/25 18:09,2,缓行,32.8,88.89%,11.11%,0.00%,虎泉街,畅通,25,从民族大道到卓刀泉南路,160
2026/4/25 18:09,2,缓行,32.8,88.89%,11.11%,0.00%,鲁磨路,畅通,25,从珞喻路到喻家山北路,66
2026/4/25 18:09,2,缓行,32.8,88.89%,11.11%,0.00%,鲁磨路,畅通,25,从团山路到珞喻路,243
2026/4/25 18:11,2,缓行,33.9,88.89%,11.11%,0.00%,珞喻路,畅通,35,从珞狮路到喻家湖路,341
2026/4/25 18:11,2,缓行,33.9,88.89%,11.11%,0.00%,珞喻路,畅通,40,从喻家湖路到珞狮路,161
2026/4/25 18:11,2,缓行,33.9,88.89%,11.11%,0.00%,民族大道,畅通,50,从雄楚大道到珞喻路,83
2026/4/25 18:11,2,缓行,33.9,88.89%,11.11%,0.00%,民族大道,畅通,30,从珞喻路到南湖大道,263
2026/4/25 18:11,2,缓行,33.9,88.89%,11.11%,0.00%,虎泉街,畅通,50,从雄楚大道到民族大道,2
2026/4/25 18:11,2,缓行,33.9,88.89%,11.11%,0.00%,虎泉街,畅通,25,从民族大道到卓刀泉南路,160
2026/4/25 18:11,2,缓行,33.9,88.89%,11.11%,0.00%,鲁磨路,畅通,25,从珞喻路到喻家山北路,66
2026/4/25 18:11,2,缓行,33.9,88.89%,11.11%,0.00%,鲁磨路,畅通,30,从团山路到珞喻路,243
2026/4/25 18:13,2,缓行,32.2,77.78%,22.22%,0.00%,珞喻路,畅通,35,从珞狮路到喻家湖路,341
2026/4/25 18:13,2,缓行,32.2,77.78%,22.22%,0.00%,珞喻路,畅通,40,从喻家湖路到珞狮路,161
2026/4/25 18:13,2,缓行,32.2,77.78%,22.22%,0.00%,民族大道,畅通,50,从雄楚大道到珞喻路,83
2026/4/25 18:13,2,缓行,32.2,77.78%,22.22%,0.00%,民族大道,畅通,30,从珞喻路到南湖大道,263
2026/4/25 18:13,2,缓行,32.2,77.78%,22.22%,0.00%,虎泉街,畅通,50,从雄楚大道到民族大道,2
2026/4/25 18:13,2,缓行,32.2,77.78%,22.22%,0.00%,鲁磨路,畅通,20,从珞喻路到喻家山北路,66
2026/4/25 18:13,2,缓行,32.2,77.78%,22.22%,0.00%,鲁磨路,畅通,25,从团山路到珞喻路,243
2026/4/25 18:15,2,缓行,33.9,88.89%,11.11%,0.00%,珞喻路,畅通,35,从珞狮路到喻家湖路,341
2026/4/25 18:15,2,缓行,33.9,88.89%,11.11%,0.00%,珞喻路,畅通,40,从喻家湖路到珞狮路,161
2026/4/25 18:15,2,缓行,33.9,88.89%,11.11%,0.00%,民族大道,畅通,50,从雄楚大道到珞喻路,83
2026/4/25 18:15,2,缓行,33.9,88.89%,11.11%,0.00%,民族大道,畅通,30,从珞喻路到南湖大道,263
2026/4/25 18:15,2,缓行,33.9,88.89%,11.11%,0.00%,虎泉街,畅通,50,从雄楚大道到民族大道,2
2026/4/25 18:15,2,缓行,33.9,88.89%,11.11%,0.00%,虎泉街,畅通,25,从民族大道到卓刀泉南路,160
2026/4/25 18:15,2,缓行,33.9,88.89%,11.11%,0.00%,鲁磨路,畅通,25,从珞喻路到喻家山北路,66
2026/4/25 18:15,2,缓行,33.9,88.89%,11.11%,0.00%,鲁磨路,畅通,30,从团山路到珞喻路,243
2026/4/25 18:17,2,缓行,33.3,88.89%,11.11%,0.00%,珞喻路,畅通,40,从珞狮路到喻家湖路,341
2026/4/25 18:17,2,缓行,33.3,88.89%,11.11%,0.00%,珞喻路,畅通,40,从喻家湖路到珞狮路,161
2026/4/25 18:17,2,缓行,33.3,88.89%,11.11%,0.00%,民族大道,畅通,50,从雄楚大道到珞喻路,83
2026/4/25 18:17,2,缓行,33.3,88.89%,11.11%,0.00%,民族大道,畅通,30,从珞喻路到南湖大道,263
2026/4/25 18:17,2,缓行,33.3,88.89%,11.11%,0.00%,虎泉街,畅通,50,从雄楚大道到民族大道,2
2026/4/25 18:17,2,缓行,33.3,88.89%,11.11%,0.00%,虎泉街,畅通,25,从民族大道到卓刀泉南路,160
2026/4/25 18:17,2,缓行,33.3,88.89%,11.11%,0.00%,鲁磨路,畅通,20,从珞喻路到喻家山北路,66
2026/4/25 18:17,2,缓行,33.3,88.89%,11.11%,0.00%,鲁磨路,畅通,25,从团山路到珞喻路,243
2026/4/25 18:19,2,缓行,32.8,88.89%,11.11%,0.00%,珞喻路,畅通,35,从珞狮路到喻家湖路,341
2026/4/25 18:19,2,缓行,32.8,88.89%,11.11%,0.00%,珞喻路,畅通,40,从喻家湖路到珞狮路,161
2026/4/25 18:19,2,缓行,32.8,88.89%,11.11%,0.00%,民族大道,畅通,50,从雄楚大道到珞喻路,83
2026/4/25 18:19,2,缓行,32.8,88.89%,11.11%,0.00%,民族大道,畅通,30,从珞喻路到南湖大道,263
2026/4/25 18:19,2,缓行,32.8,88.89%,11.11%,0.00%,虎泉街,畅通,50,从雄楚大道到民族大道,2
2026/4/25 18:19,2,缓行,32.8,88.89%,11.11%,0.00%,虎泉街,畅通,25,从民族大道到卓刀泉南路,160
2026/4/25 18:19,2,缓行,32.8,88.89%,11.11%,0.00%,鲁磨路,畅通,20,从珞喻路到喻家山北路,66
2026/4/25 18:19,2,缓行,32.8,88.89%,11.11%,0.00%,鲁磨路,畅通,30,从团山路到珞喻路,243
2026/4/25 18:21,2,缓行,35.6,87.50%,12.50%,0.00%,珞喻路,畅通,40,从珞狮路到喻家湖路,341
2026/4/25 18:21,2,缓行,35.6,87.50%,12.50%,0.00%,珞喻路,畅通,40,从喻家湖路到珞狮路,161
2026/4/25 18:21,2,缓行,35.6,87.50%,12.50%,0.00%,民族大道,畅通,50,从雄楚大道到珞喻路,83
2026/4/25 18:21,2,缓行,35.6,87.50%,12.50%,0.00%,虎泉街,畅通,50,从雄楚大道到民族大道,2
2026/4/25 18:21,2,缓行,35.6,87.50%,12.50%,0.00%,虎泉街,畅通,25,从民族大道到卓刀泉南路,160
2026/4/25 18:21,2,缓行,35.6,87.50%,12.50%,0.00%,鲁磨路,畅通,20,从珞喻路到喻家山北路,67
2026/4/25 18:23,2,缓行,36.2,87.50%,12.50%,0.00%,珞喻路,畅通,40,从珞狮路到喻家湖路,341
2026/4/25 18:23,2,缓行,36.2,87.50%,12.50%,0.00%,珞喻路,畅通,40,从喻家湖路到珞狮路,161
2026/4/25 18:23,2,缓行,36.2,87.50%,12.50%,0.00%,民族大道,畅通,50,从雄楚大道到珞喻路,83
2026/4/25 18:23,2,缓行,36.2,87.50%,12.50%,0.00%,虎泉街,畅通,50,从雄楚大道到民族大道,2
2026/4/25 18:23,2,缓行,36.2,87.50%,12.50%,0.00%,虎泉街,畅通,25,从民族大道到卓刀泉南路,160
2026/4/25 18:23,2,缓行,36.2,87.50%,12.50%,0.00%,鲁磨路,畅通,25,从珞喻路到喻家山北路,67
2026/4/25 18:25,2,缓行,36.2,87.50%,12.50%,0.00%,珞喻路,畅通,40,从珞狮路到喻家湖路,341
2026/4/25 18:25,2,缓行,36.2,87.50%,12.50%,0.00%,珞喻路,畅通,40,从喻家湖路到珞狮路,161
2026/4/25 18:25,2,缓行,36.2,87.50%,12.50%,0.00%,民族大道,畅通,50,从雄楚大道到珞喻路,83
2026/4/25 18:25,2,缓行,36.2,87.50%,12.50%,0.00%,虎泉街,畅通,50,从雄楚大道到民族大道,2
2026/4/25 18:25,2,缓行,36.2,87.50%,12.50%,0.00%,虎泉街,畅通,25,从民族大道到卓刀泉南路,160
2026/4/25 18:25,2,缓行,36.2,87.50%,12.50%,0.00%,鲁磨路,畅通,25,从珞喻路到喻家山北路,67
2026/4/25 18:27,2,缓行,32.8,66.67%,33.33%,0.00%,珞喻路,畅通,35,从珞狮路到喻家湖路,341
2026/4/25 18:27,2,缓行,32.8,66.67%,33.33%,0.00%,珞喻路,畅通,40,从喻家湖路到珞狮路,161
2026/4/25 18:27,2,缓行,32.8,66.67%,33.33%,0.00%,民族大道,畅通,50,从雄楚大道到珞喻路,83
2026/4/25 18:27,2,缓行,32.8,66.67%,33.33%,0.00%,虎泉街,畅通,50,从雄楚大道到民族大道,2
2026/4/25 18:27,2,缓行,32.8,66.67%,33.33%,0.00%,鲁磨路,畅通,25,从珞喻路到喻家山北路,66
2026/4/25 18:27,2,缓行,32.8,66.67%,33.33%,0.00%,鲁磨路,畅通,25,从团山路到珞喻路,243
2026/4/25 18:29,2,缓行,32.8,77.78%,22.22%,0.00%,珞喻路,畅通,35,从珞狮路到喻家湖路,341
2026/4/25 18:29,2,缓行,32.8,77.78%,22.22%,0.00%,珞喻路,畅通,40,从喻家湖路到珞狮路,161
2026/4/25 18:29,2,缓行,32.8,77.78%,22.22%,0.00%,民族大道,畅通,50,从雄楚大道到珞喻路,83
2026/4/25 18:29,2,缓行,32.8,77.78%,22.22%,0.00%,虎泉街,畅通,50,从雄楚大道到民族大道,2
2026/4/25 18:29,2,缓行,32.8,77.78%,22.22%,0.00%,虎泉街,畅通,25,从民族大道到卓刀泉南路,160
2026/4/25 18:29,2,缓行,32.8,77.78%,22.22%,0.00%,鲁磨路,畅通,25,从珞喻路到喻家山北路,66
2026/4/25 18:29,2,缓行,32.8,77.78%,22.22%,0.00%,鲁磨路,畅通,25,从团山路到珞喻路,243
2026/4/25 18:31,2,缓行,32.8,77.78%,22.22%,0.00%,珞喻路,畅通,35,从珞狮路到喻家湖路,341
2026/4/25 18:31,2,缓行,32.8,77.78%,22.22%,0.00%,珞喻路,畅通,40,从喻家湖路到珞狮路,161
2026/4/25 18:31,2,缓行,32.8,77.78%,22.22%,0.00%,民族大道,畅通,50,从雄楚大道到珞喻路,83
2026/4/25 18:31,2,缓行,32.8,77.78%,22.22%,0.00%,虎泉街,畅通,50,从雄楚大道到民族大道,2
2026/4/25 18:31,2,缓行,32.8,77.78%,22.22%,0.00%,虎泉街,畅通,25,从民族大道到卓刀泉南路,160
2026/4/25 18:31,2,缓行,32.8,77.78%,22.22%,0.00%,鲁磨路,畅通,25,从珞喻路到喻家山北路,66
2026/4/25 18:31,2,缓行,32.8,77.78%,22.22%,0.00%,鲁磨路,畅通,25,从团山路到珞喻路,243
2026/4/25 18:33,2,缓行,33.8,87.50%,12.50%,0.00%,民族大道,缓行,20,从珞喻路到南湖大道,263
2026/4/25 18:33,2,缓行,33.8,87.50%,12.50%,0.00%,珞喻路,畅通,35,从珞狮路到喻家湖路,341
2026/4/25 18:33,2,缓行,33.8,87.50%,12.50%,0.00%,珞喻路,畅通,40,从喻家湖路到珞狮路,161
2026/4/25 18:33,2,缓行,33.8,87.50%,12.50%,0.00%,民族大道,畅通,50,从雄楚大道到珞喻路,83
2026/4/25 18:33,2,缓行,33.8,87.50%,12.50%,0.00%,虎泉街,畅通,50,从雄楚大道到民族大道,2
2026/4/25 18:33,2,缓行,33.8,87.50%,12.50%,0.00%,虎泉街,畅通,25,从民族大道到卓刀泉南路,160
2026/4/25 18:33,2,缓行,33.8,87.50%,12.50%,0.00%,鲁磨路,畅通,20,从珞喻路到喻家山北路,67
2026/4/25 18:33,2,缓行,33.8,87.50%,12.50%,0.00%,鲁磨路,畅通,30,从团山路到珞喻路,243
2026/4/25 18:35,2,缓行,33.8,87.50%,12.50%,0.00%,民族大道,缓行,20,从珞喻路到南湖大道,263
2026/4/25 18:35,2,缓行,33.8,87.50%,12.50%,0.00%,珞喻路,畅通,35,从珞狮路到喻家湖路,341
2026/4/25 18:35,2,缓行,33.8,87.50%,12.50%,0.00%,珞喻路,畅通,40,从喻家湖路到珞狮路,161
2026/4/25 18:35,2,缓行,33.8,87.50%,12.50%,0.00%,民族大道,畅通,50,从雄楚大道到珞喻路,83
2026/4/25 18:35,2,缓行,33.8,87.50%,12.50%,0.00%,虎泉街,畅通,50,从雄楚大道到民族大道,2
2026/4/25 18:35,2,缓行,33.8,87.50%,12.50%,0.00%,虎泉街,畅通,25,从民族大道到卓刀泉南路,160
2026/4/25 18:35,2,缓行,33.8,87.50%,12.50%,0.00%,鲁磨路,畅通,20,从珞喻路到喻家山北路,67
2026/4/25 18:35,2,缓行,33.8,87.50%,12.50%,0.00%,鲁磨路,畅通,30,从团山路到珞喻路,243
2026/4/25 18:37,2,缓行,34.4,75.00%,25.00%,0.00%,民族大道,缓行,20,从珞喻路到南湖大道,263
2026/4/25 18:37,2,缓行,34.4,75.00%,25.00%,0.00%,鲁磨路,缓行,20,从珞喻路到喻家山北路,67
2026/4/25 18:37,2,缓行,34.4,75.00%,25.00%,0.00%,珞喻路,畅通,35,从珞狮路到喻家湖路,341
2026/4/25 18:37,2,缓行,34.4,75.00%,25.00%,0.00%,珞喻路,畅通,45,从喻家湖路到珞狮路,161
2026/4/25 18:37,2,缓行,34.4,75.00%,25.00%,0.00%,民族大道,畅通,50,从雄楚大道到珞喻路,83
2026/4/25 18:37,2,缓行,34.4,75.00%,25.00%,0.00%,虎泉街,畅通,50,从雄楚大道到民族大道,2
2026/4/25 18:37,2,缓行,34.4,75.00%,25.00%,0.00%,虎泉街,畅通,25,从民族大道到卓刀泉南路,160
2026/4/25 18:37,2,缓行,34.4,75.00%,25.00%,0.00%,鲁磨路,畅通,30,从团山路到珞喻路,243
2026/4/25 18:39,2,缓行,34.4,75.00%,25.00%,0.00%,民族大道,缓行,20,从珞喻路到南湖大道,263
2026/4/25 18:39,2,缓行,34.4,75.00%,25.00%,0.00%,鲁磨路,缓行,20,从珞喻路到喻家山北路,67
2026/4/25 18:39,2,缓行,34.4,75.00%,25.00%,0.00%,珞喻路,畅通,35,从珞狮路到喻家湖路,341
2026/4/25 18:39,2,缓行,34.4,75.00%,25.00%,0.00%,珞喻路,畅通,45,从喻家湖路到珞狮路,161
2026/4/25 18:39,2,缓行,34.4,75.00%,25.00%,0.00%,民族大道,畅通,50,从雄楚大道到珞喻路,83
2026/4/25 18:39,2,缓行,34.4,75.00%,25.00%,0.00%,虎泉街,畅通,50,从雄楚大道到民族大道,2
2026/4/25 18:39,2,缓行,34.4,75.00%,25.00%,0.00%,虎泉街,畅通,25,从民族大道到卓刀泉南路,160
2026/4/25 18:39,2,缓行,34.4,75.00%,25.00%,0.00%,鲁磨路,畅通,30,从团山路到珞喻路,243
2026/4/25 18:41,2,缓行,32.8,77.78%,22.22%,0.00%,民族大道,缓行,20,从珞喻路到南湖大道,263
2026/4/25 18:41,2,缓行,32.8,77.78%,22.22%,0.00%,鲁磨路,缓行,20,从珞喻路到喻家山北路,66
2026/4/25 18:41,2,缓行,32.8,77.78%,22.22%,0.00%,珞喻路,畅通,35,从珞狮路到喻家湖路,341
2026/4/25 18:41,2,缓行,32.8,77.78%,22.22%,0.00%,珞喻路,畅通,45,从喻家湖路到珞狮路,161
2026/4/25 18:41,2,缓行,32.8,77.78%,22.22%,0.00%,民族大道,畅通,50,从雄楚大道到珞喻路,83
2026/4/25 18:41,2,缓行,32.8,77.78%,22.22%,0.00%,虎泉街,畅通,50,从雄楚大道到民族大道,2
2026/4/25 18:41,2,缓行,32.8,77.78%,22.22%,0.00%,虎泉街,畅通,25,从民族大道到卓刀泉南路,160
2026/4/25 18:41,2,缓行,32.8,77.78%,22.22%,0.00%,鲁磨路,畅通,30,从团山路到珞喻路,243
2026/4/25 18:43,2,缓行,32.8,77.78%,22.22%,0.00%,珞喻路,畅通,35,从珞狮路到喻家湖路,341
2026/4/25 18:43,2,缓行,32.8,77.78%,22.22%,0.00%,珞喻路,畅通,40,从喻家湖路到珞狮路,161
2026/4/25 18:43,2,缓行,32.8,77.78%,22.22%,0.00%,民族大道,畅通,50,从雄楚大道到珞喻路,83
2026/4/25 18:43,2,缓行,32.8,77.78%,22.22%,0.00%,虎泉街,畅通,50,从雄楚大道到民族大道,2
2026/4/25 18:43,2,缓行,32.8,77.78%,22.22%,0.00%,虎泉街,畅通,25,从民族大道到卓刀泉南路,160
2026/4/25 18:43,2,缓行,32.8,77.78%,22.22%,0.00%,鲁磨路,畅通,25,从珞喻路到喻家山北路,66
2026/4/25 18:43,2,缓行,32.8,77.78%,22.22%,0.00%,鲁磨路,畅通,30,从团山路到珞喻路,243
2026/4/25 18:45,2,缓行,32.8,77.78%,22.22%,0.00%,珞喻路,畅通,35,从珞狮路到喻家湖路,341
2026/4/25 18:45,2,缓行,32.8,77.78%,22.22%,0.00%,珞喻路,畅通,40,从喻家湖路到珞狮路,161
2026/4/25 18:45,2,缓行,32.8,77.78%,22.22%,0.00%,民族大道,畅通,50,从雄楚大道到珞喻路,83
2026/4/25 18:45,2,缓行,32.8,77.78%,22.22%,0.00%,虎泉街,畅通,50,从雄楚大道到民族大道,2
2026/4/25 18:45,2,缓行,32.8,77.78%,22.22%,0.00%,虎泉街,畅通,25,从民族大道到卓刀泉南路,160
2026/4/25 18:45,2,缓行,32.8,77.78%,22.22%,0.00%,鲁磨路,畅通,25,从珞喻路到喻家山北路,66
2026/4/25 18:45,2,缓行,32.8,77.78%,22.22%,0.00%,鲁磨路,畅通,30,从团山路到珞喻路,243
2026/4/25 18:47,2,缓行,32.2,77.78%,22.22%,0.00%,珞喻路,畅通,40,从珞狮路到喻家湖路,341
2026/4/25 18:47,2,缓行,32.2,77.78%,22.22%,0.00%,珞喻路,畅通,40,从喻家湖路到珞狮路,161
2026/4/25 18:47,2,缓行,32.2,77.78%,22.22%,0.00%,民族大道,畅通,50,从雄楚大道到珞喻路,83
2026/4/25 18:47,2,缓行,32.2,77.78%,22.22%,0.00%,虎泉街,畅通,50,从雄楚大道到民族大道,2
2026/4/25 18:47,2,缓行,32.2,77.78%,22.22%,0.00%,虎泉街,畅通,25,从民族大道到卓刀泉南路,160
2026/4/25 18:47,2,缓行,32.2,77.78%,22.22%,0.00%,鲁磨路,畅通,25,从珞喻路到喻家山北路,66
2026/4/25 18:47,2,缓行,32.2,77.78%,22.22%,0.00%,鲁磨路,畅通,25,从团山路到珞喻路,243
2026/4/25 18:49,2,缓行,33.3,77.78%,22.22%,0.00%,珞喻路,畅通,35,从珞狮路到喻家湖路,341
2026/4/25 18:49,2,缓行,33.3,77.78%,22.22%,0.00%,珞喻路,畅通,45,从喻家湖路到珞狮路,161
2026/4/25 18:49,2,缓行,33.3,77.78%,22.22%,0.00%,民族大道,畅通,50,从雄楚大道到珞喻路,83
2026/4/25 18:49,2,缓行,33.3,77.78%,22.22%,0.00%,虎泉街,畅通,50,从雄楚大道到民族大道,2
2026/4/25 18:49,2,缓行,33.3,77.78%,22.22%,0.00%,虎泉街,畅通,25,从民族大道到卓刀泉南路,160
2026/4/25 18:49,2,缓行,33.3,77.78%,22.22%,0.00%,鲁磨路,畅通,25,从珞喻路到喻家山北路,66
2026/4/25 18:49,2,缓行,33.3,77.78%,22.22%,0.00%,鲁磨路,畅通,30,从团山路到珞喻路,243
2026/4/25 18:51,2,缓行,33.3,77.78%,22.22%,0.00%,珞喻路,畅通,35,从珞狮路到喻家湖路,341
2026/4/25 18:51,2,缓行,33.3,77.78%,22.22%,0.00%,珞喻路,畅通,45,从喻家湖路到珞狮路,161
2026/4/25 18:51,2,缓行,33.3,77.78%,22.22%,0.00%,民族大道,畅通,50,从雄楚大道到珞喻路,83
2026/4/25 18:51,2,缓行,33.3,77.78%,22.22%,0.00%,虎泉街,畅通,50,从雄楚大道到民族大道,2
2026/4/25 18:51,2,缓行,33.3,77.78%,22.22%,0.00%,虎泉街,畅通,25,从民族大道到卓刀泉南路,160
2026/4/25 18:51,2,缓行,33.3,77.78%,22.22%,0.00%,鲁磨路,畅通,25,从珞喻路到喻家山北路,66
2026/4/25 18:51,2,缓行,33.3,77.78%,22.22%,0.00%,鲁磨路,畅通,30,从团山路到珞喻路,243
2026/4/25 18:53,2,缓行,33.9,77.78%,22.22%,0.00%,珞喻路,畅通,40,从珞狮路到喻家湖路,341
2026/4/25 18:53,2,缓行,33.9,77.78%,22.22%,0.00%,珞喻路,畅通,45,从喻家湖路到珞狮路,161
2026/4/25 18:53,2,缓行,33.9,77.78%,22.22%,0.00%,民族大道,畅通,50,从雄楚大道到珞喻路,83
2026/4/25 18:53,2,缓行,33.9,77.78%,22.22%,0.00%,虎泉街,畅通,50,从雄楚大道到民族大道,2
2026/4/25 18:53,2,缓行,33.9,77.78%,22.22%,0.00%,虎泉街,畅通,25,从民族大道到卓刀泉南路,160
2026/4/25 18:53,2,缓行,33.9,77.78%,22.22%,0.00%,鲁磨路,畅通,25,从珞喻路到喻家山北路,66
2026/4/25 18:53,2,缓行,33.9,77.78%,22.22%,0.00%,鲁磨路,畅通,30,从团山路到珞喻路,243
2026/4/25 18:55,2,缓行,35.9,88.89%,11.11%,0.00%,珞喻路,畅通,40,从珞狮路到喻家湖路,341
2026/4/25 18:55,2,缓行,35.9,88.89%,11.11%,0.00%,珞喻路,畅通,45,从喻家湖路到珞狮路,161
2026/4/25 18:55,2,缓行,35.9,88.89%,11.11%,0.00%,民族大道,畅通,50,从雄楚大道到珞喻路,83
2026/4/25 18:55,2,缓行,35.9,88.89%,11.11%,0.00%,民族大道,畅通,33,从珞喻路到大学园路,258
2026/4/25 18:55,2,缓行,35.9,88.89%,11.11%,0.00%,虎泉街,畅通,50,从雄楚大道到民族大道,2
2026/4/25 18:55,2,缓行,35.9,88.89%,11.11%,0.00%,虎泉街,畅通,25,从民族大道到卓刀泉南路,160
2026/4/25 18:55,2,缓行,35.9,88.89%,11.11%,0.00%,鲁磨路,畅通,25,从珞喻路到喻家山北路,66
2026/4/25 18:55,2,缓行,35.9,88.89%,11.11%,0.00%,鲁磨路,畅通,35,从团山路到珞喻路,243
2026/4/25 18:57,2,缓行,35.9,88.89%,11.11%,0.00%,珞喻路,畅通,40,从珞狮路到喻家湖路,341
2026/4/25 18:57,2,缓行,35.9,88.89%,11.11%,0.00%,珞喻路,畅通,45,从喻家湖路到珞狮路,161
2026/4/25 18:57,2,缓行,35.9,88.89%,11.11%,0.00%,民族大道,畅通,50,从雄楚大道到珞喻路,83
2026/4/25 18:57,2,缓行,35.9,88.89%,11.11%,0.00%,民族大道,畅通,33,从珞喻路到大学园路,258
2026/4/25 18:57,2,缓行,35.9,88.89%,11.11%,0.00%,虎泉街,畅通,50,从雄楚大道到民族大道,2
2026/4/25 18:57,2,缓行,35.9,88.89%,11.11%,0.00%,虎泉街,畅通,25,从民族大道到卓刀泉南路,160
2026/4/25 18:57,2,缓行,35.9,88.89%,11.11%,0.00%,鲁磨路,畅通,25,从珞喻路到喻家山北路,66
2026/4/25 18:57,2,缓行,35.9,88.89%,11.11%,0.00%,鲁磨路,畅通,35,从团山路到珞喻路,243
2026/4/25 18:59,2,缓行,35,87.50%,12.50%,0.00%,珞喻路,畅通,35,从珞狮路到喻家湖路,341
2026/4/25 18:59,2,缓行,35,87.50%,12.50%,0.00%,珞喻路,畅通,45,从喻家湖路到珞狮路,161
2026/4/25 18:59,2,缓行,35,87.50%,12.50%,0.00%,民族大道,畅通,50,从雄楚大道到珞喻路,83
2026/4/25 18:59,2,缓行,35,87.50%,12.50%,0.00%,虎泉街,畅通,50,从雄楚大道到民族大道,2
2026/4/25 18:59,2,缓行,35,87.50%,12.50%,0.00%,虎泉街,畅通,25,从民族大道到卓刀泉南路,160
2026/4/25 18:59,2,缓行,35,87.50%,12.50%,0.00%,鲁磨路,畅通,25,从珞喻路到喻家山北路,67
2026/4/25 18:59,2,缓行,35,87.50%,12.50%,0.00%,鲁磨路,畅通,30,从团山路到珞喻路,243
2026/4/25 19:01,2,缓行,35,87.50%,12.50%,0.00%,珞喻路,畅通,35,从珞狮路到喻家湖路,341
2026/4/25 19:01,2,缓行,35,87.50%,12.50%,0.00%,珞喻路,畅通,45,从喻家湖路到珞狮路,161
2026/4/25 19:01,2,缓行,35,87.50%,12.50%,0.00%,民族大道,畅通,50,从雄楚大道到珞喻路,83
2026/4/25 19:01,2,缓行,35,87.50%,12.50%,0.00%,虎泉街,畅通,50,从雄楚大道到民族大道,2
2026/4/25 19:01,2,缓行,35,87.50%,12.50%,0.00%,虎泉街,畅通,25,从民族大道到卓刀泉南路,160
2026/4/25 19:01,2,缓行,35,87.50%,12.50%,0.00%,鲁磨路,畅通,25,从珞喻路到喻家山北路,67
2026/4/25 19:01,2,缓行,35,87.50%,12.50%,0.00%,鲁磨路,畅通,30,从团山路到珞喻路,243
2026/4/25 19:03,2,缓行,33.3,77.78%,22.22%,0.00%,珞喻路,畅通,35,从珞狮路到喻家湖路,341
2026/4/25 19:03,2,缓行,33.3,77.78%,22.22%,0.00%,珞喻路,畅通,40,从喻家湖路到珞狮路,161
2026/4/25 19:03,2,缓行,33.3,77.78%,22.22%,0.00%,民族大道,畅通,50,从雄楚大道到珞喻路,83
2026/4/25 19:03,2,缓行,33.3,77.78%,22.22%,0.00%,虎泉街,畅通,50,从雄楚大道到民族大道,2
2026/4/25 19:03,2,缓行,33.3,77.78%,22.22%,0.00%,虎泉街,畅通,25,从民族大道到卓刀泉南路,160
2026/4/25 19:03,2,缓行,33.3,77.78%,22.22%,0.00%,鲁磨路,畅通,25,从珞喻路到喻家山北路,66
2026/4/25 19:03,2,缓行,33.3,77.78%,22.22%,0.00%,鲁磨路,畅通,30,从团山路到珞喻路,243
2026/4/25 19:05,2,缓行,34.4,87.50%,12.50%,0.00%,珞喻路,畅通,35,从珞狮路到喻家湖路,341
2026/4/25 19:05,2,缓行,34.4,87.50%,12.50%,0.00%,珞喻路,畅通,45,从喻家湖路到珞狮路,161
2026/4/25 19:05,2,缓行,34.4,87.50%,12.50%,0.00%,民族大道,畅通,50,从雄楚大道到珞喻路,83
2026/4/25 19:05,2,缓行,34.4,87.50%,12.50%,0.00%,虎泉街,畅通,50,从雄楚大道到民族大道,2
2026/4/25 19:05,2,缓行,34.4,87.50%,12.50%,0.00%,虎泉街,畅通,25,从民族大道到卓刀泉南路,160
2026/4/25 19:05,2,缓行,34.4,87.50%,12.50%,0.00%,鲁磨路,畅通,20,从珞喻路到喻家山北路,67
2026/4/25 19:05,2,缓行,34.4,87.50%,12.50%,0.00%,鲁磨路,畅通,30,从团山路到珞喻路,243
2026/4/25 19:07,2,缓行,33.3,77.78%,22.22%,0.00%,珞喻路,畅通,35,从珞狮路到喻家湖路,341
2026/4/25 19:07,2,缓行,33.3,77.78%,22.22%,0.00%,珞喻路,畅通,40,从喻家湖路到珞狮路,161
2026/4/25 19:07,2,缓行,33.3,77.78%,22.22%,0.00%,民族大道,畅通,50,从雄楚大道到珞喻路,83
2026/4/25 19:07,2,缓行,33.3,77.78%,22.22%,0.00%,虎泉街,畅通,50,从雄楚大道到民族大道,2
2026/4/25 19:07,2,缓行,33.3,77.78%,22.22%,0.00%,虎泉街,畅通,25,从民族大道到卓刀泉南路,160
2026/4/25 19:07,2,缓行,33.3,77.78%,22.22%,0.00%,鲁磨路,畅通,30,从珞喻路到喻家山北路,66
2026/4/25 19:07,2,缓行,33.3,77.78%,22.22%,0.00%,鲁磨路,畅通,30,从团山路到珞喻路,243
2026/4/25 19:09,2,缓行,33.9,77.78%,22.22%,0.00%,珞喻路,畅通,35,从珞狮路到喻家湖路,341
2026/4/25 19:09,2,缓行,33.9,77.78%,22.22%,0.00%,珞喻路,畅通,40,从喻家湖路到珞狮路,161
2026/4/25 19:09,2,缓行,33.9,77.78%,22.22%,0.00%,民族大道,畅通,50,从雄楚大道到珞喻路,83
2026/4/25 19:09,2,缓行,33.9,77.78%,22.22%,0.00%,虎泉街,畅通,50,从雄楚大道到民族大道,2
2026/4/25 19:09,2,缓行,33.9,77.78%,22.22%,0.00%,虎泉街,畅通,30,从民族大道到卓刀泉南路,160
2026/4/25 19:09,2,缓行,33.9,77.78%,22.22%,0.00%,鲁磨路,畅通,30,从珞喻路到喻家山北路,66
2026/4/25 19:09,2,缓行,33.9,77.78%,22.22%,0.00%,鲁磨路,畅通,30,从团山路到珞喻路,243
2026/4/25 19:11,2,缓行,33.9,77.78%,22.22%,0.00%,珞喻路,畅通,35,从珞狮路到喻家湖路,341
2026/4/25 19:11,2,缓行,33.9,77.78%,22.22%,0.00%,珞喻路,畅通,40,从喻家湖路到珞狮路,161
2026/4/25 19:11,2,缓行,33.9,77.78%,22.22%,0.00%,民族大道,畅通,50,从雄楚大道到珞喻路,83
2026/4/25 19:11,2,缓行,33.9,77.78%,22.22%,0.00%,虎泉街,畅通,50,从雄楚大道到民族大道,2
2026/4/25 19:11,2,缓行,33.9,77.78%,22.22%,0.00%,虎泉街,畅通,30,从民族大道到卓刀泉南路,160
2026/4/25 19:11,2,缓行,33.9,77.78%,22.22%,0.00%,鲁磨路,畅通,30,从珞喻路到喻家山北路,66
2026/4/25 19:11,2,缓行,33.9,77.78%,22.22%,0.00%,鲁磨路,畅通,30,从团山路到珞喻路,243
2026/4/25 19:13,2,缓行,33.3,77.78%,22.22%,0.00%,珞喻路,畅通,40,从珞狮路到喻家湖路,341
2026/4/25 19:13,2,缓行,33.3,77.78%,22.22%,0.00%,珞喻路,畅通,40,从喻家湖路到珞狮路,161
2026/4/25 19:13,2,缓行,33.3,77.78%,22.22%,0.00%,民族大道,畅通,50,从雄楚大道到珞喻路,83
2026/4/25 19:13,2,缓行,33.3,77.78%,22.22%,0.00%,虎泉街,畅通,50,从雄楚大道到民族大道,2
2026/4/25 19:13,2,缓行,33.3,77.78%,22.22%,0.00%,虎泉街,畅通,25,从民族大道到卓刀泉南路,160
2026/4/25 19:13,2,缓行,33.3,77.78%,22.22%,0.00%,鲁磨路,畅通,25,从珞喻路到喻家山北路,66
2026/4/25 19:13,2,缓行,33.3,77.78%,22.22%,0.00%,鲁磨路,畅通,30,从团山路到珞喻路,243
2026/4/26 16:33,1,畅通,35.2,100.00%,0.00%,0.00%,珞喻路,畅通,45,从珞狮路到喻家湖路,341
2026/4/26 16:33,1,畅通,35.2,100.00%,0.00%,0.00%,珞喻路,畅通,40,从喻家湖路到珞狮路,161
2026/4/26 16:33,1,畅通,35.2,100.00%,0.00%,0.00%,民族大道,畅通,50,从雄楚大道到珞喻路,83
2026/4/26 16:33,1,畅通,35.2,100.00%,0.00%,0.00%,民族大道,畅通,37,从珞喻路到大学园路,258
2026/4/26 16:33,1,畅通,35.2,100.00%,0.00%,0.00%,虎泉街,畅通,25,从卓刀泉南路到民族大道,341
2026/4/26 16:33,1,畅通,35.2,100.00%,0.00%,0.00%,虎泉街,畅通,30,从民族大道到卓刀泉南路,160
2026/4/26 16:33,1,畅通,35.2,100.00%,0.00%,0.00%,鲁磨路,畅通,25,从珞喻路到喻家山北路,67
2026/4/26 16:33,1,畅通,35.2,100.00%,0.00%,0.00%,鲁磨路,畅通,30,从团山路到珞喻路,243
2026/4/26 16:33,1,畅通,35.2,100.00%,0.00%,0.00%,珞喻路,畅通,45,从珞狮路到喻家湖路,341
2026/4/26 16:33,1,畅通,35.2,100.00%,0.00%,0.00%,珞喻路,畅通,40,从喻家湖路到珞狮路,161
2026/4/26 16:33,1,畅通,35.2,100.00%,0.00%,0.00%,民族大道,畅通,50,从雄楚大道到珞喻路,83
2026/4/26 16:33,1,畅通,35.2,100.00%,0.00%,0.00%,民族大道,畅通,37,从珞喻路到大学园路,258
2026/4/26 16:33,1,畅通,35.2,100.00%,0.00%,0.00%,虎泉街,畅通,25,从卓刀泉南路到民族大道,341
2026/4/26 16:33,1,畅通,35.2,100.00%,0.00%,0.00%,虎泉街,畅通,30,从民族大道到卓刀泉南路,160
2026/4/26 16:33,1,畅通,35.2,100.00%,0.00%,0.00%,鲁磨路,畅通,25,从珞喻路到喻家山北路,67
2026/4/26 16:33,1,畅通,35.2,100.00%,0.00%,0.00%,鲁磨路,畅通,30,从团山路到珞喻路,243
2026/4/26 16:35,1,畅通,35.2,100.00%,0.00%,0.00%,珞喻路,畅通,45,从珞狮路到喻家湖路,341
2026/4/26 16:35,1,畅通,35.2,100.00%,0.00%,0.00%,珞喻路,畅通,40,从喻家湖路到珞狮路,161
2026/4/26 16:35,1,畅通,35.2,100.00%,0.00%,0.00%,民族大道,畅通,50,从雄楚大道到珞喻路,83
2026/4/26 16:35,1,畅通,35.2,100.00%,0.00%,0.00%,民族大道,畅通,37,从珞喻路到大学园路,258
2026/4/26 16:35,1,畅通,35.2,100.00%,0.00%,0.00%,虎泉街,畅通,25,从卓刀泉南路到民族大道,341
2026/4/26 16:35,1,畅通,35.2,100.00%,0.00%,0.00%,虎泉街,畅通,30,从民族大道到卓刀泉南路,160
2026/4/26 16:35,1,畅通,35.2,100.00%,0.00%,0.00%,鲁磨路,畅通,25,从珞喻路到喻家山北路,67
2026/4/26 16:35,1,畅通,35.2,100.00%,0.00%,0.00%,鲁磨路,畅通,30,从团山路到珞喻路,243
2026/4/26 16:38,1,畅通,40.1,100.00%,0.00%,0.00%,珞喻路,畅通,40,从珞狮路到喻家湖路,341
2026/4/26 16:38,1,畅通,40.1,100.00%,0.00%,0.00%,珞喻路,畅通,40,从喻家湖路到珞狮路,161
2026/4/26 16:38,1,畅通,40.1,100.00%,0.00%,0.00%,民族大道,畅通,50,从雄楚大道到珞喻路,83
2026/4/26 16:38,1,畅通,40.1,100.00%,0.00%,0.00%,民族大道,畅通,37,从珞喻路到大学园路,258
2026/4/26 16:38,1,畅通,40.1,100.00%,0.00%,0.00%,虎泉街,畅通,25,从卓刀泉南路到民族大道,341
2026/4/26 16:38,1,畅通,40.1,100.00%,0.00%,0.00%,虎泉街,畅通,30,从民族大道到卓刀泉南路,160
2026/4/26 16:38,1,畅通,40.1,100.00%,0.00%,0.00%,鲁磨路,畅通,25,从珞喻路到喻家山北路,67
2026/4/26 16:38,1,畅通,40.1,100.00%,0.00%,0.00%,鲁磨路,畅通,35,从团山路到珞喻路,243
2026/4/26 16:40,2,缓行,38.2,88.89%,11.11%,0.00%,珞喻路,畅通,40,从珞狮路到喻家湖路,341
2026/4/26 16:40,2,缓行,38.2,88.89%,11.11%,0.00%,珞喻路,畅通,45,从喻家湖路到珞狮路,161
2026/4/26 16:40,2,缓行,38.2,88.89%,11.11%,0.00%,虎泉街,畅通,30,从卓刀泉南路到民族大道,341
2026/4/26 16:40,2,缓行,38.2,88.89%,11.11%,0.00%,虎泉街,畅通,30,从民族大道到卓刀泉南路,160
2026/4/26 16:40,2,缓行,38.2,88.89%,11.11%,0.00%,鲁磨路,畅通,30,从珞喻路到喻家山北路,67
2026/4/26 16:40,2,缓行,38.2,88.89%,11.11%,0.00%,鲁磨路,畅通,30,从团山路到珞喻路,243
2026/4/26 16:42,2,缓行,38.8,88.89%,11.11%,0.00%,珞喻路,畅通,45,从珞狮路到喻家湖路,341
2026/4/26 16:42,2,缓行,38.8,88.89%,11.11%,0.00%,珞喻路,畅通,45,从喻家湖路到珞狮路,161
2026/4/26 16:42,2,缓行,38.8,88.89%,11.11%,0.00%,虎泉街,畅通,30,从卓刀泉南路到民族大道,341
2026/4/26 16:42,2,缓行,38.8,88.89%,11.11%,0.00%,虎泉街,畅通,30,从民族大道到卓刀泉南路,160
2026/4/26 16:42,2,缓行,38.8,88.89%,11.11%,0.00%,鲁磨路,畅通,30,从珞喻路到喻家山北路,67
2026/4/26 16:42,2,缓行,38.8,88.89%,11.11%,0.00%,鲁磨路,畅通,30,从团山路到珞喻路,243
2026/4/26 16:44,2,缓行,41,88.89%,11.11%,0.00%,珞喻路,畅通,40,从珞狮路到喻家湖路,341
2026/4/26 16:44,2,缓行,41,88.89%,11.11%,0.00%,珞喻路,畅通,40,从喻家湖路到珞狮路,161
2026/4/26 16:44,2,缓行,41,88.89%,11.11%,0.00%,民族大道,畅通,50,从雄楚大道到珞喻路,83
2026/4/26 16:44,2,缓行,41,88.89%,11.11%,0.00%,虎泉街,畅通,50,从雄楚大道到民族大道,2
2026/4/26 16:44,2,缓行,41,88.89%,11.11%,0.00%,虎泉街,畅通,30,从民族大道到卓刀泉南路,160
2026/4/26 16:44,2,缓行,41,88.89%,11.11%,0.00%,鲁磨路,畅通,25,从珞喻路到喻家山北路,67
2026/4/26 16:44,2,缓行,41,88.89%,11.11%,0.00%,鲁磨路,畅通,30,从团山路到珞喻路,243
2026/4/26 16:46,2,缓行,40.4,88.89%,11.11%,0.00%,珞喻路,畅通,40,从珞狮路到喻家湖路,341
2026/4/26 16:46,2,缓行,40.4,88.89%,11.11%,0.00%,珞喻路,畅通,45,从喻家湖路到珞狮路,161
2026/4/26 16:46,2,缓行,40.4,88.89%,11.11%,0.00%,民族大道,畅通,50,从雄楚大道到珞喻路,83
2026/4/26 16:46,2,缓行,40.4,88.89%,11.11%,0.00%,虎泉街,畅通,50,从雄楚大道到民族大道,2
2026/4/26 16:46,2,缓行,40.4,88.89%,11.11%,0.00%,虎泉街,畅通,25,从民族大道到卓刀泉南路,160
2026/4/26 16:46,2,缓行,40.4,88.89%,11.11%,0.00%,鲁磨路,畅通,25,从珞喻路到喻家山北路,67
2026/4/26 16:46,2,缓行,40.4,88.89%,11.11%,0.00%,鲁磨路,畅通,30,从团山路到珞喻路,243
2026/4/26 16:48,2,缓行,40.4,88.89%,11.11%,0.00%,珞喻路,畅通,40,从珞狮路到喻家湖路,341
2026/4/26 16:48,2,缓行,40.4,88.89%,11.11%,0.00%,珞喻路,畅通,45,从喻家湖路到珞狮路,161
2026/4/26 16:48,2,缓行,40.4,88.89%,11.11%,0.00%,民族大道,畅通,50,从雄楚大道到珞喻路,83
2026/4/26 16:48,2,缓行,40.4,88.89%,11.11%,0.00%,虎泉街,畅通,50,从雄楚大道到民族大道,2
2026/4/26 16:48,2,缓行,40.4,88.89%,11.11%,0.00%,虎泉街,畅通,25,从民族大道到卓刀泉南路,160
2026/4/26 16:48,2,缓行,40.4,88.89%,11.11%,0.00%,鲁磨路,畅通,25,从珞喻路到喻家山北路,67
2026/4/26 16:48,2,缓行,40.4,88.89%,11.11%,0.00%,鲁磨路,畅通,30,从团山路到珞喻路,243
2026/4/26 16:50,2,缓行,39.3,88.89%,11.11%,0.00%,珞喻路,畅通,40,从珞狮路到喻家湖路,341
2026/4/26 16:50,2,缓行,39.3,88.89%,11.11%,0.00%,珞喻路,畅通,45,从喻家湖路到珞狮路,161
2026/4/26 16:50,2,缓行,39.3,88.89%,11.11%,0.00%,民族大道,畅通,30,从汤逊湖北路到珞喻路,79
2026/4/26 16:50,2,缓行,39.3,88.89%,11.11%,0.00%,虎泉街,畅通,50,从雄楚大道到民族大道,2
2026/4/26 16:50,2,缓行,39.3,88.89%,11.11%,0.00%,虎泉街,畅通,30,从民族大道到卓刀泉南路,160
2026/4/26 16:50,2,缓行,39.3,88.89%,11.11%,0.00%,鲁磨路,畅通,25,从珞喻路到喻家山北路,67
2026/4/26 16:50,2,缓行,39.3,88.89%,11.11%,0.00%,鲁磨路,畅通,30,从团山路到珞喻路,243
2026/4/26 16:52,2,缓行,37.7,88.89%,11.11%,0.00%,珞喻路,畅通,40,从珞狮路到喻家湖路,341
2026/4/26 16:52,2,缓行,37.7,88.89%,11.11%,0.00%,珞喻路,畅通,45,从喻家湖路到珞狮路,161
2026/4/26 16:52,2,缓行,37.7,88.89%,11.11%,0.00%,民族大道,畅通,50,从雄楚大道到珞喻路,83
2026/4/26 16:52,2,缓行,37.7,88.89%,11.11%,0.00%,虎泉街,畅通,25,从卓刀泉南路到民族大道,341
2026/4/26 16:52,2,缓行,37.7,88.89%,11.11%,0.00%,虎泉街,畅通,25,从民族大道到卓刀泉南路,160
2026/4/26 16:52,2,缓行,37.7,88.89%,11.11%,0.00%,鲁磨路,畅通,25,从珞喻路到喻家山北路,67
2026/4/26 16:52,2,缓行,37.7,88.89%,11.11%,0.00%,鲁磨路,畅通,30,从团山路到珞喻路,243
2026/4/26 16:54,2,缓行,36,88.89%,11.11%,0.00%,珞喻路,畅通,40,从珞狮路到喻家湖路,341
2026/4/26 16:54,2,缓行,36,88.89%,11.11%,0.00%,珞喻路,畅通,45,从喻家湖路到珞狮路,161
2026/4/26 16:54,2,缓行,36,88.89%,11.11%,0.00%,虎泉街,畅通,30,从卓刀泉南路到民族大道,341
2026/4/26 16:54,2,缓行,36,88.89%,11.11%,0.00%,虎泉街,畅通,25,从民族大道到卓刀泉南路,160
2026/4/26 16:54,2,缓行,36,88.89%,11.11%,0.00%,鲁磨路,畅通,25,从珞喻路到喻家山北路,67
2026/4/26 16:54,2,缓行,36,88.89%,11.11%,0.00%,鲁磨路,畅通,30,从团山路到珞喻路,243
2026/4/26 16:56,2,缓行,39.9,88.89%,11.11%,0.00%,珞喻路,畅通,40,从珞狮路到喻家湖路,341
2026/4/26 16:56,2,缓行,39.9,88.89%,11.11%,0.00%,珞喻路,畅通,45,从喻家湖路到珞狮路,161
2026/4/26 16:56,2,缓行,39.9,88.89%,11.11%,0.00%,民族大道,畅通,50,从雄楚大道到珞喻路,83
2026/4/26 16:56,2,缓行,39.9,88.89%,11.11%,0.00%,虎泉街,畅通,30,从卓刀泉南路到民族大道,341
2026/4/26 16:56,2,缓行,39.9,88.89%,11.11%,0.00%,虎泉街,畅通,30,从民族大道到卓刀泉南路,160
2026/4/26 16:56,2,缓行,39.9,88.89%,11.11%,0.00%,鲁磨路,畅通,30,从珞喻路到喻家山北路,67
2026/4/26 16:56,2,缓行,39.9,88.89%,11.11%,0.00%,鲁磨路,畅通,30,从团山路到珞喻路,243
2026/4/26 16:58,2,缓行,39.9,88.89%,11.11%,0.00%,珞喻路,畅通,40,从珞狮路到喻家湖路,341
2026/4/26 16:58,2,缓行,39.9,88.89%,11.11%,0.00%,珞喻路,畅通,45,从喻家湖路到珞狮路,161
2026/4/26 16:58,2,缓行,39.9,88.89%,11.11%,0.00%,民族大道,畅通,50,从雄楚大道到珞喻路,83
2026/4/26 16:58,2,缓行,39.9,88.89%,11.11%,0.00%,虎泉街,畅通,30,从卓刀泉南路到民族大道,341
2026/4/26 16:58,2,缓行,39.9,88.89%,11.11%,0.00%,虎泉街,畅通,30,从民族大道到卓刀泉南路,160
2026/4/26 16:58,2,缓行,39.9,88.89%,11.11%,0.00%,鲁磨路,畅通,30,从珞喻路到喻家山北路,67
2026/4/26 16:58,2,缓行,39.9,88.89%,11.11%,0.00%,鲁磨路,畅通,30,从团山路到珞喻路,243
2026/4/26 17:00,2,缓行,39.3,88.89%,11.11%,0.00%,珞喻路,畅通,40,从珞狮路到喻家湖路,341
2026/4/26 17:00,2,缓行,39.3,88.89%,11.11%,0.00%,珞喻路,畅通,40,从喻家湖路到珞狮路,161
2026/4/26 17:00,2,缓行,39.3,88.89%,11.11%,0.00%,民族大道,畅通,50,从雄楚大道到珞喻路,83
2026/4/26 17:00,2,缓行,39.3,88.89%,11.11%,0.00%,虎泉街,畅通,30,从卓刀泉南路到民族大道,341
2026/4/26 17:00,2,缓行,39.3,88.89%,11.11%,0.00%,虎泉街,畅通,30,从民族大道到卓刀泉南路,160
2026/4/26 17:00,2,缓行,39.3,88.89%,11.11%,0.00%,鲁磨路,畅通,30,从珞喻路到喻家山北路,67
2026/4/26 17:00,2,缓行,39.3,88.89%,11.11%,0.00%,鲁磨路,畅通,30,从团山路到珞喻路,243
2026/4/26 17:02,2,缓行,39.3,88.89%,11.11%,0.00%,珞喻路,畅通,40,从珞狮路到喻家湖路,341
2026/4/26 17:02,2,缓行,39.3,88.89%,11.11%,0.00%,珞喻路,畅通,40,从喻家湖路到珞狮路,161
2026/4/26 17:02,2,缓行,39.3,88.89%,11.11%,0.00%,民族大道,畅通,50,从雄楚大道到珞喻路,83
2026/4/26 17:02,2,缓行,39.3,88.89%,11.11%,0.00%,虎泉街,畅通,30,从卓刀泉南路到民族大道,341
2026/4/26 17:02,2,缓行,39.3,88.89%,11.11%,0.00%,虎泉街,畅通,30,从民族大道到卓刀泉南路,160
2026/4/26 17:02,2,缓行,39.3,88.89%,11.11%,0.00%,鲁磨路,畅通,25,从珞喻路到喻家山北路,67
2026/4/26 17:02,2,缓行,39.3,88.89%,11.11%,0.00%,鲁磨路,畅通,35,从团山路到珞喻路,243
2026/4/26 17:04,2,缓行,39.3,88.89%,11.11%,0.00%,珞喻路,畅通,40,从珞狮路到喻家湖路,341
2026/4/26 17:04,2,缓行,39.3,88.89%,11.11%,0.00%,珞喻路,畅通,40,从喻家湖路到珞狮路,161
2026/4/26 17:04,2,缓行,39.3,88.89%,11.11%,0.00%,民族大道,畅通,50,从雄楚大道到珞喻路,83
2026/4/26 17:04,2,缓行,39.3,88.89%,11.11%,0.00%,虎泉街,畅通,30,从卓刀泉南路到民族大道,341
2026/4/26 17:04,2,缓行,39.3,88.89%,11.11%,0.00%,虎泉街,畅通,30,从民族大道到卓刀泉南路,160
2026/4/26 17:04,2,缓行,39.3,88.89%,11.11%,0.00%,鲁磨路,畅通,25,从珞喻路到喻家山北路,67
2026/4/26 17:04,2,缓行,39.3,88.89%,11.11%,0.00%,鲁磨路,畅通,35,从团山路到珞喻路,243
2026/4/26 17:06,1,畅通,39.6,100.00%,0.00%,0.00%,珞喻路,畅通,40,从珞狮路到喻家湖路,341
2026/4/26 17:06,1,畅通,39.6,100.00%,0.00%,0.00%,珞喻路,畅通,40,从喻家湖路到珞狮路,161
2026/4/26 17:06,1,畅通,39.6,100.00%,0.00%,0.00%,民族大道,畅通,50,从雄楚大道到珞喻路,83
2026/4/26 17:06,1,畅通,39.6,100.00%,0.00%,0.00%,民族大道,畅通,32,从珞喻路到大学园路,258
2026/4/26 17:06,1,畅通,39.6,100.00%,0.00%,0.00%,虎泉街,畅通,30,从卓刀泉南路到民族大道,341
2026/4/26 17:06,1,畅通,39.6,100.00%,0.00%,0.00%,虎泉街,畅通,30,从民族大道到卓刀泉南路,160
2026/4/26 17:06,1,畅通,39.6,100.00%,0.00%,0.00%,鲁磨路,畅通,25,从珞喻路到喻家山北路,67
2026/4/26 17:06,1,畅通,39.6,100.00%,0.00%,0.00%,鲁磨路,畅通,30,从团山路到珞喻路,243
2026/4/26 17:08,1,畅通,39.6,100.00%,0.00%,0.00%,珞喻路,畅通,40,从珞狮路到喻家湖路,341
2026/4/26 17:08,1,畅通,39.6,100.00%,0.00%,0.00%,珞喻路,畅通,40,从喻家湖路到珞狮路,161
2026/4/26 17:08,1,畅通,39.6,100.00%,0.00%,0.00%,民族大道,畅通,50,从雄楚大道到珞喻路,83
2026/4/26 17:08,1,畅通,39.6,100.00%,0.00%,0.00%,民族大道,畅通,32,从珞喻路到大学园路,258
2026/4/26 17:08,1,畅通,39.6,100.00%,0.00%,0.00%,虎泉街,畅通,30,从卓刀泉南路到民族大道,341
2026/4/26 17:08,1,畅通,39.6,100.00%,0.00%,0.00%,虎泉街,畅通,30,从民族大道到卓刀泉南路,160
2026/4/26 17:08,1,畅通,39.6,100.00%,0.00%,0.00%,鲁磨路,畅通,25,从珞喻路到喻家山北路,67
2026/4/26 17:08,1,畅通,39.6,100.00%,0.00%,0.00%,鲁磨路,畅通,30,从团山路到珞喻路,243
2026/4/26 17:10,1,畅通,42.8,100.00%,0.00%,0.00%,珞喻路,畅通,40,从珞狮路到喻家湖路,341
2026/4/26 17:10,1,畅通,42.8,100.00%,0.00%,0.00%,珞喻路,畅通,40,从喻家湖路到珞狮路,161
2026/4/26 17:10,1,畅通,42.8,100.00%,0.00%,0.00%,民族大道,畅通,50,从雄楚大道到珞喻路,83
2026/4/26 17:10,1,畅通,42.8,100.00%,0.00%,0.00%,民族大道,畅通,36,从珞喻路到大学园路,258
2026/4/26 17:10,1,畅通,42.8,100.00%,0.00%,0.00%,虎泉街,畅通,50,从雄楚大道到民族大道,2
2026/4/26 17:10,1,畅通,42.8,100.00%,0.00%,0.00%,虎泉街,畅通,30,从民族大道到卓刀泉南路,160
2026/4/26 17:10,1,畅通,42.8,100.00%,0.00%,0.00%,鲁磨路,畅通,30,从珞喻路到喻家山北路,67
2026/4/26 17:10,1,畅通,42.8,100.00%,0.00%,0.00%,鲁磨路,畅通,30,从团山路到珞喻路,243
2026/4/26 17:12,1,畅通,40.4,100.00%,0.00%,0.00%,珞喻路,畅通,40,从珞狮路到喻家湖路,341
2026/4/26 17:12,1,畅通,40.4,100.00%,0.00%,0.00%,珞喻路,畅通,40,从喻家湖路到珞狮路,161
2026/4/26 17:12,1,畅通,40.4,100.00%,0.00%,0.00%,民族大道,畅通,50,从雄楚大道到珞喻路,83
2026/4/26 17:12,1,畅通,40.4,100.00%,0.00%,0.00%,民族大道,畅通,35,从珞喻路到大学园路,258
2026/4/26 17:12,1,畅通,40.4,100.00%,0.00%,0.00%,虎泉街,畅通,30,从卓刀泉南路到民族大道,341
2026/4/26 17:12,1,畅通,40.4,100.00%,0.00%,0.00%,虎泉街,畅通,30,从民族大道到卓刀泉南路,160
2026/4/26 17:12,1,畅通,40.4,100.00%,0.00%,0.00%,鲁磨路,畅通,30,从珞喻路到喻家山北路,67
2026/4/26 17:12,1,畅通,40.4,100.00%,0.00%,0.00%,鲁磨路,畅通,30,从团山路到珞喻路,243
2026/4/26 17:14,1,畅通,42.7,100.00%,0.00%,0.00%,珞喻路,畅通,40,从珞狮路到喻家湖路,341
2026/4/26 17:14,1,畅通,42.7,100.00%,0.00%,0.00%,珞喻路,畅通,40,从喻家湖路到珞狮路,161
2026/4/26 17:14,1,畅通,42.7,100.00%,0.00%,0.00%,民族大道,畅通,50,从雄楚大道到珞喻路,83
2026/4/26 17:14,1,畅通,42.7,100.00%,0.00%,0.00%,民族大道,畅通,35,从珞喻路到大学园路,258
2026/4/26 17:14,1,畅通,42.7,100.00%,0.00%,0.00%,虎泉街,畅通,50,从雄楚大道到民族大道,2
2026/4/26 17:14,1,畅通,42.7,100.00%,0.00%,0.00%,虎泉街,畅通,30,从民族大道到卓刀泉南路,160
2026/4/26 17:14,1,畅通,42.7,100.00%,0.00%,0.00%,鲁磨路,畅通,30,从珞喻路到喻家山北路,67
2026/4/26 17:14,1,畅通,42.7,100.00%,0.00%,0.00%,鲁磨路,畅通,30,从团山路到珞喻路,243
2026/4/26 17:16,1,畅通,42.7,100.00%,0.00%,0.00%,珞喻路,畅通,40,从珞狮路到喻家湖路,341
2026/4/26 17:16,1,畅通,42.7,100.00%,0.00%,0.00%,珞喻路,畅通,40,从喻家湖路到珞狮路,161
2026/4/26 17:16,1,畅通,42.7,100.00%,0.00%,0.00%,民族大道,畅通,50,从雄楚大道到珞喻路,83
2026/4/26 17:16,1,畅通,42.7,100.00%,0.00%,0.00%,民族大道,畅通,35,从珞喻路到大学园路,258
2026/4/26 17:16,1,畅通,42.7,100.00%,0.00%,0.00%,虎泉街,畅通,50,从雄楚大道到民族大道,2
2026/4/26 17:16,1,畅通,42.7,100.00%,0.00%,0.00%,虎泉街,畅通,30,从民族大道到卓刀泉南路,160
2026/4/26 17:16,1,畅通,42.7,100.00%,0.00%,0.00%,鲁磨路,畅通,30,从珞喻路到喻家山北路,67
2026/4/26 17:16,1,畅通,42.7,100.00%,0.00%,0.00%,鲁磨路,畅通,30,从团山路到珞喻路,243
2026/4/26 17:18,2,缓行,43.2,88.89%,11.11%,0.00%,珞喻路,畅通,45,从珞狮路到喻家湖路,341
2026/4/26 17:18,2,缓行,43.2,88.89%,11.11%,0.00%,珞喻路,畅通,45,从喻家湖路到珞狮路,161
2026/4/26 17:18,2,缓行,43.2,88.89%,11.11%,0.00%,民族大道,畅通,50,从雄楚大道到珞喻路,83
2026/4/26 17:18,2,缓行,43.2,88.89%,11.11%,0.00%,虎泉街,畅通,50,从雄楚大道到民族大道,2
2026/4/26 17:18,2,缓行,43.2,88.89%,11.11%,0.00%,虎泉街,畅通,30,从民族大道到卓刀泉南路,160
2026/4/26 17:18,2,缓行,43.2,88.89%,11.11%,0.00%,鲁磨路,畅通,30,从珞喻路到喻家山北路,67
2026/4/26 17:18,2,缓行,43.2,88.89%,11.11%,0.00%,鲁磨路,畅通,35,从团山路到珞喻路,243
2026/4/26 17:20,2,缓行,39.9,88.89%,11.11%,0.00%,珞喻路,畅通,40,从珞狮路到喻家湖路,341
2026/4/26 17:20,2,缓行,39.9,88.89%,11.11%,0.00%,珞喻路,畅通,40,从喻家湖路到珞狮路,161
2026/4/26 17:20,2,缓行,39.9,88.89%,11.11%,0.00%,民族大道,畅通,50,从雄楚大道到珞喻路,83
2026/4/26 17:20,2,缓行,39.9,88.89%,11.11%,0.00%,虎泉街,畅通,30,从卓刀泉南路到民族大道,341
2026/4/26 17:20,2,缓行,39.9,88.89%,11.11%,0.00%,虎泉街,畅通,30,从民族大道到卓刀泉南路,160
2026/4/26 17:20,2,缓行,39.9,88.89%,11.11%,0.00%,鲁磨路,畅通,30,从珞喻路到喻家山北路,67
2026/4/26 17:20,2,缓行,39.9,88.89%,11.11%,0.00%,鲁磨路,畅通,35,从团山路到珞喻路,243
2026/4/26 17:22,2,缓行,38.8,88.89%,11.11%,0.00%,珞喻路,畅通,40,从珞狮路到喻家湖路,341
2026/4/26 17:22,2,缓行,38.8,88.89%,11.11%,0.00%,珞喻路,畅通,40,从喻家湖路到珞狮路,161
2026/4/26 17:22,2,缓行,38.8,88.89%,11.11%,0.00%,民族大道,畅通,50,从雄楚大道到珞喻路,83
2026/4/26 17:22,2,缓行,38.8,88.89%,11.11%,0.00%,虎泉街,畅通,30,从卓刀泉南路到民族大道,341
2026/4/26 17:22,2,缓行,38.8,88.89%,11.11%,0.00%,虎泉街,畅通,25,从民族大道到卓刀泉南路,160
2026/4/26 17:22,2,缓行,38.8,88.89%,11.11%,0.00%,鲁磨路,畅通,30,从珞喻路到喻家山北路,67
2026/4/26 17:22,2,缓行,38.8,88.89%,11.11%,0.00%,鲁磨路,畅通,30,从团山路到珞喻路,243
2026/4/26 17:24,2,缓行,39.3,88.89%,11.11%,0.00%,珞喻路,畅通,40,从珞狮路到喻家湖路,341
2026/4/26 17:24,2,缓行,39.3,88.89%,11.11%,0.00%,珞喻路,畅通,45,从喻家湖路到珞狮路,161
2026/4/26 17:24,2,缓行,39.3,88.89%,11.11%,0.00%,民族大道,畅通,50,从雄楚大道到珞喻路,83
2026/4/26 17:24,2,缓行,39.3,88.89%,11.11%,0.00%,虎泉街,畅通,30,从卓刀泉南路到民族大道,341
2026/4/26 17:24,2,缓行,39.3,88.89%,11.11%,0.00%,虎泉街,畅通,30,从民族大道到卓刀泉南路,160
2026/4/26 17:24,2,缓行,39.3,88.89%,11.11%,0.00%,鲁磨路,畅通,25,从珞喻路到喻家山北路,67
2026/4/26 17:24,2,缓行,39.3,88.89%,11.11%,0.00%,鲁磨路,畅通,30,从团山路到珞喻路,243
2026/4/26 17:26,2,缓行,39.9,88.89%,11.11%,0.00%,珞喻路,畅通,40,从珞狮路到喻家湖路,341
2026/4/26 17:26,2,缓行,39.9,88.89%,11.11%,0.00%,珞喻路,畅通,45,从喻家湖路到珞狮路,161
2026/4/26 17:26,2,缓行,39.9,88.89%,11.11%,0.00%,民族大道,畅通,50,从雄楚大道到珞喻路,83
2026/4/26 17:26,2,缓行,39.9,88.89%,11.11%,0.00%,虎泉街,畅通,30,从卓刀泉南路到民族大道,341
2026/4/26 17:26,2,缓行,39.9,88.89%,11.11%,0.00%,虎泉街,畅通,25,从民族大道到卓刀泉南路,160
2026/4/26 17:26,2,缓行,39.9,88.89%,11.11%,0.00%,鲁磨路,畅通,30,从珞喻路到喻家山北路,67
2026/4/26 17:26,2,缓行,39.9,88.89%,11.11%,0.00%,鲁磨路,畅通,35,从团山路到珞喻路,243
2026/4/26 17:28,2,缓行,42.1,88.89%,11.11%,0.00%,珞喻路,畅通,40,从珞狮路到喻家湖路,341
2026/4/26 17:28,2,缓行,42.1,88.89%,11.11%,0.00%,珞喻路,畅通,45,从喻家湖路到珞狮路,161
2026/4/26 17:28,2,缓行,42.1,88.89%,11.11%,0.00%,民族大道,畅通,50,从雄楚大道到珞喻路,83
2026/4/26 17:28,2,缓行,42.1,88.89%,11.11%,0.00%,虎泉街,畅通,50,从雄楚大道到民族大道,2
2026/4/26 17:28,2,缓行,42.1,88.89%,11.11%,0.00%,虎泉街,畅通,30,从民族大道到卓刀泉南路,160
2026/4/26 17:28,2,缓行,42.1,88.89%,11.11%,0.00%,鲁磨路,畅通,30,从珞喻路到喻家山北路,67
2026/4/26 17:28,2,缓行,42.1,88.89%,11.11%,0.00%,鲁磨路,畅通,35,从团山路到珞喻路,243
2026/4/26 17:30,2,缓行,42.1,88.89%,11.11%,0.00%,珞喻路,畅通,40,从珞狮路到喻家湖路,341
2026/4/26 17:30,2,缓行,42.1,88.89%,11.11%,0.00%,珞喻路,畅通,45,从喻家湖路到珞狮路,161
2026/4/26 17:30,2,缓行,42.1,88.89%,11.11%,0.00%,民族大道,畅通,50,从雄楚大道到珞喻路,83
2026/4/26 17:30,2,缓行,42.1,88.89%,11.11%,0.00%,虎泉街,畅通,50,从雄楚大道到民族大道,2
2026/4/26 17:30,2,缓行,42.1,88.89%,11.11%,0.00%,虎泉街,畅通,30,从民族大道到卓刀泉南路,160
2026/4/26 17:30,2,缓行,42.1,88.89%,11.11%,0.00%,鲁磨路,畅通,30,从珞喻路到喻家山北路,67
2026/4/26 17:30,2,缓行,42.1,88.89%,11.11%,0.00%,鲁磨路,畅通,35,从团山路到珞喻路,243
2026/4/26 17:32,2,缓行,35,87.50%,12.50%,0.00%,民族大道,缓行,20,从珞喻路到南湖大道,263
2026/4/26 17:32,2,缓行,35,87.50%,12.50%,0.00%,珞喻路,畅通,40,从珞狮路到喻家湖路,341
2026/4/26 17:32,2,缓行,35,87.50%,12.50%,0.00%,珞喻路,畅通,40,从喻家湖路到珞狮路,161
2026/4/26 17:32,2,缓行,35,87.50%,12.50%,0.00%,虎泉街,畅通,50,从雄楚大道到民族大道,2
2026/4/26 17:32,2,缓行,35,87.50%,12.50%,0.00%,虎泉街,畅通,30,从民族大道到卓刀泉南路,160
2026/4/26 17:32,2,缓行,35,87.50%,12.50%,0.00%,鲁磨路,畅通,30,从珞喻路到喻家山北路,67
2026/4/26 17:32,2,缓行,35,87.50%,12.50%,0.00%,鲁磨路,畅通,35,从团山路到珞喻路,243
2026/4/26 17:34,2,缓行,35.6,87.50%,12.50%,0.00%,民族大道,缓行,20,从珞喻路到南湖大道,263
2026/4/26 17:34,2,缓行,35.6,87.50%,12.50%,0.00%,珞喻路,畅通,45,从珞狮路到喻家湖路,341
2026/4/26 17:34,2,缓行,35.6,87.50%,12.50%,0.00%,珞喻路,畅通,45,从喻家湖路到珞狮路,161
2026/4/26 17:34,2,缓行,35.6,87.50%,12.50%,0.00%,虎泉街,畅通,50,从雄楚大道到民族大道,2
2026/4/26 17:34,2,缓行,35.6,87.50%,12.50%,0.00%,虎泉街,畅通,30,从民族大道到卓刀泉南路,160
2026/4/26 17:34,2,缓行,35.6,87.50%,12.50%,0.00%,鲁磨路,畅通,25,从珞喻路到喻家山北路,67
2026/4/26 17:34,2,缓行,35.6,87.50%,12.50%,0.00%,鲁磨路,畅通,35,从团山路到珞喻路,243
2026/4/26 17:36,2,缓行,35,87.50%,12.50%,0.00%,民族大道,缓行,20,从珞喻路到南湖大道,263
2026/4/26 17:36,2,缓行,35,87.50%,12.50%,0.00%,珞喻路,畅通,45,从珞狮路到喻家湖路,341
2026/4/26 17:36,2,缓行,35,87.50%,12.50%,0.00%,珞喻路,畅通,45,从喻家湖路到珞狮路,161
2026/4/26 17:36,2,缓行,35,87.50%,12.50%,0.00%,民族大道,畅通,30,从汤逊湖北路到珞喻路,79
2026/4/26 17:36,2,缓行,35,87.50%,12.50%,0.00%,虎泉街,畅通,50,从雄楚大道到民族大道,2
2026/4/26 17:36,2,缓行,35,87.50%,12.50%,0.00%,虎泉街,畅通,30,从民族大道到卓刀泉南路,160
2026/4/26 17:36,2,缓行,35,87.50%,12.50%,0.00%,鲁磨路,畅通,25,从珞喻路到喻家山北路,67
2026/4/26 17:36,2,缓行,35,87.50%,12.50%,0.00%,鲁磨路,畅通,35,从团山路到珞喻路,243
2026/4/26 17:38,2,缓行,36.9,87.50%,12.50%,0.00%,民族大道,缓行,20,从珞喻路到南湖大道,263
2026/4/26 17:38,2,缓行,36.9,87.50%,12.50%,0.00%,珞喻路,畅通,45,从珞狮路到喻家湖路,341
2026/4/26 17:38,2,缓行,36.9,87.50%,12.50%,0.00%,珞喻路,畅通,45,从喻家湖路到珞狮路,161
2026/4/26 17:38,2,缓行,36.9,87.50%,12.50%,0.00%,民族大道,畅通,50,从雄楚大道到珞喻路,83
2026/4/26 17:38,2,缓行,36.9,87.50%,12.50%,0.00%,虎泉街,畅通,50,从雄楚大道到民族大道,2
2026/4/26 17:38,2,缓行,36.9,87.50%,12.50%,0.00%,虎泉街,畅通,25,从民族大道到卓刀泉南路,160
2026/4/26 17:38,2,缓行,36.9,87.50%,12.50%,0.00%,鲁磨路,畅通,30,从珞喻路到喻家山北路,67
2026/4/26 17:38,2,缓行,36.9,87.50%,12.50%,0.00%,鲁磨路,畅通,30,从团山路到珞喻路,243
2026/4/26 17:40,2,缓行,36.9,87.50%,12.50%,0.00%,民族大道,缓行,20,从珞喻路到南湖大道,263
2026/4/26 17:40,2,缓行,36.9,87.50%,12.50%,0.00%,珞喻路,畅通,45,从珞狮路到喻家湖路,341
2026/4/26 17:40,2,缓行,36.9,87.50%,12.50%,0.00%,珞喻路,畅通,45,从喻家湖路到珞狮路,161
2026/4/26 17:40,2,缓行,36.9,87.50%,12.50%,0.00%,民族大道,畅通,50,从雄楚大道到珞喻路,83
2026/4/26 17:40,2,缓行,36.9,87.50%,12.50%,0.00%,虎泉街,畅通,50,从雄楚大道到民族大道,2
2026/4/26 17:40,2,缓行,36.9,87.50%,12.50%,0.00%,虎泉街,畅通,25,从民族大道到卓刀泉南路,160
2026/4/26 17:40,2,缓行,36.9,87.50%,12.50%,0.00%,鲁磨路,畅通,30,从珞喻路到喻家山北路,67
2026/4/26 17:40,2,缓行,36.9,87.50%,12.50%,0.00%,鲁磨路,畅通,30,从团山路到珞喻路,243
2026/4/26 17:42,2,缓行,36.2,87.50%,12.50%,0.00%,珞喻路,畅通,45,从珞狮路到喻家湖路,341
2026/4/26 17:42,2,缓行,36.2,87.50%,12.50%,0.00%,珞喻路,畅通,45,从喻家湖路到珞狮路,161
2026/4/26 17:42,2,缓行,36.2,87.50%,12.50%,0.00%,民族大道,畅通,50,从雄楚大道到珞喻路,83
2026/4/26 17:42,2,缓行,36.2,87.50%,12.50%,0.00%,虎泉街,畅通,50,从雄楚大道到民族大道,2
2026/4/26 17:42,2,缓行,36.2,87.50%,12.50%,0.00%,虎泉街,畅通,25,从民族大道到卓刀泉南路,160
2026/4/26 17:42,2,缓行,36.2,87.50%,12.50%,0.00%,鲁磨路,畅通,30,从珞喻路到喻家山北路,67
2026/4/26 17:42,2,缓行,36.2,87.50%,12.50%,0.00%,鲁磨路,畅通,30,从团山路到珞喻路,243
2026/4/26 17:44,2,缓行,36.2,87.50%,12.50%,0.00%,珞喻路,畅通,45,从珞狮路到喻家湖路,341
2026/4/26 17:44,2,缓行,36.2,87.50%,12.50%,0.00%,珞喻路,畅通,45,从喻家湖路到珞狮路,161
2026/4/26 17:44,2,缓行,36.2,87.50%,12.50%,0.00%,民族大道,畅通,50,从雄楚大道到珞喻路,83
2026/4/26 17:44,2,缓行,36.2,87.50%,12.50%,0.00%,虎泉街,畅通,50,从雄楚大道到民族大道,2
2026/4/26 17:44,2,缓行,36.2,87.50%,12.50%,0.00%,虎泉街,畅通,30,从民族大道到卓刀泉南路,160
2026/4/26 17:44,2,缓行,36.2,87.50%,12.50%,0.00%,鲁磨路,畅通,25,从珞喻路到喻家山北路,67
2026/4/26 17:44,2,缓行,36.2,87.50%,12.50%,0.00%,鲁磨路,畅通,30,从团山路到珞喻路,243
2026/4/26 17:46,2,缓行,36.2,87.50%,12.50%,0.00%,珞喻路,畅通,45,从珞狮路到喻家湖路,341
2026/4/26 17:46,2,缓行,36.2,87.50%,12.50%,0.00%,珞喻路,畅通,45,从喻家湖路到珞狮路,161
2026/4/26 17:46,2,缓行,36.2,87.50%,12.50%,0.00%,民族大道,畅通,50,从雄楚大道到珞喻路,83
2026/4/26 17:46,2,缓行,36.2,87.50%,12.50%,0.00%,虎泉街,畅通,50,从雄楚大道到民族大道,2
2026/4/26 17:46,2,缓行,36.2,87.50%,12.50%,0.00%,虎泉街,畅通,30,从民族大道到卓刀泉南路,160
2026/4/26 17:46,2,缓行,36.2,87.50%,12.50%,0.00%,鲁磨路,畅通,25,从珞喻路到喻家山北路,67
2026/4/26 17:46,2,缓行,36.2,87.50%,12.50%,0.00%,鲁磨路,畅通,30,从团山路到珞喻路,243
2026/4/26 17:48,2,缓行,35.6,87.50%,12.50%,0.00%,珞喻路,畅通,40,从珞狮路到喻家湖路,341
2026/4/26 17:48,2,缓行,35.6,87.50%,12.50%,0.00%,珞喻路,畅通,40,从喻家湖路到珞狮路,161
2026/4/26 17:48,2,缓行,35.6,87.50%,12.50%,0.00%,民族大道,畅通,50,从雄楚大道到珞喻路,83
2026/4/26 17:48,2,缓行,35.6,87.50%,12.50%,0.00%,虎泉街,畅通,50,从雄楚大道到民族大道,2
2026/4/26 17:48,2,缓行,35.6,87.50%,12.50%,0.00%,虎泉街,畅通,30,从民族大道到卓刀泉南路,160
2026/4/26 17:48,2,缓行,35.6,87.50%,12.50%,0.00%,鲁磨路,畅通,30,从珞喻路到喻家山北路,67
2026/4/26 17:48,2,缓行,35.6,87.50%,12.50%,0.00%,鲁磨路,畅通,30,从团山路到珞喻路,243
2026/4/26 17:50,2,缓行,33.1,75.00%,25.00%,0.00%,珞喻路,畅通,45,从珞狮路到喻家湖路,341
2026/4/26 17:50,2,缓行,33.1,75.00%,25.00%,0.00%,珞喻路,畅通,40,从喻家湖路到珞狮路,161
2026/4/26 17:50,2,缓行,33.1,75.00%,25.00%,0.00%,民族大道,畅通,50,从雄楚大道到珞喻路,83
2026/4/26 17:50,2,缓行,33.1,75.00%,25.00%,0.00%,虎泉街,畅通,25,从卓刀泉南路到民族大道,341
2026/4/26 17:50,2,缓行,33.1,75.00%,25.00%,0.00%,鲁磨路,畅通,25,从珞喻路到喻家山北路,67
2026/4/26 17:50,2,缓行,33.1,75.00%,25.00%,0.00%,鲁磨路,畅通,35,从团山路到珞喻路,243
2026/4/26 17:52,2,缓行,33.1,87.50%,12.50%,0.00%,珞喻路,畅通,40,从珞狮路到喻家湖路,341
2026/4/26 17:52,2,缓行,33.1,87.50%,12.50%,0.00%,珞喻路,畅通,40,从喻家湖路到珞狮路,161
2026/4/26 17:52,2,缓行,33.1,87.50%,12.50%,0.00%,民族大道,畅通,50,从雄楚大道到珞喻路,83
2026/4/26 17:52,2,缓行,33.1,87.50%,12.50%,0.00%,虎泉街,畅通,30,从卓刀泉南路到民族大道,341
2026/4/26 17:52,2,缓行,33.1,87.50%,12.50%,0.00%,虎泉街,畅通,30,从民族大道到卓刀泉南路,160
2026/4/26 17:52,2,缓行,33.1,87.50%,12.50%,0.00%,鲁磨路,畅通,25,从珞喻路到喻家山北路,67
2026/4/26 17:52,2,缓行,33.1,87.50%,12.50%,0.00%,鲁磨路,畅通,30,从团山路到珞喻路,243
2026/4/26 17:54,2,缓行,36.9,87.50%,12.50%,0.00%,珞喻路,畅通,40,从珞狮路到喻家湖路,341
2026/4/26 17:54,2,缓行,36.9,87.50%,12.50%,0.00%,珞喻路,畅通,40,从喻家湖路到珞狮路,161
2026/4/26 17:54,2,缓行,36.9,87.50%,12.50%,0.00%,民族大道,畅通,50,从雄楚大道到珞喻路,83
2026/4/26 17:54,2,缓行,36.9,87.50%,12.50%,0.00%,虎泉街,畅通,50,从雄楚大道到民族大道,2
2026/4/26 17:54,2,缓行,36.9,87.50%,12.50%,0.00%,虎泉街,畅通,30,从民族大道到卓刀泉南路,160
2026/4/26 17:54,2,缓行,36.9,87.50%,12.50%,0.00%,鲁磨路,畅通,30,从珞喻路到喻家山北路,67
2026/4/26 17:54,2,缓行,36.9,87.50%,12.50%,0.00%,鲁磨路,畅通,35,从团山路到珞喻路,243
2026/4/26 17:56,2,缓行,36.9,87.50%,12.50%,0.00%,珞喻路,畅通,40,从珞狮路到喻家湖路,341
2026/4/26 17:56,2,缓行,36.9,87.50%,12.50%,0.00%,珞喻路,畅通,40,从喻家湖路到珞狮路,161
2026/4/26 17:56,2,缓行,36.9,87.50%,12.50%,0.00%,民族大道,畅通,50,从雄楚大道到珞喻路,83
2026/4/26 17:56,2,缓行,36.9,87.50%,12.50%,0.00%,虎泉街,畅通,50,从雄楚大道到民族大道,2
2026/4/26 17:56,2,缓行,36.9,87.50%,12.50%,0.00%,虎泉街,畅通,30,从民族大道到卓刀泉南路,160
2026/4/26 17:56,2,缓行,36.9,87.50%,12.50%,0.00%,鲁磨路,畅通,30,从珞喻路到喻家山北路,67
2026/4/26 17:56,2,缓行,36.9,87.50%,12.50%,0.00%,鲁磨路,畅通,35,从团山路到珞喻路,243
2026/4/26 17:58,2,缓行,35,87.50%,12.50%,0.00%,民族大道,缓行,20,从珞喻路到南湖大道,263
2026/4/26 17:58,2,缓行,35,87.50%,12.50%,0.00%,珞喻路,畅通,45,从珞狮路到喻家湖路,341
2026/4/26 17:58,2,缓行,35,87.50%,12.50%,0.00%,珞喻路,畅通,45,从喻家湖路到珞狮路,161
2026/4/26 17:58,2,缓行,35,87.50%,12.50%,0.00%,民族大道,畅通,50,从雄楚大道到珞喻路,83
2026/4/26 17:58,2,缓行,35,87.50%,12.50%,0.00%,虎泉街,畅通,25,从卓刀泉南路到民族大道,341
2026/4/26 17:58,2,缓行,35,87.50%,12.50%,0.00%,虎泉街,畅通,30,从民族大道到卓刀泉南路,160
2026/4/26 17:58,2,缓行,35,87.50%,12.50%,0.00%,鲁磨路,畅通,30,从珞喻路到喻家山北路,67
2026/4/26 17:58,2,缓行,35,87.50%,12.50%,0.00%,鲁磨路,畅通,35,从团山路到珞喻路,243
2026/4/26 18:00,2,缓行,38.2,88.89%,11.11%,0.00%,珞喻路,畅通,40,从珞狮路到喻家湖路,341
2026/4/26 18:00,2,缓行,38.2,88.89%,11.11%,0.00%,珞喻路,畅通,45,从喻家湖路到珞狮路,161
2026/4/26 18:00,2,缓行,38.2,88.89%,11.11%,0.00%,民族大道,畅通,50,从雄楚大道到珞喻路,83
2026/4/26 18:00,2,缓行,38.2,88.89%,11.11%,0.00%,虎泉街,畅通,30,从卓刀泉南路到民族大道,341
2026/4/26 18:00,2,缓行,38.2,88.89%,11.11%,0.00%,虎泉街,畅通,25,从民族大道到卓刀泉南路,160
2026/4/26 18:00,2,缓行,38.2,88.89%,11.11%,0.00%,鲁磨路,畅通,25,从珞喻路到喻家山北路,67
2026/4/26 18:00,2,缓行,38.2,88.89%,11.11%,0.00%,鲁磨路,畅通,30,从团山路到珞喻路,243
2026/4/26 18:02,2,缓行,41.6,88.89%,11.11%,0.00%,珞喻路,畅通,40,从珞狮路到喻家湖路,341
2026/4/26 18:02,2,缓行,41.6,88.89%,11.11%,0.00%,珞喻路,畅通,45,从喻家湖路到珞狮路,161
2026/4/26 18:02,2,缓行,41.6,88.89%,11.11%,0.00%,民族大道,畅通,50,从雄楚大道到珞喻路,83
2026/4/26 18:02,2,缓行,41.6,88.89%,11.11%,0.00%,虎泉街,畅通,50,从雄楚大道到民族大道,2
2026/4/26 18:02,2,缓行,41.6,88.89%,11.11%,0.00%,虎泉街,畅通,30,从民族大道到卓刀泉南路,160
2026/4/26 18:02,2,缓行,41.6,88.89%,11.11%,0.00%,鲁磨路,畅通,30,从珞喻路到喻家山北路,67
2026/4/26 18:02,2,缓行,41.6,88.89%,11.11%,0.00%,鲁磨路,畅通,30,从团山路到珞喻路,243
2026/4/26 18:04,2,缓行,41.6,88.89%,11.11%,0.00%,珞喻路,畅通,40,从珞狮路到喻家湖路,341
2026/4/26 18:04,2,缓行,41.6,88.89%,11.11%,0.00%,珞喻路,畅通,45,从喻家湖路到珞狮路,161
2026/4/26 18:04,2,缓行,41.6,88.89%,11.11%,0.00%,民族大道,畅通,50,从雄楚大道到珞喻路,83
2026/4/26 18:04,2,缓行,41.6,88.89%,11.11%,0.00%,虎泉街,畅通,50,从雄楚大道到民族大道,2
2026/4/26 18:04,2,缓行,41.6,88.89%,11.11%,0.00%,虎泉街,畅通,30,从民族大道到卓刀泉南路,160
2026/4/26 18:04,2,缓行,41.6,88.89%,11.11%,0.00%,鲁磨路,畅通,30,从珞喻路到喻家山北路,67
2026/4/26 18:04,2,缓行,41.6,88.89%,11.11%,0.00%,鲁磨路,畅通,30,从团山路到珞喻路,243
2026/4/26 18:06,2,缓行,41,88.89%,11.11%,0.00%,珞喻路,畅通,40,从珞狮路到喻家湖路,341
2026/4/26 18:06,2,缓行,41,88.89%,11.11%,0.00%,珞喻路,畅通,45,从喻家湖路到珞狮路,161
2026/4/26 18:06,2,缓行,41,88.89%,11.11%,0.00%,民族大道,畅通,50,从雄楚大道到珞喻路,83
2026/4/26 18:06,2,缓行,41,88.89%,11.11%,0.00%,虎泉街,畅通,50,从雄楚大道到民族大道,2
2026/4/26 18:06,2,缓行,41,88.89%,11.11%,0.00%,虎泉街,畅通,25,从民族大道到卓刀泉南路,160
2026/4/26 18:06,2,缓行,41,88.89%,11.11%,0.00%,鲁磨路,畅通,25,从珞喻路到喻家山北路,67
2026/4/26 18:06,2,缓行,41,88.89%,11.11%,0.00%,鲁磨路,畅通,35,从团山路到珞喻路,243
2026/4/26 18:08,2,缓行,42.1,88.89%,11.11%,0.00%,珞喻路,畅通,45,从珞狮路到喻家湖路,341
2026/4/26 18:08,2,缓行,42.1,88.89%,11.11%,0.00%,珞喻路,畅通,45,从喻家湖路到珞狮路,161
2026/4/26 18:08,2,缓行,42.1,88.89%,11.11%,0.00%,民族大道,畅通,50,从雄楚大道到珞喻路,83
2026/4/26 18:08,2,缓行,42.1,88.89%,11.11%,0.00%,虎泉街,畅通,50,从雄楚大道到民族大道,2
2026/4/26 18:08,2,缓行,42.1,88.89%,11.11%,0.00%,虎泉街,畅通,30,从民族大道到卓刀泉南路,160
2026/4/26 18:08,2,缓行,42.1,88.89%,11.11%,0.00%,鲁磨路,畅通,30,从珞喻路到喻家山北路,67
2026/4/26 18:08,2,缓行,42.1,88.89%,11.11%,0.00%,鲁磨路,畅通,30,从团山路到珞喻路,243
2026/4/26 18:10,2,缓行,41.6,88.89%,11.11%,0.00%,珞喻路,畅通,40,从珞狮路到喻家湖路,341
2026/4/26 18:10,2,缓行,41.6,88.89%,11.11%,0.00%,珞喻路,畅通,45,从喻家湖路到珞狮路,161
2026/4/26 18:10,2,缓行,41.6,88.89%,11.11%,0.00%,民族大道,畅通,50,从雄楚大道到珞喻路,83
2026/4/26 18:10,2,缓行,41.6,88.89%,11.11%,0.00%,虎泉街,畅通,50,从雄楚大道到民族大道,2
2026/4/26 18:10,2,缓行,41.6,88.89%,11.11%,0.00%,虎泉街,畅通,30,从民族大道到卓刀泉南路,160
2026/4/26 18:10,2,缓行,41.6,88.89%,11.11%,0.00%,鲁磨路,畅通,30,从珞喻路到喻家山北路,67
2026/4/26 18:10,2,缓行,41.6,88.89%,11.11%,0.00%,鲁磨路,畅通,30,从团山路到珞喻路,243
2026/4/26 18:12,2,缓行,41.6,88.89%,11.11%,0.00%,珞喻路,畅通,40,从珞狮路到喻家湖路,341
2026/4/26 18:12,2,缓行,41.6,88.89%,11.11%,0.00%,珞喻路,畅通,45,从喻家湖路到珞狮路,161
2026/4/26 18:12,2,缓行,41.6,88.89%,11.11%,0.00%,民族大道,畅通,50,从雄楚大道到珞喻路,83
2026/4/26 18:12,2,缓行,41.6,88.89%,11.11%,0.00%,虎泉街,畅通,50,从雄楚大道到民族大道,2
2026/4/26 18:12,2,缓行,41.6,88.89%,11.11%,0.00%,虎泉街,畅通,30,从民族大道到卓刀泉南路,160
2026/4/26 18:12,2,缓行,41.6,88.89%,11.11%,0.00%,鲁磨路,畅通,30,从珞喻路到喻家山北路,67
2026/4/26 18:12,2,缓行,41.6,88.89%,11.11%,0.00%,鲁磨路,畅通,30,从团山路到珞喻路,243
2026/4/26 18:14,2,缓行,31.2,87.50%,12.50%,0.00%,珞喻路,畅通,40,从珞狮路到喻家湖路,341
2026/4/26 18:14,2,缓行,31.2,87.50%,12.50%,0.00%,珞喻路,畅通,45,从喻家湖路到珞狮路,161
2026/4/26 18:14,2,缓行,31.2,87.50%,12.50%,0.00%,民族大道,畅通,35,从汤逊湖北路到珞喻路,79
2026/4/26 18:14,2,缓行,31.2,87.50%,12.50%,0.00%,虎泉街,畅通,25,从卓刀泉南路到民族大道,341
2026/4/26 18:14,2,缓行,31.2,87.50%,12.50%,0.00%,虎泉街,畅通,30,从民族大道到卓刀泉南路,160
2026/4/26 18:14,2,缓行,31.2,87.50%,12.50%,0.00%,鲁磨路,畅通,25,从珞喻路到喻家山北路,67
2026/4/26 18:14,2,缓行,31.2,87.50%,12.50%,0.00%,鲁磨路,畅通,30,从团山路到珞喻路,243
2026/4/26 18:16,2,缓行,31.2,87.50%,12.50%,0.00%,珞喻路,畅通,40,从珞狮路到喻家湖路,341
2026/4/26 18:16,2,缓行,31.2,87.50%,12.50%,0.00%,珞喻路,畅通,45,从喻家湖路到珞狮路,161
2026/4/26 18:16,2,缓行,31.2,87.50%,12.50%,0.00%,民族大道,畅通,35,从汤逊湖北路到珞喻路,79
2026/4/26 18:16,2,缓行,31.2,87.50%,12.50%,0.00%,虎泉街,畅通,25,从卓刀泉南路到民族大道,341
2026/4/26 18:16,2,缓行,31.2,87.50%,12.50%,0.00%,虎泉街,畅通,30,从民族大道到卓刀泉南路,160
2026/4/26 18:16,2,缓行,31.2,87.50%,12.50%,0.00%,鲁磨路,畅通,25,从珞喻路到喻家山北路,67
2026/4/26 18:16,2,缓行,31.2,87.50%,12.50%,0.00%,鲁磨路,畅通,30,从团山路到珞喻路,243
2026/4/26 18:18,2,缓行,30.6,77.78%,22.22%,0.00%,珞喻路,畅通,40,从珞狮路到喻家湖路,341
2026/4/26 18:18,2,缓行,30.6,77.78%,22.22%,0.00%,珞喻路,畅通,45,从喻家湖路到珞狮路,161
2026/4/26 18:18,2,缓行,30.6,77.78%,22.22%,0.00%,民族大道,畅通,35,从汤逊湖北路到珞喻路,79
2026/4/26 18:18,2,缓行,30.6,77.78%,22.22%,0.00%,虎泉街,畅通,25,从卓刀泉南路到民族大道,341
2026/4/26 18:18,2,缓行,30.6,77.78%,22.22%,0.00%,虎泉街,畅通,25,从民族大道到卓刀泉南路,160
2026/4/26 18:18,2,缓行,30.6,77.78%,22.22%,0.00%,鲁磨路,畅通,30,从珞喻路到喻家山北路,66
2026/4/26 18:18,2,缓行,30.6,77.78%,22.22%,0.00%,鲁磨路,畅通,35,从团山路到珞喻路,243
2026/4/26 18:20,2,缓行,30.6,87.50%,12.50%,0.00%,珞喻路,畅通,45,从珞狮路到喻家湖路,341
2026/4/26 18:20,2,缓行,30.6,87.50%,12.50%,0.00%,珞喻路,畅通,45,从喻家湖路到珞狮路,161
2026/4/26 18:20,2,缓行,30.6,87.50%,12.50%,0.00%,民族大道,畅通,30,从汤逊湖北路到珞喻路,79
2026/4/26 18:20,2,缓行,30.6,87.50%,12.50%,0.00%,虎泉街,畅通,25,从卓刀泉南路到民族大道,341
2026/4/26 18:20,2,缓行,30.6,87.50%,12.50%,0.00%,虎泉街,畅通,25,从民族大道到卓刀泉南路,160
2026/4/26 18:20,2,缓行,30.6,87.50%,12.50%,0.00%,鲁磨路,畅通,25,从珞喻路到喻家山北路,67
2026/4/26 18:20,2,缓行,30.6,87.50%,12.50%,0.00%,鲁磨路,畅通,30,从团山路到珞喻路,243
2026/4/26 18:22,1,畅通,34.4,100.00%,0.00%,0.00%,珞喻路,畅通,45,从珞狮路到喻家湖路,341
2026/4/26 18:22,1,畅通,34.4,100.00%,0.00%,0.00%,珞喻路,畅通,40,从喻家湖路到珞狮路,161
2026/4/26 18:22,1,畅通,34.4,100.00%,0.00%,0.00%,民族大道,畅通,30,从汤逊湖北路到珞喻路,79
2026/4/26 18:22,1,畅通,34.4,100.00%,0.00%,0.00%,虎泉街,畅通,50,从雄楚大道到民族大道,2
2026/4/26 18:22,1,畅通,34.4,100.00%,0.00%,0.00%,虎泉街,畅通,25,从民族大道到卓刀泉南路,160
2026/4/26 18:22,1,畅通,34.4,100.00%,0.00%,0.00%,鲁磨路,畅通,25,从珞喻路到喻家山北路,67
2026/4/26 18:22,1,畅通,34.4,100.00%,0.00%,0.00%,鲁磨路,畅通,30,从团山路到珞喻路,243
2026/4/26 18:24,2,缓行,33.1,87.50%,12.50%,0.00%,民族大道,缓行,20,从珞喻路到南湖大道,263
2026/4/26 18:24,2,缓行,33.1,87.50%,12.50%,0.00%,珞喻路,畅通,45,从珞狮路到喻家湖路,341
2026/4/26 18:24,2,缓行,33.1,87.50%,12.50%,0.00%,珞喻路,畅通,40,从喻家湖路到珞狮路,161
2026/4/26 18:24,2,缓行,33.1,87.50%,12.50%,0.00%,民族大道,畅通,30,从汤逊湖北路到珞喻路,79
2026/4/26 18:24,2,缓行,33.1,87.50%,12.50%,0.00%,虎泉街,畅通,50,从雄楚大道到民族大道,2
2026/4/26 18:24,2,缓行,33.1,87.50%,12.50%,0.00%,虎泉街,畅通,25,从民族大道到卓刀泉南路,160
2026/4/26 18:24,2,缓行,33.1,87.50%,12.50%,0.00%,鲁磨路,畅通,25,从珞喻路到喻家山北路,67
2026/4/26 18:24,2,缓行,33.1,87.50%,12.50%,0.00%,鲁磨路,畅通,30,从团山路到珞喻路,243
2026/4/26 18:26,2,缓行,33.1,87.50%,12.50%,0.00%,民族大道,缓行,20,从珞喻路到南湖大道,263
2026/4/26 18:26,2,缓行,33.1,87.50%,12.50%,0.00%,珞喻路,畅通,45,从珞狮路到喻家湖路,341
2026/4/26 18:26,2,缓行,33.1,87.50%,12.50%,0.00%,珞喻路,畅通,40,从喻家湖路到珞狮路,161
2026/4/26 18:26,2,缓行,33.1,87.50%,12.50%,0.00%,民族大道,畅通,30,从汤逊湖北路到珞喻路,79
2026/4/26 18:26,2,缓行,33.1,87.50%,12.50%,0.00%,虎泉街,畅通,50,从雄楚大道到民族大道,2
2026/4/26 18:26,2,缓行,33.1,87.50%,12.50%,0.00%,虎泉街,畅通,25,从民族大道到卓刀泉南路,160
2026/4/26 18:26,2,缓行,33.1,87.50%,12.50%,0.00%,鲁磨路,畅通,25,从珞喻路到喻家山北路,67
2026/4/26 18:26,2,缓行,33.1,87.50%,12.50%,0.00%,鲁磨路,畅通,30,从团山路到珞喻路,243
2026/4/26 18:28,1,畅通,34.5,100.00%,0.00%,0.00%,珞喻路,畅通,40,从珞狮路到喻家湖路,341
2026/4/26 18:28,1,畅通,34.5,100.00%,0.00%,0.00%,珞喻路,畅通,40,从喻家湖路到珞狮路,161
2026/4/26 18:28,1,畅通,34.5,100.00%,0.00%,0.00%,民族大道,畅通,31,从珞喻路到大学园路,258
2026/4/26 18:28,1,畅通,34.5,100.00%,0.00%,0.00%,虎泉街,畅通,50,从雄楚大道到民族大道,2
2026/4/26 18:28,1,畅通,34.5,100.00%,0.00%,0.00%,虎泉街,畅通,25,从民族大道到卓刀泉南路,160
2026/4/26 18:28,1,畅通,34.5,100.00%,0.00%,0.00%,鲁磨路,畅通,25,从珞喻路到喻家山北路,67
2026/4/26 18:28,1,畅通,34.5,100.00%,0.00%,0.00%,鲁磨路,畅通,30,从团山路到珞喻路,243
2026/4/26 18:30,1,畅通,34.5,100.00%,0.00%,0.00%,珞喻路,畅通,40,从珞狮路到喻家湖路,341
2026/4/26 18:30,1,畅通,34.5,100.00%,0.00%,0.00%,珞喻路,畅通,40,从喻家湖路到珞狮路,161
2026/4/26 18:30,1,畅通,34.5,100.00%,0.00%,0.00%,民族大道,畅通,31,从珞喻路到大学园路,258
2026/4/26 18:30,1,畅通,34.5,100.00%,0.00%,0.00%,虎泉街,畅通,50,从雄楚大道到民族大道,2
2026/4/26 18:30,1,畅通,34.5,100.00%,0.00%,0.00%,虎泉街,畅通,25,从民族大道到卓刀泉南路,160
2026/4/26 18:30,1,畅通,34.5,100.00%,0.00%,0.00%,鲁磨路,畅通,25,从珞喻路到喻家山北路,67
2026/4/26 18:30,1,畅通,34.5,100.00%,0.00%,0.00%,鲁磨路,畅通,30,从团山路到珞喻路,243
2026/4/26 18:32,2,缓行,34.4,87.50%,12.50%,0.00%,珞喻路,畅通,45,从珞狮路到喻家湖路,341
2026/4/26 18:32,2,缓行,34.4,87.50%,12.50%,0.00%,珞喻路,畅通,40,从喻家湖路到珞狮路,161
2026/4/26 18:32,2,缓行,34.4,87.50%,12.50%,0.00%,虎泉街,畅通,50,从雄楚大道到民族大道,2
2026/4/26 18:32,2,缓行,34.4,87.50%,12.50%,0.00%,虎泉街,畅通,25,从民族大道到卓刀泉南路,160
2026/4/26 18:32,2,缓行,34.4,87.50%,12.50%,0.00%,鲁磨路,畅通,30,从珞喻路到喻家山北路,67
2026/4/26 18:32,2,缓行,34.4,87.50%,12.50%,0.00%,鲁磨路,畅通,30,从团山路到珞喻路,243
2026/4/26 18:34,2,缓行,39.3,88.89%,11.11%,0.00%,民族大道,缓行,20,从珞喻路到南湖大道,263
2026/4/26 18:34,2,缓行,39.3,88.89%,11.11%,0.00%,珞喻路,畅通,45,从珞狮路到喻家湖路,341
2026/4/26 18:34,2,缓行,39.3,88.89%,11.11%,0.00%,珞喻路,畅通,45,从喻家湖路到珞狮路,161
2026/4/26 18:34,2,缓行,39.3,88.89%,11.11%,0.00%,虎泉街,畅通,50,从雄楚大道到民族大道,2
2026/4/26 18:34,2,缓行,39.3,88.89%,11.11%,0.00%,虎泉街,畅通,25,从民族大道到卓刀泉南路,160
2026/4/26 18:34,2,缓行,39.3,88.89%,11.11%,0.00%,鲁磨路,畅通,25,从珞喻路到喻家山北路,67
2026/4/26 18:34,2,缓行,39.3,88.89%,11.11%,0.00%,鲁磨路,畅通,30,从团山路到珞喻路,243
2026/4/26 18:36,2,缓行,39.3,88.89%,11.11%,0.00%,民族大道,缓行,20,从珞喻路到南湖大道,263
2026/4/26 18:36,2,缓行,39.3,88.89%,11.11%,0.00%,珞喻路,畅通,45,从珞狮路到喻家湖路,341
2026/4/26 18:36,2,缓行,39.3,88.89%,11.11%,0.00%,珞喻路,畅通,45,从喻家湖路到珞狮路,161
2026/4/26 18:36,2,缓行,39.3,88.89%,11.11%,0.00%,虎泉街,畅通,50,从雄楚大道到民族大道,2
2026/4/26 18:36,2,缓行,39.3,88.89%,11.11%,0.00%,虎泉街,畅通,25,从民族大道到卓刀泉南路,160
2026/4/26 18:36,2,缓行,39.3,88.89%,11.11%,0.00%,鲁磨路,畅通,25,从珞喻路到喻家山北路,67
2026/4/26 18:36,2,缓行,39.3,88.89%,11.11%,0.00%,鲁磨路,畅通,30,从团山路到珞喻路,243
2026/4/26 18:38,2,缓行,41.6,88.89%,11.11%,0.00%,民族大道,缓行,25,从珞喻路到南湖大道,263
2026/4/26 18:38,2,缓行,41.6,88.89%,11.11%,0.00%,珞喻路,畅通,40,从珞狮路到喻家湖路,341
2026/4/26 18:38,2,缓行,41.6,88.89%,11.11%,0.00%,珞喻路,畅通,45,从喻家湖路到珞狮路,161
2026/4/26 18:38,2,缓行,41.6,88.89%,11.11%,0.00%,民族大道,畅通,50,从雄楚大道到珞喻路,83
2026/4/26 18:38,2,缓行,41.6,88.89%,11.11%,0.00%,虎泉街,畅通,50,从雄楚大道到民族大道,2
2026/4/26 18:38,2,缓行,41.6,88.89%,11.11%,0.00%,虎泉街,畅通,30,从民族大道到卓刀泉南路,160
2026/4/26 18:38,2,缓行,41.6,88.89%,11.11%,0.00%,鲁磨路,畅通,25,从珞喻路到喻家山北路,67
2026/4/26 18:38,2,缓行,41.6,88.89%,11.11%,0.00%,鲁磨路,畅通,30,从团山路到珞喻路,243
2026/4/26 18:40,2,缓行,42.1,88.89%,11.11%,0.00%,珞喻路,畅通,40,从珞狮路到喻家湖路,341
2026/4/26 18:40,2,缓行,42.1,88.89%,11.11%,0.00%,珞喻路,畅通,45,从喻家湖路到珞狮路,161
2026/4/26 18:40,2,缓行,42.1,88.89%,11.11%,0.00%,民族大道,畅通,50,从雄楚大道到珞喻路,83
2026/4/26 18:40,2,缓行,42.1,88.89%,11.11%,0.00%,虎泉街,畅通,50,从雄楚大道到民族大道,2
2026/4/26 18:40,2,缓行,42.1,88.89%,11.11%,0.00%,虎泉街,畅通,30,从民族大道到卓刀泉南路,160
2026/4/26 18:40,2,缓行,42.1,88.89%,11.11%,0.00%,鲁磨路,畅通,30,从珞喻路到喻家山北路,67
2026/4/26 18:40,2,缓行,42.1,88.89%,11.11%,0.00%,鲁磨路,畅通,30,从团山路到珞喻路,243
2026/4/26 18:42,1,畅通,39.9,100.00%,0.00%,0.00%,珞喻路,畅通,45,从珞狮路到喻家湖路,341
2026/4/26 18:42,1,畅通,39.9,100.00%,0.00%,0.00%,珞喻路,畅通,40,从喻家湖路到珞狮路,161
2026/4/26 18:42,1,畅通,39.9,100.00%,0.00%,0.00%,民族大道,畅通,50,从雄楚大道到珞喻路,83
2026/4/26 18:42,1,畅通,39.9,100.00%,0.00%,0.00%,民族大道,畅通,30,从珞喻路到南湖大道,263
2026/4/26 18:42,1,畅通,39.9,100.00%,0.00%,0.00%,虎泉街,畅通,25,从卓刀泉南路到民族大道,341
2026/4/26 18:42,1,畅通,39.9,100.00%,0.00%,0.00%,虎泉街,畅通,30,从民族大道到卓刀泉南路,160
2026/4/26 18:42,1,畅通,39.9,100.00%,0.00%,0.00%,鲁磨路,畅通,30,从珞喻路到喻家山北路,67
2026/4/26 18:42,1,畅通,39.9,100.00%,0.00%,0.00%,鲁磨路,畅通,30,从团山路到珞喻路,243
2026/4/26 18:44,1,畅通,39.9,100.00%,0.00%,0.00%,珞喻路,畅通,45,从珞狮路到喻家湖路,341
2026/4/26 18:44,1,畅通,39.9,100.00%,0.00%,0.00%,珞喻路,畅通,40,从喻家湖路到珞狮路,161
2026/4/26 18:44,1,畅通,39.9,100.00%,0.00%,0.00%,民族大道,畅通,50,从雄楚大道到珞喻路,83
2026/4/26 18:44,1,畅通,39.9,100.00%,0.00%,0.00%,民族大道,畅通,30,从珞喻路到南湖大道,263
2026/4/26 18:44,1,畅通,39.9,100.00%,0.00%,0.00%,虎泉街,畅通,25,从卓刀泉南路到民族大道,341
2026/4/26 18:44,1,畅通,39.9,100.00%,0.00%,0.00%,虎泉街,畅通,30,从民族大道到卓刀泉南路,160
2026/4/26 18:44,1,畅通,39.9,100.00%,0.00%,0.00%,鲁磨路,畅通,30,从珞喻路到喻家山北路,67
2026/4/26 18:44,1,畅通,39.9,100.00%,0.00%,0.00%,鲁磨路,畅通,30,从团山路到珞喻路,243
2026/4/26 18:46,2,缓行,37.7,88.89%,11.11%,0.00%,珞喻路,畅通,45,从珞狮路到喻家湖路,341
2026/4/26 18:46,2,缓行,37.7,88.89%,11.11%,0.00%,珞喻路,畅通,40,从喻家湖路到珞狮路,161
2026/4/26 18:46,2,缓行,37.7,88.89%,11.11%,0.00%,民族大道,畅通,50,从雄楚大道到珞喻路,83
2026/4/26 18:46,2,缓行,37.7,88.89%,11.11%,0.00%,虎泉街,畅通,25,从卓刀泉南路到民族大道,341
2026/4/26 18:46,2,缓行,37.7,88.89%,11.11%,0.00%,虎泉街,畅通,25,从民族大道到卓刀泉南路,160
2026/4/26 18:46,2,缓行,37.7,88.89%,11.11%,0.00%,鲁磨路,畅通,25,从珞喻路到喻家山北路,67
2026/4/26 18:46,2,缓行,37.7,88.89%,11.11%,0.00%,鲁磨路,畅通,30,从团山路到珞喻路,243
2026/4/26 18:48,2,缓行,38.8,88.89%,11.11%,0.00%,珞喻路,畅通,45,从珞狮路到喻家湖路,341
2026/4/26 18:48,2,缓行,38.8,88.89%,11.11%,0.00%,珞喻路,畅通,40,从喻家湖路到珞狮路,161
2026/4/26 18:48,2,缓行,38.8,88.89%,11.11%,0.00%,民族大道,畅通,50,从雄楚大道到珞喻路,83
2026/4/26 18:48,2,缓行,38.8,88.89%,11.11%,0.00%,虎泉街,畅通,30,从卓刀泉南路到民族大道,341
2026/4/26 18:48,2,缓行,38.8,88.89%,11.11%,0.00%,虎泉街,畅通,25,从民族大道到卓刀泉南路,160
2026/4/26 18:48,2,缓行,38.8,88.89%,11.11%,0.00%,鲁磨路,畅通,30,从珞喻路到喻家山北路,67
2026/4/26 18:48,2,缓行,38.8,88.89%,11.11%,0.00%,鲁磨路,畅通,30,从团山路到珞喻路,243
2026/4/26 18:50,2,缓行,38.8,88.89%,11.11%,0.00%,珞喻路,畅通,45,从珞狮路到喻家湖路,341
2026/4/26 18:50,2,缓行,38.8,88.89%,11.11%,0.00%,珞喻路,畅通,45,从喻家湖路到珞狮路,161
2026/4/26 18:50,2,缓行,38.8,88.89%,11.11%,0.00%,民族大道,畅通,50,从雄楚大道到珞喻路,83
2026/4/26 18:50,2,缓行,38.8,88.89%,11.11%,0.00%,虎泉街,畅通,25,从卓刀泉南路到民族大道,341
2026/4/26 18:50,2,缓行,38.8,88.89%,11.11%,0.00%,虎泉街,畅通,30,从民族大道到卓刀泉南路,160
2026/4/26 18:50,2,缓行,38.8,88.89%,11.11%,0.00%,鲁磨路,畅通,25,从珞喻路到喻家山北路,67
2026/4/26 18:50,2,缓行,38.8,88.89%,11.11%,0.00%,鲁磨路,畅通,30,从团山路到珞喻路,243
2026/4/26 18:52,2,缓行,34.9,88.89%,11.11%,0.00%,珞喻路,畅通,40,从珞狮路到喻家湖路,341
2026/4/26 18:52,2,缓行,34.9,88.89%,11.11%,0.00%,珞喻路,畅通,40,从喻家湖路到珞狮路,161
2026/4/26 18:52,2,缓行,34.9,88.89%,11.11%,0.00%,虎泉街,畅通,25,从卓刀泉南路到民族大道,341
2026/4/26 18:52,2,缓行,34.9,88.89%,11.11%,0.00%,虎泉街,畅通,25,从民族大道到卓刀泉南路,160
2026/4/26 18:52,2,缓行,34.9,88.89%,11.11%,0.00%,鲁磨路,畅通,30,从珞喻路到喻家山北路,67
2026/4/26 18:52,2,缓行,34.9,88.89%,11.11%,0.00%,鲁磨路,畅通,30,从团山路到珞喻路,243
2026/4/26 18:54,2,缓行,36,88.89%,11.11%,0.00%,珞喻路,畅通,40,从珞狮路到喻家湖路,341
2026/4/26 18:54,2,缓行,36,88.89%,11.11%,0.00%,珞喻路,畅通,40,从喻家湖路到珞狮路,161
2026/4/26 18:54,2,缓行,36,88.89%,11.11%,0.00%,虎泉街,畅通,25,从卓刀泉南路到民族大道,341
2026/4/26 18:54,2,缓行,36,88.89%,11.11%,0.00%,虎泉街,畅通,25,从民族大道到卓刀泉南路,160
2026/4/26 18:54,2,缓行,36,88.89%,11.11%,0.00%,鲁磨路,畅通,25,从珞喻路到喻家山北路,67
2026/4/26 18:54,2,缓行,36,88.89%,11.11%,0.00%,鲁磨路,畅通,30,从团山路到珞喻路,243
2026/4/26 18:56,2,缓行,36,88.89%,11.11%,0.00%,珞喻路,畅通,40,从珞狮路到喻家湖路,341
2026/4/26 18:56,2,缓行,36,88.89%,11.11%,0.00%,珞喻路,畅通,40,从喻家湖路到珞狮路,161
2026/4/26 18:56,2,缓行,36,88.89%,11.11%,0.00%,虎泉街,畅通,25,从卓刀泉南路到民族大道,341
2026/4/26 18:56,2,缓行,36,88.89%,11.11%,0.00%,虎泉街,畅通,25,从民族大道到卓刀泉南路,160
2026/4/26 18:56,2,缓行,36,88.89%,11.11%,0.00%,鲁磨路,畅通,25,从珞喻路到喻家山北路,67
2026/4/26 18:56,2,缓行,36,88.89%,11.11%,0.00%,鲁磨路,畅通,30,从团山路到珞喻路,243
2026/4/26 18:58,2,缓行,39.3,88.89%,11.11%,0.00%,珞喻路,畅通,40,从珞狮路到喻家湖路,341
2026/4/26 18:58,2,缓行,39.3,88.89%,11.11%,0.00%,珞喻路,畅通,40,从喻家湖路到珞狮路,161
2026/4/26 18:58,2,缓行,39.3,88.89%,11.11%,0.00%,虎泉街,畅通,50,从雄楚大道到民族大道,2
2026/4/26 18:58,2,缓行,39.3,88.89%,11.11%,0.00%,虎泉街,畅通,25,从民族大道到卓刀泉南路,160
2026/4/26 18:58,2,缓行,39.3,88.89%,11.11%,0.00%,鲁磨路,畅通,25,从珞喻路到喻家山北路,67
2026/4/26 18:58,2,缓行,39.3,88.89%,11.11%,0.00%,鲁磨路,畅通,30,从团山路到珞喻路,243
2026/4/26 19:00,2,缓行,40.4,88.89%,11.11%,0.00%,珞喻路,畅通,40,从珞狮路到喻家湖路,341
2026/4/26 19:00,2,缓行,40.4,88.89%,11.11%,0.00%,珞喻路,畅通,45,从喻家湖路到珞狮路,161
2026/4/26 19:00,2,缓行,40.4,88.89%,11.11%,0.00%,虎泉街,畅通,50,从雄楚大道到民族大道,2
2026/4/26 19:00,2,缓行,40.4,88.89%,11.11%,0.00%,虎泉街,畅通,30,从民族大道到卓刀泉南路,160
2026/4/26 19:00,2,缓行,40.4,88.89%,11.11%,0.00%,鲁磨路,畅通,25,从珞喻路到喻家山北路,67
2026/4/26 19:00,2,缓行,40.4,88.89%,11.11%,0.00%,鲁磨路,畅通,30,从团山路到珞喻路,243
2026/4/26 19:02,2,缓行,40.4,88.89%,11.11%,0.00%,珞喻路,畅通,40,从珞狮路到喻家湖路,341
2026/4/26 19:02,2,缓行,40.4,88.89%,11.11%,0.00%,珞喻路,畅通,45,从喻家湖路到珞狮路,161
2026/4/26 19:02,2,缓行,40.4,88.89%,11.11%,0.00%,虎泉街,畅通,50,从雄楚大道到民族大道,2
2026/4/26 19:02,2,缓行,40.4,88.89%,11.11%,0.00%,虎泉街,畅通,25,从民族大道到卓刀泉南路,160
2026/4/26 19:02,2,缓行,40.4,88.89%,11.11%,0.00%,鲁磨路,畅通,30,从珞喻路到喻家山北路,67
2026/4/26 19:02,2,缓行,40.4,88.89%,11.11%,0.00%,鲁磨路,畅通,30,从团山路到珞喻路,243
2026/4/26 19:04,2,缓行,40.4,88.89%,11.11%,0.00%,珞喻路,畅通,40,从珞狮路到喻家湖路,341
2026/4/26 19:04,2,缓行,40.4,88.89%,11.11%,0.00%,珞喻路,畅通,45,从喻家湖路到珞狮路,161
2026/4/26 19:04,2,缓行,40.4,88.89%,11.11%,0.00%,虎泉街,畅通,50,从雄楚大道到民族大道,2
2026/4/26 19:04,2,缓行,40.4,88.89%,11.11%,0.00%,虎泉街,畅通,25,从民族大道到卓刀泉南路,160
2026/4/26 19:04,2,缓行,40.4,88.89%,11.11%,0.00%,鲁磨路,畅通,30,从珞喻路到喻家山北路,67
2026/4/26 19:04,2,缓行,40.4,88.89%,11.11%,0.00%,鲁磨路,畅通,30,从团山路到珞喻路,243
2026/4/26 19:06,2,缓行,38.8,88.89%,11.11%,0.00%,珞喻路,畅通,40,从珞狮路到喻家湖路,341
2026/4/26 19:06,2,缓行,38.8,88.89%,11.11%,0.00%,珞喻路,畅通,40,从喻家湖路到珞狮路,161
2026/4/26 19:06,2,缓行,38.8,88.89%,11.11%,0.00%,虎泉街,畅通,50,从雄楚大道到民族大道,2
2026/4/26 19:06,2,缓行,38.8,88.89%,11.11%,0.00%,虎泉街,畅通,25,从民族大道到卓刀泉南路,160
2026/4/26 19:06,2,缓行,38.8,88.89%,11.11%,0.00%,鲁磨路,畅通,30,从珞喻路到喻家山北路,67
2026/4/26 19:06,2,缓行,38.8,88.89%,11.11%,0.00%,鲁磨路,畅通,30,从团山路到珞喻路,243
2026/4/26 19:08,2,缓行,38.8,88.89%,11.11%,0.00%,珞喻路,畅通,40,从珞狮路到喻家湖路,341
2026/4/26 19:08,2,缓行,38.8,88.89%,11.11%,0.00%,珞喻路,畅通,40,从喻家湖路到珞狮路,161
2026/4/26 19:08,2,缓行,38.8,88.89%,11.11%,0.00%,虎泉街,畅通,50,从雄楚大道到民族大道,2
2026/4/26 19:08,2,缓行,38.8,88.89%,11.11%,0.00%,虎泉街,畅通,25,从民族大道到卓刀泉南路,160
2026/4/26 19:08,2,缓行,38.8,88.89%,11.11%,0.00%,鲁磨路,畅通,30,从珞喻路到喻家山北路,67
2026/4/26 19:08,2,缓行,38.8,88.89%,11.11%,0.00%,鲁磨路,畅通,30,从团山路到珞喻路,243
2026/4/26 19:10,2,缓行,38.2,88.89%,11.11%,0.00%,珞喻路,畅通,40,从珞狮路到喻家湖路,341
2026/4/26 19:10,2,缓行,38.2,88.89%,11.11%,0.00%,珞喻路,畅通,40,从喻家湖路到珞狮路,161
2026/4/26 19:10,2,缓行,38.2,88.89%,11.11%,0.00%,民族大道,畅通,30,从汤逊湖北路到珞喻路,79
2026/4/26 19:10,2,缓行,38.2,88.89%,11.11%,0.00%,虎泉街,畅通,50,从雄楚大道到民族大道,2
2026/4/26 19:10,2,缓行,38.2,88.89%,11.11%,0.00%,虎泉街,畅通,25,从民族大道到卓刀泉南路,160
2026/4/26 19:10,2,缓行,38.2,88.89%,11.11%,0.00%,鲁磨路,畅通,30,从珞喻路到喻家山北路,67
2026/4/26 19:10,2,缓行,38.2,88.89%,11.11%,0.00%,鲁磨路,畅通,30,从团山路到珞喻路,243
2026/4/26 19:12,2,缓行,39.3,88.89%,11.11%,0.00%,珞喻路,畅通,45,从珞狮路到喻家湖路,341
2026/4/26 19:12,2,缓行,39.3,88.89%,11.11%,0.00%,珞喻路,畅通,45,从喻家湖路到珞狮路,161
2026/4/26 19:12,2,缓行,39.3,88.89%,11.11%,0.00%,虎泉街,畅通,50,从雄楚大道到民族大道,2
2026/4/26 19:12,2,缓行,39.3,88.89%,11.11%,0.00%,虎泉街,畅通,25,从民族大道到卓刀泉南路,160
2026/4/26 19:12,2,缓行,39.3,88.89%,11.11%,0.00%,鲁磨路,畅通,30,从珞喻路到喻家山北路,67
2026/4/26 19:12,2,缓行,39.3,88.89%,11.11%,0.00%,鲁磨路,畅通,30,从团山路到珞喻路,243
2026/4/26 19:14,2,缓行,36.6,77.78%,22.22%,0.00%,珞喻路,畅通,45,从珞狮路到喻家湖路,341
2026/4/26 19:14,2,缓行,36.6,77.78%,22.22%,0.00%,珞喻路,畅通,45,从喻家湖路到珞狮路,161
2026/4/26 19:14,2,缓行,36.6,77.78%,22.22%,0.00%,民族大道,畅通,30,从汤逊湖北路到珞喻路,79
2026/4/26 19:14,2,缓行,36.6,77.78%,22.22%,0.00%,虎泉街,畅通,30,从卓刀泉南路到民族大道,341
2026/4/26 19:14,2,缓行,36.6,77.78%,22.22%,0.00%,鲁磨路,畅通,25,从珞喻路到喻家山北路,67
2026/4/26 19:14,2,缓行,36.6,77.78%,22.22%,0.00%,鲁磨路,畅通,30,从团山路到珞喻路,243
2026/4/26 19:16,2,缓行,36.6,88.89%,11.11%,0.00%,珞喻路,畅通,45,从珞狮路到喻家湖路,341
2026/4/26 19:16,2,缓行,36.6,88.89%,11.11%,0.00%,珞喻路,畅通,45,从喻家湖路到珞狮路,161
2026/4/26 19:16,2,缓行,36.6,88.89%,11.11%,0.00%,虎泉街,畅通,30,从卓刀泉南路到民族大道,341
2026/4/26 19:16,2,缓行,36.6,88.89%,11.11%,0.00%,虎泉街,畅通,25,从民族大道到卓刀泉南路,160
2026/4/26 19:16,2,缓行,36.6,88.89%,11.11%,0.00%,鲁磨路,畅通,25,从珞喻路到喻家山北路,67
2026/4/26 19:16,2,缓行,36.6,88.89%,11.11%,0.00%,鲁磨路,畅通,25,从团山路到珞喻路,243
2026/4/26 19:18,2,缓行,37.7,88.89%,11.11%,0.00%,珞喻路,畅通,40,从珞狮路到喻家湖路,341
2026/4/26 19:18,2,缓行,37.7,88.89%,11.11%,0.00%,珞喻路,畅通,40,从喻家湖路到珞狮路,161
2026/4/26 19:18,2,缓行,37.7,88.89%,11.11%,0.00%,民族大道,畅通,30,从汤逊湖北路到珞喻路,79
2026/4/26 19:18,2,缓行,37.7,88.89%,11.11%,0.00%,虎泉街,畅通,50,从雄楚大道到民族大道,2
2026/4/26 19:18,2,缓行,37.7,88.89%,11.11%,0.00%,虎泉街,畅通,30,从民族大道到卓刀泉南路,160
2026/4/26 19:18,2,缓行,37.7,88.89%,11.11%,0.00%,鲁磨路,畅通,25,从珞喻路到喻家山北路,67
2026/4/26 19:18,2,缓行,37.7,88.89%,11.11%,0.00%,鲁磨路,畅通,25,从团山路到珞喻路,243
2026/4/26 19:20,2,缓行,37.7,88.89%,11.11%,0.00%,珞喻路,畅通,40,从珞狮路到喻家湖路,341
2026/4/26 19:20,2,缓行,37.7,88.89%,11.11%,0.00%,珞喻路,畅通,40,从喻家湖路到珞狮路,161
2026/4/26 19:20,2,缓行,37.7,88.89%,11.11%,0.00%,民族大道,畅通,30,从汤逊湖北路到珞喻路,79
2026/4/26 19:20,2,缓行,37.7,88.89%,11.11%,0.00%,虎泉街,畅通,50,从雄楚大道到民族大道,2
2026/4/26 19:20,2,缓行,37.7,88.89%,11.11%,0.00%,虎泉街,畅通,30,从民族大道到卓刀泉南路,160
2026/4/26 19:20,2,缓行,37.7,88.89%,11.11%,0.00%,鲁磨路,畅通,25,从珞喻路到喻家山北路,67
2026/4/26 19:20,2,缓行,37.7,88.89%,11.11%,0.00%,鲁磨路,畅通,25,从团山路到珞喻路,243
2026/4/26 19:22,1,畅通,40.4,100.00%,0.00%,0.00%,珞喻路,畅通,45,从珞狮路到喻家湖路,341
2026/4/26 19:22,1,畅通,40.4,100.00%,0.00%,0.00%,珞喻路,畅通,45,从喻家湖路到珞狮路,161
2026/4/26 19:22,1,畅通,40.4,100.00%,0.00%,0.00%,民族大道,畅通,30,从汤逊湖北路到珞喻路,79
2026/4/26 19:22,1,畅通,40.4,100.00%,0.00%,0.00%,民族大道,畅通,30,从珞喻路到南湖大道,263
2026/4/26 19:22,1,畅通,40.4,100.00%,0.00%,0.00%,虎泉街,畅通,50,从雄楚大道到民族大道,2
2026/4/26 19:22,1,畅通,40.4,100.00%,0.00%,0.00%,虎泉街,畅通,30,从民族大道到卓刀泉南路,160
2026/4/26 19:22,1,畅通,40.4,100.00%,0.00%,0.00%,鲁磨路,畅通,25,从珞喻路到喻家山北路,67
2026/4/26 19:22,1,畅通,40.4,100.00%,0.00%,0.00%,鲁磨路,畅通,30,从团山路到珞喻路,243
2026/4/26 19:24,1,畅通,40.7,100.00%,0.00%,0.00%,珞喻路,畅通,40,从珞狮路到喻家湖路,341
2026/4/26 19:24,1,畅通,40.7,100.00%,0.00%,0.00%,珞喻路,畅通,45,从喻家湖路到珞狮路,161
2026/4/26 19:24,1,畅通,40.7,100.00%,0.00%,0.00%,民族大道,畅通,30,从汤逊湖北路到珞喻路,79
2026/4/26 19:24,1,畅通,40.7,100.00%,0.00%,0.00%,民族大道,畅通,37,从珞喻路到大学园路,258
2026/4/26 19:24,1,畅通,40.7,100.00%,0.00%,0.00%,虎泉街,畅通,50,从雄楚大道到民族大道,2
2026/4/26 19:24,1,畅通,40.7,100.00%,0.00%,0.00%,虎泉街,畅通,30,从民族大道到卓刀泉南路,160
2026/4/26 19:24,1,畅通,40.7,100.00%,0.00%,0.00%,鲁磨路,畅通,25,从珞喻路到喻家山北路,67
2026/4/26 19:24,1,畅通,40.7,100.00%,0.00%,0.00%,鲁磨路,畅通,30,从团山路到珞喻路,243
2026/4/26 19:26,1,畅通,40.7,100.00%,0.00%,0.00%,珞喻路,畅通,40,从珞狮路到喻家湖路,341
2026/4/26 19:26,1,畅通,40.7,100.00%,0.00%,0.00%,珞喻路,畅通,45,从喻家湖路到珞狮路,161
2026/4/26 19:26,1,畅通,40.7,100.00%,0.00%,0.00%,民族大道,畅通,30,从汤逊湖北路到珞喻路,79
2026/4/26 19:26,1,畅通,40.7,100.00%,0.00%,0.00%,民族大道,畅通,37,从珞喻路到大学园路,258
2026/4/26 19:26,1,畅通,40.7,100.00%,0.00%,0.00%,虎泉街,畅通,50,从雄楚大道到民族大道,2
2026/4/26 19:26,1,畅通,40.7,100.00%,0.00%,0.00%,虎泉街,畅通,30,从民族大道到卓刀泉南路,160
2026/4/26 19:26,1,畅通,40.7,100.00%,0.00%,0.00%,鲁磨路,畅通,25,从珞喻路到喻家山北路,67
2026/4/26 19:26,1,畅通,40.7,100.00%,0.00%,0.00%,鲁磨路,畅通,30,从团山路到珞喻路,243
2026/4/26 19:28,1,畅通,32.2,100.00%,0.00%,0.00%,珞喻路,畅通,40,从珞狮路到喻家湖路,341
2026/4/26 19:28,1,畅通,32.2,100.00%,0.00%,0.00%,珞喻路,畅通,45,从喻家湖路到珞狮路,161
2026/4/26 19:28,1,畅通,32.2,100.00%,0.00%,0.00%,民族大道,畅通,30,从汤逊湖北路到珞喻路,79
2026/4/26 19:28,1,畅通,32.2,100.00%,0.00%,0.00%,民族大道,畅通,33,从珞喻路到大学园路,258
2026/4/26 19:28,1,畅通,32.2,100.00%,0.00%,0.00%,虎泉街,畅通,25,从卓刀泉南路到民族大道,341
2026/4/26 19:28,1,畅通,32.2,100.00%,0.00%,0.00%,虎泉街,畅通,30,从民族大道到卓刀泉南路,160
2026/4/26 19:28,1,畅通,32.2,100.00%,0.00%,0.00%,鲁磨路,畅通,25,从珞喻路到喻家山北路,67
2026/4/26 19:28,1,畅通,32.2,100.00%,0.00%,0.00%,鲁磨路,畅通,30,从团山路到珞喻路,243
2026/4/26 19:30,1,畅通,32.1,100.00%,0.00%,0.00%,珞喻路,畅通,45,从珞狮路到喻家湖路,341
2026/4/26 19:30,1,畅通,32.1,100.00%,0.00%,0.00%,珞喻路,畅通,45,从喻家湖路到珞狮路,161
2026/4/26 19:30,1,畅通,32.1,100.00%,0.00%,0.00%,民族大道,畅通,30,从汤逊湖北路到珞喻路,79
2026/4/26 19:30,1,畅通,32.1,100.00%,0.00%,0.00%,民族大道,畅通,32,从珞喻路到大学园路,258
2026/4/26 19:30,1,畅通,32.1,100.00%,0.00%,0.00%,虎泉街,畅通,25,从卓刀泉南路到民族大道,341
2026/4/26 19:30,1,畅通,32.1,100.00%,0.00%,0.00%,虎泉街,畅通,25,从民族大道到卓刀泉南路,160
2026/4/26 19:30,1,畅通,32.1,100.00%,0.00%,0.00%,鲁磨路,畅通,30,从珞喻路到喻家山北路,67
2026/4/26 19:30,1,畅通,32.1,100.00%,0.00%,0.00%,鲁磨路,畅通,25,从团山路到珞喻路,243
2026/4/26 19:32,1,畅通,32.1,100.00%,0.00%,0.00%,珞喻路,畅通,45,从珞狮路到喻家湖路,341
2026/4/26 19:32,1,畅通,32.1,100.00%,0.00%,0.00%,珞喻路,畅通,45,从喻家湖路到珞狮路,161
2026/4/26 19:32,1,畅通,32.1,100.00%,0.00%,0.00%,民族大道,畅通,30,从汤逊湖北路到珞喻路,79
2026/4/26 19:32,1,畅通,32.1,100.00%,0.00%,0.00%,民族大道,畅通,32,从珞喻路到大学园路,258
2026/4/26 19:32,1,畅通,32.1,100.00%,0.00%,0.00%,虎泉街,畅通,25,从卓刀泉南路到民族大道,341
2026/4/26 19:32,1,畅通,32.1,100.00%,0.00%,0.00%,虎泉街,畅通,25,从民族大道到卓刀泉南路,160
2026/4/26 19:32,1,畅通,32.1,100.00%,0.00%,0.00%,鲁磨路,畅通,30,从珞喻路到喻家山北路,67
2026/4/26 19:32,1,畅通,32.1,100.00%,0.00%,0.00%,鲁磨路,畅通,25,从团山路到珞喻路,243
2026/4/26 19:34,2,缓行,30,87.50%,12.50%,0.00%,珞喻路,畅通,45,从珞狮路到喻家湖路,341
2026/4/26 19:34,2,缓行,30,87.50%,12.50%,0.00%,珞喻路,畅通,40,从喻家湖路到珞狮路,161
2026/4/26 19:34,2,缓行,30,87.50%,12.50%,0.00%,民族大道,畅通,30,从汤逊湖北路到珞喻路,79
2026/4/26 19:34,2,缓行,30,87.50%,12.50%,0.00%,虎泉街,畅通,25,从卓刀泉南路到民族大道,341
2026/4/26 19:34,2,缓行,30,87.50%,12.50%,0.00%,虎泉街,畅通,25,从民族大道到卓刀泉南路,160
2026/4/26 19:34,2,缓行,30,87.50%,12.50%,0.00%,鲁磨路,畅通,25,从珞喻路到喻家山北路,67
2026/4/26 19:34,2,缓行,30,87.50%,12.50%,0.00%,鲁磨路,畅通,30,从团山路到珞喻路,243
2026/4/26 19:36,2,缓行,30,87.50%,12.50%,0.00%,珞喻路,畅通,45,从珞狮路到喻家湖路,341
2026/4/26 19:36,2,缓行,30,87.50%,12.50%,0.00%,珞喻路,畅通,40,从喻家湖路到珞狮路,161
2026/4/26 19:36,2,缓行,30,87.50%,12.50%,0.00%,民族大道,畅通,30,从汤逊湖北路到珞喻路,79
2026/4/26 19:36,2,缓行,30,87.50%,12.50%,0.00%,虎泉街,畅通,25,从卓刀泉南路到民族大道,341
2026/4/26 19:36,2,缓行,30,87.50%,12.50%,0.00%,虎泉街,畅通,25,从民族大道到卓刀泉南路,160
2026/4/26 19:36,2,缓行,30,87.50%,12.50%,0.00%,鲁磨路,畅通,25,从珞喻路到喻家山北路,67
2026/4/26 19:36,2,缓行,30,87.50%,12.50%,0.00%,鲁磨路,畅通,30,从团山路到珞喻路,243
2026/4/26 19:38,2,缓行,29.4,87.50%,12.50%,0.00%,珞喻路,畅通,40,从珞狮路到喻家湖路,341
2026/4/26 19:38,2,缓行,29.4,87.50%,12.50%,0.00%,珞喻路,畅通,40,从喻家湖路到珞狮路,161
2026/4/26 19:38,2,缓行,29.4,87.50%,12.50%,0.00%,民族大道,畅通,30,从汤逊湖北路到珞喻路,79
2026/4/26 19:38,2,缓行,29.4,87.50%,12.50%,0.00%,虎泉街,畅通,25,从卓刀泉南路到民族大道,341
2026/4/26 19:38,2,缓行,29.4,87.50%,12.50%,0.00%,虎泉街,畅通,25,从民族大道到卓刀泉南路,160
2026/4/26 19:38,2,缓行,29.4,87.50%,12.50%,0.00%,鲁磨路,畅通,30,从珞喻路到喻家山北路,67
2026/4/26 19:38,2,缓行,29.4,87.50%,12.50%,0.00%,鲁磨路,畅通,25,从团山路到珞喻路,243
2026/4/26 19:40,2,缓行,30,87.50%,12.50%,0.00%,珞喻路,畅通,45,从珞狮路到喻家湖路,341
2026/4/26 19:40,2,缓行,30,87.50%,12.50%,0.00%,珞喻路,畅通,40,从喻家湖路到珞狮路,161
2026/4/26 19:40,2,缓行,30,87.50%,12.50%,0.00%,民族大道,畅通,30,从汤逊湖北路到珞喻路,79
2026/4/26 19:40,2,缓行,30,87.50%,12.50%,0.00%,虎泉街,畅通,25,从卓刀泉南路到民族大道,341
2026/4/26 19:40,2,缓行,30,87.50%,12.50%,0.00%,虎泉街,畅通,25,从民族大道到卓刀泉南路,160
2026/4/26 19:40,2,缓行,30,87.50%,12.50%,0.00%,鲁磨路,畅通,25,从珞喻路到喻家山北路,67
2026/4/26 19:40,2,缓行,30,87.50%,12.50%,0.00%,鲁磨路,畅通,30,从团山路到珞喻路,243
2026/4/26 19:42,2,缓行,30,87.50%,12.50%,0.00%,珞喻路,畅通,45,从珞狮路到喻家湖路,341
2026/4/26 19:42,2,缓行,30,87.50%,12.50%,0.00%,珞喻路,畅通,40,从喻家湖路到珞狮路,161
2026/4/26 19:42,2,缓行,30,87.50%,12.50%,0.00%,民族大道,畅通,30,从汤逊湖北路到珞喻路,79
2026/4/26 19:42,2,缓行,30,87.50%,12.50%,0.00%,虎泉街,畅通,25,从卓刀泉南路到民族大道,341
2026/4/26 19:42,2,缓行,30,87.50%,12.50%,0.00%,虎泉街,畅通,25,从民族大道到卓刀泉南路,160
2026/4/26 19:42,2,缓行,30,87.50%,12.50%,0.00%,鲁磨路,畅通,25,从珞喻路到喻家山北路,67
2026/4/26 19:42,2,缓行,30,87.50%,12.50%,0.00%,鲁磨路,畅通,30,从团山路到珞喻路,243
2026/4/26 19:44,2,缓行,31.9,87.50%,12.50%,0.00%,民族大道,缓行,20,从珞喻路到南湖大道,263
2026/4/26 19:44,2,缓行,31.9,87.50%,12.50%,0.00%,珞喻路,畅通,45,从珞狮路到喻家湖路,341
2026/4/26 19:44,2,缓行,31.9,87.50%,12.50%,0.00%,珞喻路,畅通,40,从喻家湖路到珞狮路,161
2026/4/26 19:44,2,缓行,31.9,87.50%,12.50%,0.00%,民族大道,畅通,35,从汤逊湖北路到珞喻路,79
2026/4/26 19:44,2,缓行,31.9,87.50%,12.50%,0.00%,虎泉街,畅通,30,从卓刀泉南路到民族大道,341
2026/4/26 19:44,2,缓行,31.9,87.50%,12.50%,0.00%,虎泉街,畅通,25,从民族大道到卓刀泉南路,160
2026/4/26 19:44,2,缓行,31.9,87.50%,12.50%,0.00%,鲁磨路,畅通,30,从珞喻路到喻家山北路,67
2026/4/26 19:44,2,缓行,31.9,87.50%,12.50%,0.00%,鲁磨路,畅通,30,从团山路到珞喻路,243
2026/4/26 19:46,2,缓行,31.2,87.50%,12.50%,0.00%,珞喻路,畅通,45,从珞狮路到喻家湖路,341
2026/4/26 19:46,2,缓行,31.2,87.50%,12.50%,0.00%,珞喻路,畅通,40,从喻家湖路到珞狮路,161
2026/4/26 19:46,2,缓行,31.2,87.50%,12.50%,0.00%,民族大道,畅通,30,从汤逊湖北路到珞喻路,79
2026/4/26 19:46,2,缓行,31.2,87.50%,12.50%,0.00%,虎泉街,畅通,30,从卓刀泉南路到民族大道,341
2026/4/26 19:46,2,缓行,31.2,87.50%,12.50%,0.00%,虎泉街,畅通,25,从民族大道到卓刀泉南路,160
2026/4/26 19:46,2,缓行,31.2,87.50%,12.50%,0.00%,鲁磨路,畅通,30,从珞喻路到喻家山北路,67
2026/4/26 19:46,2,缓行,31.2,87.50%,12.50%,0.00%,鲁磨路,畅通,30,从团山路到珞喻路,243
2026/4/26 19:48,2,缓行,30.6,87.50%,12.50%,0.00%,珞喻路,畅通,40,从珞狮路到喻家湖路,341
2026/4/26 19:48,2,缓行,30.6,87.50%,12.50%,0.00%,珞喻路,畅通,40,从喻家湖路到珞狮路,161
2026/4/26 19:48,2,缓行,30.6,87.50%,12.50%,0.00%,民族大道,畅通,30,从汤逊湖北路到珞喻路,79
2026/4/26 19:48,2,缓行,30.6,87.50%,12.50%,0.00%,虎泉街,畅通,25,从卓刀泉南路到民族大道,341
2026/4/26 19:48,2,缓行,30.6,87.50%,12.50%,0.00%,虎泉街,畅通,30,从民族大道到卓刀泉南路,160
2026/4/26 19:48,2,缓行,30.6,87.50%,12.50%,0.00%,鲁磨路,畅通,30,从珞喻路到喻家山北路,67
2026/4/26 19:48,2,缓行,30.6,87.50%,12.50%,0.00%,鲁磨路,畅通,30,从团山路到珞喻路,243
2026/4/26 19:50,2,缓行,30.6,87.50%,12.50%,0.00%,珞喻路,畅通,40,从珞狮路到喻家湖路,341
2026/4/26 19:50,2,缓行,30.6,87.50%,12.50%,0.00%,珞喻路,畅通,40,从喻家湖路到珞狮路,161
2026/4/26 19:50,2,缓行,30.6,87.50%,12.50%,0.00%,民族大道,畅通,30,从汤逊湖北路到珞喻路,79
2026/4/26 19:50,2,缓行,30.6,87.50%,12.50%,0.00%,虎泉街,畅通,25,从卓刀泉南路到民族大道,341
2026/4/26 19:50,2,缓行,30.6,87.50%,12.50%,0.00%,虎泉街,畅通,30,从民族大道到卓刀泉南路,160
2026/4/26 19:50,2,缓行,30.6,87.50%,12.50%,0.00%,鲁磨路,畅通,30,从珞喻路到喻家山北路,67
2026/4/26 19:50,2,缓行,30.6,87.50%,12.50%,0.00%,鲁磨路,畅通,30,从团山路到珞喻路,243
2026/4/26 19:52,2,缓行,33.1,87.50%,12.50%,0.00%,民族大道,缓行,20,从珞喻路到南湖大道,263
2026/4/26 19:52,2,缓行,33.1,87.50%,12.50%,0.00%,珞喻路,畅通,40,从珞狮路到喻家湖路,341
2026/4/26 19:52,2,缓行,33.1,87.50%,12.50%,0.00%,珞喻路,畅通,45,从喻家湖路到珞狮路,161
2026/4/26 19:52,2,缓行,33.1,87.50%,12.50%,0.00%,民族大道,畅通,50,从雄楚大道到珞喻路,83
2026/4/26 19:52,2,缓行,33.1,87.50%,12.50%,0.00%,虎泉街,畅通,25,从卓刀泉南路到民族大道,341
2026/4/26 19:52,2,缓行,33.1,87.50%,12.50%,0.00%,虎泉街,畅通,30,从民族大道到卓刀泉南路,160
2026/4/26 19:52,2,缓行,33.1,87.50%,12.50%,0.00%,鲁磨路,畅通,25,从珞喻路到喻家山北路,67
2026/4/26 19:52,2,缓行,33.1,87.50%,12.50%,0.00%,鲁磨路,畅通,30,从团山路到珞喻路,243
2026/4/27 7:25,2,缓行,38.9,90.00%,10.00%,0.00%,珞喻路,畅通,45,从珞狮路到喻家湖路,341
2026/4/27 7:25,2,缓行,38.9,90.00%,10.00%,0.00%,虎泉街,畅通,30,从卓刀泉南路到民族大道,341
2026/4/27 7:25,2,缓行,38.9,90.00%,10.00%,0.00%,虎泉街,畅通,30,从民族大道到卓刀泉南路,160
2026/4/27 7:25,2,缓行,38.9,90.00%,10.00%,0.00%,鲁磨路,畅通,30,从珞喻路到喻家山北路,67
2026/4/27 7:25,2,缓行,38.9,90.00%,10.00%,0.00%,鲁磨路,畅通,35,从团山路到珞喻路,243
2026/4/27 7:25,2,缓行,38.9,90.00%,10.00%,0.00%,珞喻路,畅通,45,从珞狮路到喻家湖路,341
2026/4/27 7:25,2,缓行,38.9,90.00%,10.00%,0.00%,虎泉街,畅通,30,从卓刀泉南路到民族大道,341
2026/4/27 7:25,2,缓行,38.9,90.00%,10.00%,0.00%,虎泉街,畅通,30,从民族大道到卓刀泉南路,160
2026/4/27 7:25,2,缓行,38.9,90.00%,10.00%,0.00%,鲁磨路,畅通,30,从珞喻路到喻家山北路,67
2026/4/27 7:25,2,缓行,38.9,90.00%,10.00%,0.00%,鲁磨路,畅通,35,从团山路到珞喻路,243
2026/4/27 7:26,2,缓行,40.9,80.00%,20.00%,0.00%,民族大道,缓行,25,从珞喻路到南湖大道,263
2026/4/27 7:26,2,缓行,40.9,80.00%,20.00%,0.00%,珞喻路,畅通,45,从珞狮路到喻家湖路,341
2026/4/27 7:26,2,缓行,40.9,80.00%,20.00%,0.00%,民族大道,畅通,50,从雄楚大道到珞喻路,83
2026/4/27 7:26,2,缓行,40.9,80.00%,20.00%,0.00%,虎泉街,畅通,35,从卓刀泉南路到民族大道,341
2026/4/27 7:26,2,缓行,40.9,80.00%,20.00%,0.00%,虎泉街,畅通,30,从民族大道到卓刀泉南路,160
2026/4/27 7:26,2,缓行,40.9,80.00%,20.00%,0.00%,鲁磨路,畅通,35,从珞喻路到喻家山北路,67
2026/4/27 7:26,2,缓行,40.9,80.00%,20.00%,0.00%,鲁磨路,畅通,35,从团山路到珞喻路,243
2026/4/27 7:26,2,缓行,40.9,80.00%,20.00%,0.00%,民族大道,缓行,25,从珞喻路到南湖大道,263
2026/4/27 7:26,2,缓行,40.9,80.00%,20.00%,0.00%,珞喻路,畅通,45,从珞狮路到喻家湖路,341
2026/4/27 7:26,2,缓行,40.9,80.00%,20.00%,0.00%,民族大道,畅通,50,从雄楚大道到珞喻路,83
2026/4/27 7:26,2,缓行,40.9,80.00%,20.00%,0.00%,虎泉街,畅通,35,从卓刀泉南路到民族大道,341
2026/4/27 7:26,2,缓行,40.9,80.00%,20.00%,0.00%,虎泉街,畅通,30,从民族大道到卓刀泉南路,160
2026/4/27 7:26,2,缓行,40.9,80.00%,20.00%,0.00%,鲁磨路,畅通,35,从珞喻路到喻家山北路,67
2026/4/27 7:26,2,缓行,40.9,80.00%,20.00%,0.00%,鲁磨路,畅通,35,从团山路到珞喻路,243
2026/4/27 7:28,2,缓行,40.9,80.00%,20.00%,0.00%,民族大道,缓行,25,从珞喻路到南湖大道,263
2026/4/27 7:28,2,缓行,40.9,80.00%,20.00%,0.00%,珞喻路,畅通,45,从珞狮路到喻家湖路,341
2026/4/27 7:28,2,缓行,40.9,80.00%,20.00%,0.00%,民族大道,畅通,50,从雄楚大道到珞喻路,83
2026/4/27 7:28,2,缓行,40.9,80.00%,20.00%,0.00%,虎泉街,畅通,35,从卓刀泉南路到民族大道,341
2026/4/27 7:28,2,缓行,40.9,80.00%,20.00%,0.00%,虎泉街,畅通,30,从民族大道到卓刀泉南路,160
2026/4/27 7:28,2,缓行,40.9,80.00%,20.00%,0.00%,鲁磨路,畅通,35,从珞喻路到喻家山北路,67
2026/4/27 7:28,2,缓行,40.9,80.00%,20.00%,0.00%,鲁磨路,畅通,35,从团山路到珞喻路,243
2026/4/27 7:30,2,缓行,39.4,80.00%,20.00%,0.00%,民族大道,缓行,20,从珞喻路到南湖大道,263
2026/4/27 7:30,2,缓行,39.4,80.00%,20.00%,0.00%,珞喻路,畅通,40,从珞狮路到喻家湖路,341
2026/4/27 7:30,2,缓行,39.4,80.00%,20.00%,0.00%,民族大道,畅通,50,从雄楚大道到珞喻路,83
2026/4/27 7:30,2,缓行,39.4,80.00%,20.00%,0.00%,虎泉街,畅通,30,从卓刀泉南路到民族大道,341
2026/4/27 7:30,2,缓行,39.4,80.00%,20.00%,0.00%,虎泉街,畅通,30,从民族大道到卓刀泉南路,160
2026/4/27 7:30,2,缓行,39.4,80.00%,20.00%,0.00%,鲁磨路,畅通,35,从珞喻路到喻家山北路,67
2026/4/27 7:30,2,缓行,39.4,80.00%,20.00%,0.00%,鲁磨路,畅通,35,从团山路到珞喻路,243
2026/4/27 7:32,2,缓行,40.4,80.00%,20.00%,0.00%,民族大道,缓行,25,从珞喻路到南湖大道,263
2026/4/27 7:32,2,缓行,40.4,80.00%,20.00%,0.00%,珞喻路,畅通,45,从珞狮路到喻家湖路,341
2026/4/27 7:32,2,缓行,40.4,80.00%,20.00%,0.00%,民族大道,畅通,50,从雄楚大道到珞喻路,83
2026/4/27 7:32,2,缓行,40.4,80.00%,20.00%,0.00%,虎泉街,畅通,30,从卓刀泉南路到民族大道,341
2026/4/27 7:32,2,缓行,40.4,80.00%,20.00%,0.00%,虎泉街,畅通,30,从民族大道到卓刀泉南路,160
2026/4/27 7:32,2,缓行,40.4,80.00%,20.00%,0.00%,鲁磨路,畅通,35,从珞喻路到喻家山北路,67
2026/4/27 7:32,2,缓行,40.4,80.00%,20.00%,0.00%,鲁磨路,畅通,35,从团山路到珞喻路,243
2026/4/27 7:34,2,缓行,39.9,80.00%,20.00%,0.00%,珞喻路,畅通,45,从珞狮路到喻家湖路,341
2026/4/27 7:34,2,缓行,39.9,80.00%,20.00%,0.00%,民族大道,畅通,50,从雄楚大道到珞喻路,83
2026/4/27 7:34,2,缓行,39.9,80.00%,20.00%,0.00%,虎泉街,畅通,35,从卓刀泉南路到民族大道,341
2026/4/27 7:34,2,缓行,39.9,80.00%,20.00%,0.00%,虎泉街,畅通,35,从民族大道到卓刀泉南路,160
2026/4/27 7:34,2,缓行,39.9,80.00%,20.00%,0.00%,鲁磨路,畅通,30,从珞喻路到喻家山北路,67
2026/4/27 7:34,2,缓行,39.9,80.00%,20.00%,0.00%,鲁磨路,畅通,35,从团山路到珞喻路,243
2026/4/27 7:36,2,缓行,39.9,80.00%,20.00%,0.00%,珞喻路,畅通,45,从珞狮路到喻家湖路,341
2026/4/27 7:36,2,缓行,39.9,80.00%,20.00%,0.00%,民族大道,畅通,50,从雄楚大道到珞喻路,83
2026/4/27 7:36,2,缓行,39.9,80.00%,20.00%,0.00%,虎泉街,畅通,35,从卓刀泉南路到民族大道,341
2026/4/27 7:36,2,缓行,39.9,80.00%,20.00%,0.00%,虎泉街,畅通,35,从民族大道到卓刀泉南路,160
2026/4/27 7:36,2,缓行,39.9,80.00%,20.00%,0.00%,鲁磨路,畅通,30,从珞喻路到喻家山北路,67
2026/4/27 7:36,2,缓行,39.9,80.00%,20.00%,0.00%,鲁磨路,畅通,35,从团山路到珞喻路,243
2026/4/27 7:38,2,缓行,34.4,77.78%,22.22%,0.00%,珞喻路,畅通,40,从珞狮路到喻家湖路,341
2026/4/27 7:38,2,缓行,34.4,77.78%,22.22%,0.00%,民族大道,畅通,50,从雄楚大道到珞喻路,83
2026/4/27 7:38,2,缓行,34.4,77.78%,22.22%,0.00%,虎泉街,畅通,30,从卓刀泉南路到民族大道,341
2026/4/27 7:38,2,缓行,34.4,77.78%,22.22%,0.00%,虎泉街,畅通,30,从民族大道到卓刀泉南路,160
2026/4/27 7:38,2,缓行,34.4,77.78%,22.22%,0.00%,鲁磨路,畅通,30,从珞喻路到喻家山北路,67
2026/4/27 7:38,2,缓行,34.4,77.78%,22.22%,0.00%,鲁磨路,畅通,30,从团山路到珞喻路,243
2026/4/27 7:40,2,缓行,34.4,77.78%,22.22%,0.00%,珞喻路,畅通,40,从珞狮路到喻家湖路,341
2026/4/27 7:40,2,缓行,34.4,77.78%,22.22%,0.00%,民族大道,畅通,50,从雄楚大道到珞喻路,83
2026/4/27 7:40,2,缓行,34.4,77.78%,22.22%,0.00%,虎泉街,畅通,30,从卓刀泉南路到民族大道,341
2026/4/27 7:40,2,缓行,34.4,77.78%,22.22%,0.00%,虎泉街,畅通,30,从民族大道到卓刀泉南路,160
2026/4/27 7:40,2,缓行,34.4,77.78%,22.22%,0.00%,鲁磨路,畅通,30,从珞喻路到喻家山北路,67
2026/4/27 7:40,2,缓行,34.4,77.78%,22.22%,0.00%,鲁磨路,畅通,30,从团山路到珞喻路,243
2026/4/27 7:42,2,缓行,38.9,80.00%,20.00%,0.00%,珞喻路,畅通,40,从珞狮路到喻家湖路,341
2026/4/27 7:42,2,缓行,38.9,80.00%,20.00%,0.00%,民族大道,畅通,50,从雄楚大道到珞喻路,83
2026/4/27 7:42,2,缓行,38.9,80.00%,20.00%,0.00%,虎泉街,畅通,30,从卓刀泉南路到民族大道,341
2026/4/27 7:42,2,缓行,38.9,80.00%,20.00%,0.00%,虎泉街,畅通,30,从民族大道到卓刀泉南路,160
2026/4/27 7:42,2,缓行,38.9,80.00%,20.00%,0.00%,鲁磨路,畅通,35,从珞喻路到喻家山北路,67
2026/4/27 7:42,2,缓行,38.9,80.00%,20.00%,0.00%,鲁磨路,畅通,30,从团山路到珞喻路,243
2026/4/27 7:44,2,缓行,38.4,80.00%,20.00%,0.00%,珞喻路,畅通,35,从珞狮路到喻家湖路,341
2026/4/27 7:44,2,缓行,38.4,80.00%,20.00%,0.00%,民族大道,畅通,50,从雄楚大道到珞喻路,83
2026/4/27 7:44,2,缓行,38.4,80.00%,20.00%,0.00%,虎泉街,畅通,30,从卓刀泉南路到民族大道,341
2026/4/27 7:44,2,缓行,38.4,80.00%,20.00%,0.00%,虎泉街,畅通,30,从民族大道到卓刀泉南路,160
2026/4/27 7:44,2,缓行,38.4,80.00%,20.00%,0.00%,鲁磨路,畅通,35,从珞喻路到喻家山北路,67
2026/4/27 7:44,2,缓行,38.4,80.00%,20.00%,0.00%,鲁磨路,畅通,30,从团山路到珞喻路,243
2026/4/27 7:46,2,缓行,37.6,72.73%,27.27%,0.00%,民族大道,缓行,20,从珞喻路到南湖大道,263
2026/4/27 7:46,2,缓行,37.6,72.73%,27.27%,0.00%,珞喻路,畅通,40,从珞狮路到喻家湖路,341
2026/4/27 7:46,2,缓行,37.6,72.73%,27.27%,0.00%,民族大道,畅通,50,从雄楚大道到珞喻路,83
2026/4/27 7:46,2,缓行,37.6,72.73%,27.27%,0.00%,虎泉街,畅通,30,从卓刀泉南路到民族大道,341
2026/4/27 7:46,2,缓行,37.6,72.73%,27.27%,0.00%,虎泉街,畅通,25,从民族大道到卓刀泉南路,160
2026/4/27 7:46,2,缓行,37.6,72.73%,27.27%,0.00%,鲁磨路,畅通,35,从珞喻路到喻家山北路,67
2026/4/27 7:46,2,缓行,37.6,72.73%,27.27%,0.00%,鲁磨路,畅通,30,从团山路到珞喻路,243
2026/4/27 7:48,2,缓行,37.6,72.73%,27.27%,0.00%,民族大道,缓行,20,从珞喻路到南湖大道,263
2026/4/27 7:48,2,缓行,37.6,72.73%,27.27%,0.00%,珞喻路,畅通,40,从珞狮路到喻家湖路,341
2026/4/27 7:48,2,缓行,37.6,72.73%,27.27%,0.00%,民族大道,畅通,50,从雄楚大道到珞喻路,83
2026/4/27 7:48,2,缓行,37.6,72.73%,27.27%,0.00%,虎泉街,畅通,30,从卓刀泉南路到民族大道,341
2026/4/27 7:48,2,缓行,37.6,72.73%,27.27%,0.00%,虎泉街,畅通,25,从民族大道到卓刀泉南路,160
2026/4/27 7:48,2,缓行,37.6,72.73%,27.27%,0.00%,鲁磨路,畅通,35,从珞喻路到喻家山北路,67
2026/4/27 7:48,2,缓行,37.6,72.73%,27.27%,0.00%,鲁磨路,畅通,30,从团山路到珞喻路,243
2026/4/27 7:50,2,缓行,34.5,72.73%,27.27%,0.00%,民族大道,缓行,20,从珞喻路到南湖大道,263
2026/4/27 7:50,2,缓行,34.5,72.73%,27.27%,0.00%,珞喻路,畅通,40,从珞狮路到喻家湖路,341
2026/4/27 7:50,2,缓行,34.5,72.73%,27.27%,0.00%,民族大道,畅通,50,从雄楚大道到珞喻路,83
2026/4/27 7:50,2,缓行,34.5,72.73%,27.27%,0.00%,虎泉街,畅通,30,从卓刀泉南路到民族大道,341
2026/4/27 7:50,2,缓行,34.5,72.73%,27.27%,0.00%,虎泉街,畅通,30,从民族大道到卓刀泉南路,160
2026/4/27 7:50,2,缓行,34.5,72.73%,27.27%,0.00%,鲁磨路,畅通,30,从珞喻路到喻家山北路,67
2026/4/27 7:50,2,缓行,34.5,72.73%,27.27%,0.00%,鲁磨路,畅通,30,从团山路到珞喻路,243
2026/4/27 7:52,2,缓行,35.4,80.00%,20.00%,0.00%,民族大道,缓行,15,从珞喻路到南湖大道,263
2026/4/27 7:52,2,缓行,35.4,80.00%,20.00%,0.00%,珞喻路,畅通,40,从珞狮路到喻家湖路,341
2026/4/27 7:52,2,缓行,35.4,80.00%,20.00%,0.00%,民族大道,畅通,50,从雄楚大道到珞喻路,83
2026/4/27 7:52,2,缓行,35.4,80.00%,20.00%,0.00%,虎泉街,畅通,25,从卓刀泉南路到民族大道,341
2026/4/27 7:52,2,缓行,35.4,80.00%,20.00%,0.00%,虎泉街,畅通,30,从民族大道到卓刀泉南路,160
2026/4/27 7:52,2,缓行,35.4,80.00%,20.00%,0.00%,鲁磨路,畅通,30,从珞喻路到喻家山北路,67
2026/4/27 7:52,2,缓行,35.4,80.00%,20.00%,0.00%,鲁磨路,畅通,30,从团山路到珞喻路,243
2026/4/27 7:54,2,缓行,38.4,80.00%,20.00%,0.00%,珞喻路,畅通,40,从珞狮路到喻家湖路,341
2026/4/27 7:54,2,缓行,38.4,80.00%,20.00%,0.00%,民族大道,畅通,50,从雄楚大道到珞喻路,83
2026/4/27 7:54,2,缓行,38.4,80.00%,20.00%,0.00%,虎泉街,畅通,50,从雄楚大道到民族大道,2
2026/4/27 7:54,2,缓行,38.4,80.00%,20.00%,0.00%,虎泉街,畅通,30,从民族大道到卓刀泉南路,160
2026/4/27 7:54,2,缓行,38.4,80.00%,20.00%,0.00%,鲁磨路,畅通,30,从珞喻路到喻家山北路,67
2026/4/27 7:56,2,缓行,37,80.00%,20.00%,0.00%,民族大道,缓行,20,从珞喻路到南湖大道,263
2026/4/27 7:56,2,缓行,37,80.00%,20.00%,0.00%,珞喻路,畅通,40,从珞狮路到喻家湖路,341
2026/4/27 7:56,2,缓行,37,80.00%,20.00%,0.00%,民族大道,畅通,50,从雄楚大道到珞喻路,83
2026/4/27 7:56,2,缓行,37,80.00%,20.00%,0.00%,虎泉街,畅通,30,从卓刀泉南路到民族大道,341
2026/4/27 7:56,2,缓行,37,80.00%,20.00%,0.00%,虎泉街,畅通,30,从民族大道到卓刀泉南路,160
2026/4/27 7:56,2,缓行,37,80.00%,20.00%,0.00%,鲁磨路,畅通,30,从珞喻路到喻家山北路,67
2026/4/27 7:56,2,缓行,37,80.00%,20.00%,0.00%,鲁磨路,畅通,30,从团山路到珞喻路,243
2026/4/27 7:58,2,缓行,36,80.00%,20.00%,0.00%,民族大道,缓行,20,从珞喻路到南湖大道,263
2026/4/27 7:58,2,缓行,36,80.00%,20.00%,0.00%,珞喻路,畅通,40,从珞狮路到喻家湖路,341
2026/4/27 7:58,2,缓行,36,80.00%,20.00%,0.00%,民族大道,畅通,50,从雄楚大道到珞喻路,83
2026/4/27 7:58,2,缓行,36,80.00%,20.00%,0.00%,虎泉街,畅通,25,从卓刀泉南路到民族大道,341
2026/4/27 7:58,2,缓行,36,80.00%,20.00%,0.00%,虎泉街,畅通,25,从民族大道到卓刀泉南路,160
2026/4/27 7:58,2,缓行,36,80.00%,20.00%,0.00%,鲁磨路,畅通,35,从珞喻路到喻家山北路,67
2026/4/27 7:58,2,缓行,36,80.00%,20.00%,0.00%,鲁磨路,畅通,30,从团山路到珞喻路,243
2026/4/27 8:00,2,缓行,36,80.00%,20.00%,0.00%,民族大道,缓行,20,从珞喻路到南湖大道,263
2026/4/27 8:00,2,缓行,36,80.00%,20.00%,0.00%,珞喻路,畅通,40,从珞狮路到喻家湖路,341
2026/4/27 8:00,2,缓行,36,80.00%,20.00%,0.00%,民族大道,畅通,50,从雄楚大道到珞喻路,83
2026/4/27 8:00,2,缓行,36,80.00%,20.00%,0.00%,虎泉街,畅通,25,从卓刀泉南路到民族大道,341
2026/4/27 8:00,2,缓行,36,80.00%,20.00%,0.00%,虎泉街,畅通,25,从民族大道到卓刀泉南路,160
2026/4/27 8:00,2,缓行,36,80.00%,20.00%,0.00%,鲁磨路,畅通,35,从珞喻路到喻家山北路,67
2026/4/27 8:00,2,缓行,36,80.00%,20.00%,0.00%,鲁磨路,畅通,30,从团山路到珞喻路,243
2026/4/27 8:02,2,缓行,31.1,77.78%,22.22%,0.00%,民族大道,缓行,20,从珞喻路到南湖大道,263
2026/4/27 8:02,2,缓行,31.1,77.78%,22.22%,0.00%,珞喻路,畅通,40,从珞狮路到喻家湖路,341
2026/4/27 8:02,2,缓行,31.1,77.78%,22.22%,0.00%,民族大道,畅通,50,从雄楚大道到珞喻路,83
2026/4/27 8:02,2,缓行,31.1,77.78%,22.22%,0.00%,虎泉街,畅通,30,从卓刀泉南路到民族大道,341
2026/4/27 8:02,2,缓行,31.1,77.78%,22.22%,0.00%,虎泉街,畅通,25,从民族大道到卓刀泉南路,160
2026/4/27 8:02,2,缓行,31.1,77.78%,22.22%,0.00%,鲁磨路,畅通,35,从珞喻路到喻家山北路,67
2026/4/27 8:02,2,缓行,31.1,77.78%,22.22%,0.00%,鲁磨路,畅通,30,从团山路到珞喻路,243
2026/4/27 8:04,2,缓行,31.1,77.78%,22.22%,0.00%,民族大道,缓行,20,从珞喻路到南湖大道,263
2026/4/27 8:04,2,缓行,31.1,77.78%,22.22%,0.00%,珞喻路,畅通,40,从珞狮路到喻家湖路,341
2026/4/27 8:04,2,缓行,31.1,77.78%,22.22%,0.00%,民族大道,畅通,50,从雄楚大道到珞喻路,83
2026/4/27 8:04,2,缓行,31.1,77.78%,22.22%,0.00%,虎泉街,畅通,30,从卓刀泉南路到民族大道,341
2026/4/27 8:04,2,缓行,31.1,77.78%,22.22%,0.00%,虎泉街,畅通,25,从民族大道到卓刀泉南路,160
2026/4/27 8:04,2,缓行,31.1,77.78%,22.22%,0.00%,鲁磨路,畅通,35,从珞喻路到喻家山北路,67
2026/4/27 8:04,2,缓行,31.1,77.78%,22.22%,0.00%,鲁磨路,畅通,30,从团山路到珞喻路,243
2026/4/27 8:06,2,缓行,30.6,70.00%,30.00%,0.00%,民族大道,缓行,20,从珞喻路到南湖大道,263
2026/4/27 8:06,2,缓行,30.6,70.00%,30.00%,0.00%,珞喻路,畅通,40,从珞狮路到喻家湖路,341
2026/4/27 8:06,2,缓行,30.6,70.00%,30.00%,0.00%,虎泉街,畅通,50,从雄楚大道到民族大道,2
2026/4/27 8:06,2,缓行,30.6,70.00%,30.00%,0.00%,虎泉街,畅通,30,从民族大道到卓刀泉南路,160
2026/4/27 8:06,2,缓行,30.6,70.00%,30.00%,0.00%,鲁磨路,畅通,35,从珞喻路到喻家山北路,67
2026/4/27 8:06,2,缓行,30.6,70.00%,30.00%,0.00%,鲁磨路,畅通,30,从团山路到珞喻路,243
2026/4/27 8:08,2,缓行,30.6,70.00%,30.00%,0.00%,民族大道,缓行,20,从珞喻路到南湖大道,263
2026/4/27 8:08,2,缓行,30.6,70.00%,30.00%,0.00%,珞喻路,畅通,40,从珞狮路到喻家湖路,341
2026/4/27 8:08,2,缓行,30.6,70.00%,30.00%,0.00%,虎泉街,畅通,50,从雄楚大道到民族大道,2
2026/4/27 8:08,2,缓行,30.6,70.00%,30.00%,0.00%,虎泉街,畅通,30,从民族大道到卓刀泉南路,160
2026/4/27 8:08,2,缓行,30.6,70.00%,30.00%,0.00%,鲁磨路,畅通,35,从珞喻路到喻家山北路,67
2026/4/27 8:08,2,缓行,30.6,70.00%,30.00%,0.00%,鲁磨路,畅通,30,从团山路到珞喻路,243
2026/4/27 8:10,2,缓行,37.2,77.78%,22.22%,0.00%,民族大道,缓行,20,从珞喻路到南湖大道,263
2026/4/27 8:10,2,缓行,37.2,77.78%,22.22%,0.00%,珞喻路,畅通,40,从珞狮路到喻家湖路,341
2026/4/27 8:10,2,缓行,37.2,77.78%,22.22%,0.00%,民族大道,畅通,50,从雄楚大道到珞喻路,83
2026/4/27 8:10,2,缓行,37.2,77.78%,22.22%,0.00%,虎泉街,畅通,50,从雄楚大道到民族大道,2
2026/4/27 8:10,2,缓行,37.2,77.78%,22.22%,0.00%,虎泉街,畅通,30,从民族大道到卓刀泉南路,160
2026/4/27 8:10,2,缓行,37.2,77.78%,22.22%,0.00%,鲁磨路,畅通,35,从珞喻路到喻家山北路,67
2026/4/27 8:10,2,缓行,37.2,77.78%,22.22%,0.00%,鲁磨路,畅通,30,从团山路到珞喻路,243
2026/4/27 8:12,2,缓行,39.4,70.00%,30.00%,0.00%,民族大道,缓行,20,从珞喻路到南湖大道,263
2026/4/27 8:12,2,缓行,39.4,70.00%,30.00%,0.00%,珞喻路,畅通,40,从珞狮路到喻家湖路,341
2026/4/27 8:12,2,缓行,39.4,70.00%,30.00%,0.00%,民族大道,畅通,50,从雄楚大道到珞喻路,83
2026/4/27 8:12,2,缓行,39.4,70.00%,30.00%,0.00%,虎泉街,畅通,50,从雄楚大道到民族大道,2
2026/4/27 8:12,2,缓行,39.4,70.00%,30.00%,0.00%,鲁磨路,畅通,35,从珞喻路到喻家山北路,67
2026/4/27 8:12,2,缓行,39.4,70.00%,30.00%,0.00%,鲁磨路,畅通,30,从团山路到珞喻路,243
2026/4/27 8:14,2,缓行,39.4,70.00%,30.00%,0.00%,民族大道,缓行,20,从珞喻路到南湖大道,263
2026/4/27 8:14,2,缓行,39.4,70.00%,30.00%,0.00%,珞喻路,畅通,40,从珞狮路到喻家湖路,341
2026/4/27 8:14,2,缓行,39.4,70.00%,30.00%,0.00%,民族大道,畅通,50,从雄楚大道到珞喻路,83
2026/4/27 8:14,2,缓行,39.4,70.00%,30.00%,0.00%,虎泉街,畅通,50,从雄楚大道到民族大道,2
2026/4/27 8:14,2,缓行,39.4,70.00%,30.00%,0.00%,鲁磨路,畅通,35,从珞喻路到喻家山北路,67
2026/4/27 8:14,2,缓行,39.4,70.00%,30.00%,0.00%,鲁磨路,畅通,30,从团山路到珞喻路,243
2026/4/27 8:16,2,缓行,40.9,70.00%,30.00%,0.00%,民族大道,缓行,20,从珞喻路到南湖大道,263
2026/4/27 8:16,2,缓行,40.9,70.00%,30.00%,0.00%,珞喻路,畅通,40,从珞狮路到喻家湖路,341
2026/4/27 8:16,2,缓行,40.9,70.00%,30.00%,0.00%,民族大道,畅通,50,从雄楚大道到珞喻路,83
2026/4/27 8:16,2,缓行,40.9,70.00%,30.00%,0.00%,虎泉街,畅通,50,从雄楚大道到民族大道,2
2026/4/27 8:16,2,缓行,40.9,70.00%,30.00%,0.00%,鲁磨路,畅通,35,从珞喻路到喻家山北路,67
2026/4/27 8:18,2,缓行,41.4,80.00%,20.00%,0.00%,民族大道,缓行,20,从珞喻路到南湖大道,263
2026/4/27 8:18,2,缓行,41.4,80.00%,20.00%,0.00%,珞喻路,畅通,40,从珞狮路到喻家湖路,341
2026/4/27 8:18,2,缓行,41.4,80.00%,20.00%,0.00%,民族大道,畅通,50,从雄楚大道到珞喻路,83
2026/4/27 8:18,2,缓行,41.4,80.00%,20.00%,0.00%,虎泉街,畅通,50,从雄楚大道到民族大道,2
2026/4/27 8:18,2,缓行,41.4,80.00%,20.00%,0.00%,虎泉街,畅通,25,从民族大道到卓刀泉南路,160
2026/4/27 8:18,2,缓行,41.4,80.00%,20.00%,0.00%,鲁磨路,畅通,35,从珞喻路到喻家山北路,67
2026/4/27 8:20,2,缓行,39.4,88.89%,11.11%,0.00%,珞喻路,畅通,40,从珞狮路到喻家湖路,341
2026/4/27 8:20,2,缓行,39.4,88.89%,11.11%,0.00%,民族大道,畅通,50,从雄楚大道到珞喻路,83
2026/4/27 8:20,2,缓行,39.4,88.89%,11.11%,0.00%,虎泉街,畅通,50,从雄楚大道到民族大道,2
2026/4/27 8:20,2,缓行,39.4,88.89%,11.11%,0.00%,虎泉街,畅通,30,从民族大道到卓刀泉南路,160
2026/4/27 8:20,2,缓行,39.4,88.89%,11.11%,0.00%,鲁磨路,畅通,35,从珞喻路到喻家山北路,67
2026/4/27 8:22,2,缓行,40.4,81.82%,18.18%,0.00%,珞喻路,畅通,40,从珞狮路到喻家湖路,341
2026/4/27 8:22,2,缓行,40.4,81.82%,18.18%,0.00%,民族大道,畅通,50,从雄楚大道到珞喻路,83
2026/4/27 8:22,2,缓行,40.4,81.82%,18.18%,0.00%,虎泉街,畅通,50,从雄楚大道到民族大道,2
2026/4/27 8:22,2,缓行,40.4,81.82%,18.18%,0.00%,虎泉街,畅通,25,从民族大道到卓刀泉南路,160
2026/4/27 8:22,2,缓行,40.4,81.82%,18.18%,0.00%,鲁磨路,畅通,35,从珞喻路到喻家山北路,67
2026/4/27 8:24,2,缓行,36.3,90.00%,10.00%,0.00%,珞喻路,畅通,40,从珞狮路到喻家湖路,341
2026/4/27 8:24,2,缓行,36.3,90.00%,10.00%,0.00%,民族大道,畅通,50,从雄楚大道到珞喻路,83
2026/4/27 8:24,2,缓行,36.3,90.00%,10.00%,0.00%,虎泉街,畅通,30,从卓刀泉南路到民族大道,341
2026/4/27 8:24,2,缓行,36.3,90.00%,10.00%,0.00%,虎泉街,畅通,30,从民族大道到卓刀泉南路,160
2026/4/27 8:24,2,缓行,36.3,90.00%,10.00%,0.00%,鲁磨路,畅通,35,从珞喻路到喻家山北路,67
2026/4/27 8:26,2,缓行,36.3,90.00%,10.00%,0.00%,珞喻路,畅通,40,从珞狮路到喻家湖路,341
2026/4/27 8:26,2,缓行,36.3,90.00%,10.00%,0.00%,民族大道,畅通,50,从雄楚大道到珞喻路,83
2026/4/27 8:26,2,缓行,36.3,90.00%,10.00%,0.00%,虎泉街,畅通,30,从卓刀泉南路到民族大道,341
2026/4/27 8:26,2,缓行,36.3,90.00%,10.00%,0.00%,虎泉街,畅通,30,从民族大道到卓刀泉南路,160
2026/4/27 8:26,2,缓行,36.3,90.00%,10.00%,0.00%,鲁磨路,畅通,35,从珞喻路到喻家山北路,67
2026/4/27 8:28,2,缓行,35.8,90.00%,10.00%,0.00%,珞喻路,畅通,40,从珞狮路到喻家湖路,341
2026/4/27 8:28,2,缓行,35.8,90.00%,10.00%,0.00%,民族大道,畅通,50,从雄楚大道到珞喻路,83
2026/4/27 8:28,2,缓行,35.8,90.00%,10.00%,0.00%,虎泉街,畅通,30,从卓刀泉南路到民族大道,341
2026/4/27 8:28,2,缓行,35.8,90.00%,10.00%,0.00%,虎泉街,畅通,30,从民族大道到卓刀泉南路,160
2026/4/27 8:28,2,缓行,35.8,90.00%,10.00%,0.00%,鲁磨路,畅通,35,从珞喻路到喻家山北路,67
2026/4/27 8:30,2,缓行,34.8,90.00%,10.00%,0.00%,珞喻路,畅通,40,从珞狮路到喻家湖路,341
2026/4/27 8:30,2,缓行,34.8,90.00%,10.00%,0.00%,民族大道,畅通,50,从雄楚大道到珞喻路,83
2026/4/27 8:30,2,缓行,34.8,90.00%,10.00%,0.00%,虎泉街,畅通,25,从卓刀泉南路到民族大道,341
2026/4/27 8:30,2,缓行,34.8,90.00%,10.00%,0.00%,虎泉街,畅通,30,从民族大道到卓刀泉南路,160
2026/4/27 8:30,2,缓行,34.8,90.00%,10.00%,0.00%,鲁磨路,畅通,35,从珞喻路到喻家山北路,67
2026/4/27 8:30,2,缓行,34.8,90.00%,10.00%,0.00%,鲁磨路,畅通,30,从团山路到珞喻路,243
2026/4/27 8:32,2,缓行,34.3,90.00%,10.00%,0.00%,珞喻路,畅通,40,从珞狮路到喻家湖路,341
2026/4/27 8:32,2,缓行,34.3,90.00%,10.00%,0.00%,民族大道,畅通,50,从雄楚大道到珞喻路,83
2026/4/27 8:32,2,缓行,34.3,90.00%,10.00%,0.00%,虎泉街,畅通,25,从卓刀泉南路到民族大道,341
2026/4/27 8:32,2,缓行,34.3,90.00%,10.00%,0.00%,虎泉街,畅通,30,从民族大道到卓刀泉南路,160
2026/4/27 8:32,2,缓行,34.3,90.00%,10.00%,0.00%,鲁磨路,畅通,35,从珞喻路到喻家山北路,67
2026/4/27 8:32,2,缓行,34.3,90.00%,10.00%,0.00%,鲁磨路,畅通,30,从团山路到珞喻路,243
2026/4/27 8:34,2,缓行,34.8,90.00%,10.00%,0.00%,珞喻路,畅通,40,从珞狮路到喻家湖路,341
2026/4/27 8:34,2,缓行,34.8,90.00%,10.00%,0.00%,民族大道,畅通,50,从雄楚大道到珞喻路,83
2026/4/27 8:34,2,缓行,34.8,90.00%,10.00%,0.00%,虎泉街,畅通,25,从卓刀泉南路到民族大道,341
2026/4/27 8:34,2,缓行,34.8,90.00%,10.00%,0.00%,虎泉街,畅通,30,从民族大道到卓刀泉南路,160
2026/4/27 8:34,2,缓行,34.8,90.00%,10.00%,0.00%,鲁磨路,畅通,35,从珞喻路到喻家山北路,67
2026/4/27 8:34,2,缓行,34.8,90.00%,10.00%,0.00%,鲁磨路,畅通,35,从团山路到珞喻路,243
2026/4/27 8:36,2,缓行,35.8,90.00%,10.00%,0.00%,珞喻路,畅通,45,从珞狮路到喻家湖路,341
2026/4/27 8:36,2,缓行,35.8,90.00%,10.00%,0.00%,民族大道,畅通,50,从雄楚大道到珞喻路,83
2026/4/27 8:36,2,缓行,35.8,90.00%,10.00%,0.00%,虎泉街,畅通,30,从卓刀泉南路到民族大道,341
2026/4/27 8:36,2,缓行,35.8,90.00%,10.00%,0.00%,虎泉街,畅通,30,从民族大道到卓刀泉南路,160
2026/4/27 8:36,2,缓行,35.8,90.00%,10.00%,0.00%,鲁磨路,畅通,35,从珞喻路到喻家山北路,67
2026/4/27 8:36,2,缓行,35.8,90.00%,10.00%,0.00%,鲁磨路,畅通,35,从团山路到珞喻路,243
2026/4/27 8:38,2,缓行,34.8,80.00%,20.00%,0.00%,民族大道,缓行,20,从珞喻路到南湖大道,263
2026/4/27 8:38,2,缓行,34.8,80.00%,20.00%,0.00%,珞喻路,畅通,40,从珞狮路到喻家湖路,341
2026/4/27 8:38,2,缓行,34.8,80.00%,20.00%,0.00%,民族大道,畅通,50,从雄楚大道到珞喻路,83
2026/4/27 8:38,2,缓行,34.8,80.00%,20.00%,0.00%,虎泉街,畅通,30,从卓刀泉南路到民族大道,341
2026/4/27 8:38,2,缓行,34.8,80.00%,20.00%,0.00%,虎泉街,畅通,30,从民族大道到卓刀泉南路,160
2026/4/27 8:38,2,缓行,34.8,80.00%,20.00%,0.00%,鲁磨路,畅通,35,从珞喻路到喻家山北路,67
2026/4/27 8:38,2,缓行,34.8,80.00%,20.00%,0.00%,鲁磨路,畅通,35,从团山路到珞喻路,243
2026/4/27 8:40,2,缓行,34.8,80.00%,20.00%,0.00%,民族大道,缓行,20,从珞喻路到南湖大道,263
2026/4/27 8:40,2,缓行,34.8,80.00%,20.00%,0.00%,珞喻路,畅通,40,从珞狮路到喻家湖路,341
2026/4/27 8:40,2,缓行,34.8,80.00%,20.00%,0.00%,民族大道,畅通,50,从雄楚大道到珞喻路,83
2026/4/27 8:40,2,缓行,34.8,80.00%,20.00%,0.00%,虎泉街,畅通,30,从卓刀泉南路到民族大道,341
2026/4/27 8:40,2,缓行,34.8,80.00%,20.00%,0.00%,虎泉街,畅通,30,从民族大道到卓刀泉南路,160
2026/4/27 8:40,2,缓行,34.8,80.00%,20.00%,0.00%,鲁磨路,畅通,35,从珞喻路到喻家山北路,67
2026/4/27 8:40,2,缓行,34.8,80.00%,20.00%,0.00%,鲁磨路,畅通,35,从团山路到珞喻路,243
2026/4/27 8:42,2,缓行,35.8,80.00%,20.00%,0.00%,民族大道,缓行,20,从珞喻路到南湖大道,263
2026/4/27 8:42,2,缓行,35.8,80.00%,20.00%,0.00%,珞喻路,畅通,45,从珞狮路到喻家湖路,341
2026/4/27 8:42,2,缓行,35.8,80.00%,20.00%,0.00%,民族大道,畅通,50,从雄楚大道到珞喻路,83
2026/4/27 8:42,2,缓行,35.8,80.00%,20.00%,0.00%,虎泉街,畅通,30,从卓刀泉南路到民族大道,341
2026/4/27 8:42,2,缓行,35.8,80.00%,20.00%,0.00%,虎泉街,畅通,30,从民族大道到卓刀泉南路,160
2026/4/27 8:42,2,缓行,35.8,80.00%,20.00%,0.00%,鲁磨路,畅通,35,从珞喻路到喻家山北路,67
2026/4/27 8:42,2,缓行,35.8,80.00%,20.00%,0.00%,鲁磨路,畅通,35,从团山路到珞喻路,243
2026/4/27 8:44,2,缓行,34.8,80.00%,20.00%,0.00%,民族大道,缓行,15,从珞喻路到南湖大道,263
2026/4/27 8:44,2,缓行,34.8,80.00%,20.00%,0.00%,珞喻路,畅通,45,从珞狮路到喻家湖路,341
2026/4/27 8:44,2,缓行,34.8,80.00%,20.00%,0.00%,民族大道,畅通,50,从雄楚大道到珞喻路,83
2026/4/27 8:44,2,缓行,34.8,80.00%,20.00%,0.00%,虎泉街,畅通,30,从卓刀泉南路到民族大道,341
2026/4/27 8:44,2,缓行,34.8,80.00%,20.00%,0.00%,虎泉街,畅通,30,从民族大道到卓刀泉南路,160
2026/4/27 8:44,2,缓行,34.8,80.00%,20.00%,0.00%,鲁磨路,畅通,35,从珞喻路到喻家山北路,67
2026/4/27 8:44,2,缓行,34.8,80.00%,20.00%,0.00%,鲁磨路,畅通,35,从团山路到珞喻路,243
2026/4/27 8:46,2,缓行,34.4,87.50%,12.50%,0.00%,民族大道,缓行,20,从珞喻路到南湖大道,263
2026/4/27 8:46,2,缓行,34.4,87.50%,12.50%,0.00%,珞喻路,畅通,40,从珞狮路到喻家湖路,341
2026/4/27 8:46,2,缓行,34.4,87.50%,12.50%,0.00%,珞喻路,畅通,30,从喻家湖路到珞狮路,161
2026/4/27 8:46,2,缓行,34.4,87.50%,12.50%,0.00%,民族大道,畅通,50,从雄楚大道到珞喻路,83
2026/4/27 8:46,2,缓行,34.4,87.50%,12.50%,0.00%,虎泉街,畅通,30,从卓刀泉南路到民族大道,341
2026/4/27 8:46,2,缓行,34.4,87.50%,12.50%,0.00%,虎泉街,畅通,35,从民族大道到卓刀泉南路,160
2026/4/27 8:46,2,缓行,34.4,87.50%,12.50%,0.00%,鲁磨路,畅通,35,从珞喻路到喻家山北路,67
2026/4/27 8:46,2,缓行,34.4,87.50%,12.50%,0.00%,鲁磨路,畅通,35,从团山路到珞喻路,243
2026/4/27 8:48,2,缓行,35,87.50%,12.50%,0.00%,民族大道,缓行,20,从珞喻路到南湖大道,263
2026/4/27 8:48,2,缓行,35,87.50%,12.50%,0.00%,珞喻路,畅通,45,从珞狮路到喻家湖路,341
2026/4/27 8:48,2,缓行,35,87.50%,12.50%,0.00%,珞喻路,畅通,35,从喻家湖路到珞狮路,161
2026/4/27 8:48,2,缓行,35,87.50%,12.50%,0.00%,民族大道,畅通,50,从雄楚大道到珞喻路,83
2026/4/27 8:48,2,缓行,35,87.50%,12.50%,0.00%,虎泉街,畅通,30,从卓刀泉南路到民族大道,341
2026/4/27 8:48,2,缓行,35,87.50%,12.50%,0.00%,虎泉街,畅通,30,从民族大道到卓刀泉南路,160
2026/4/27 8:48,2,缓行,35,87.50%,12.50%,0.00%,鲁磨路,畅通,35,从珞喻路到喻家山北路,67
2026/4/27 8:48,2,缓行,35,87.50%,12.50%,0.00%,鲁磨路,畅通,35,从团山路到珞喻路,243
2026/4/27 8:50,2,缓行,35.6,87.50%,12.50%,0.00%,民族大道,缓行,20,从珞喻路到南湖大道,263
2026/4/27 8:50,2,缓行,35.6,87.50%,12.50%,0.00%,珞喻路,畅通,45,从珞狮路到喻家湖路,341
2026/4/27 8:50,2,缓行,35.6,87.50%,12.50%,0.00%,珞喻路,畅通,35,从喻家湖路到珞狮路,161
2026/4/27 8:50,2,缓行,35.6,87.50%,12.50%,0.00%,民族大道,畅通,50,从雄楚大道到珞喻路,83
2026/4/27 8:50,2,缓行,35.6,87.50%,12.50%,0.00%,虎泉街,畅通,35,从卓刀泉南路到民族大道,341
2026/4/27 8:50,2,缓行,35.6,87.50%,12.50%,0.00%,虎泉街,畅通,30,从民族大道到卓刀泉南路,160
2026/4/27 8:50,2,缓行,35.6,87.50%,12.50%,0.00%,鲁磨路,畅通,35,从珞喻路到喻家山北路,67
2026/4/27 8:50,2,缓行,35.6,87.50%,12.50%,0.00%,鲁磨路,畅通,35,从团山路到珞喻路,243
2026/4/27 8:52,2,缓行,36.2,87.50%,12.50%,0.00%,民族大道,缓行,15,从珞喻路到南湖大道,263
2026/4/27 8:52,2,缓行,36.2,87.50%,12.50%,0.00%,珞喻路,畅通,45,从珞狮路到喻家湖路,341
2026/4/27 8:52,2,缓行,36.2,87.50%,12.50%,0.00%,珞喻路,畅通,40,从喻家湖路到珞狮路,161
2026/4/27 8:52,2,缓行,36.2,87.50%,12.50%,0.00%,民族大道,畅通,50,从雄楚大道到珞喻路,83
2026/4/27 8:52,2,缓行,36.2,87.50%,12.50%,0.00%,虎泉街,畅通,35,从卓刀泉南路到民族大道,341
2026/4/27 8:52,2,缓行,36.2,87.50%,12.50%,0.00%,虎泉街,畅通,30,从民族大道到卓刀泉南路,160
2026/4/27 8:52,2,缓行,36.2,87.50%,12.50%,0.00%,鲁磨路,畅通,35,从珞喻路到喻家山北路,67
2026/4/27 8:52,2,缓行,36.2,87.50%,12.50%,0.00%,鲁磨路,畅通,40,从团山路到珞喻路,243
2026/4/27 8:54,2,缓行,33.1,87.50%,12.50%,0.00%,民族大道,缓行,15,从珞喻路到南湖大道,263
2026/4/27 8:54,2,缓行,33.1,87.50%,12.50%,0.00%,珞喻路,畅通,45,从珞狮路到喻家湖路,341
2026/4/27 8:54,2,缓行,33.1,87.50%,12.50%,0.00%,珞喻路,畅通,40,从喻家湖路到珞狮路,161
2026/4/27 8:54,2,缓行,33.1,87.50%,12.50%,0.00%,民族大道,畅通,35,从汤逊湖北路到珞喻路,79
2026/4/27 8:54,2,缓行,33.1,87.50%,12.50%,0.00%,虎泉街,畅通,30,从卓刀泉南路到民族大道,341
2026/4/27 8:54,2,缓行,33.1,87.50%,12.50%,0.00%,虎泉街,畅通,30,从民族大道到卓刀泉南路,160
2026/4/27 8:54,2,缓行,33.1,87.50%,12.50%,0.00%,鲁磨路,畅通,35,从珞喻路到喻家山北路,67
2026/4/27 8:54,2,缓行,33.1,87.50%,12.50%,0.00%,鲁磨路,畅通,35,从团山路到珞喻路,243
2026/4/27 8:56,2,缓行,33.1,87.50%,12.50%,0.00%,民族大道,缓行,15,从珞喻路到南湖大道,263
2026/4/27 8:56,2,缓行,33.1,87.50%,12.50%,0.00%,珞喻路,畅通,45,从珞狮路到喻家湖路,341
2026/4/27 8:56,2,缓行,33.1,87.50%,12.50%,0.00%,珞喻路,畅通,40,从喻家湖路到珞狮路,161
2026/4/27 8:56,2,缓行,33.1,87.50%,12.50%,0.00%,民族大道,畅通,35,从汤逊湖北路到珞喻路,79
2026/4/27 8:56,2,缓行,33.1,87.50%,12.50%,0.00%,虎泉街,畅通,30,从卓刀泉南路到民族大道,341
2026/4/27 8:56,2,缓行,33.1,87.50%,12.50%,0.00%,虎泉街,畅通,30,从民族大道到卓刀泉南路,160
2026/4/27 8:56,2,缓行,33.1,87.50%,12.50%,0.00%,鲁磨路,畅通,35,从珞喻路到喻家山北路,67
2026/4/27 8:56,2,缓行,33.1,87.50%,12.50%,0.00%,鲁磨路,畅通,35,从团山路到珞喻路,243
2026/4/27 8:58,2,缓行,33.8,87.50%,12.50%,0.00%,民族大道,缓行,15,从珞喻路到南湖大道,263
2026/4/27 8:58,2,缓行,33.8,87.50%,12.50%,0.00%,珞喻路,畅通,45,从珞狮路到喻家湖路,341
2026/4/27 8:58,2,缓行,33.8,87.50%,12.50%,0.00%,珞喻路,畅通,40,从喻家湖路到珞狮路,161
2026/4/27 8:58,2,缓行,33.8,87.50%,12.50%,0.00%,民族大道,畅通,35,从汤逊湖北路到珞喻路,79
2026/4/27 8:58,2,缓行,33.8,87.50%,12.50%,0.00%,虎泉街,畅通,30,从卓刀泉南路到民族大道,341
2026/4/27 8:58,2,缓行,33.8,87.50%,12.50%,0.00%,虎泉街,畅通,35,从民族大道到卓刀泉南路,160
2026/4/27 8:58,2,缓行,33.8,87.50%,12.50%,0.00%,鲁磨路,畅通,35,从珞喻路到喻家山北路,67
2026/4/27 8:58,2,缓行,33.8,87.50%,12.50%,0.00%,鲁磨路,畅通,35,从团山路到珞喻路,243
2026/4/27 9:00,2,缓行,34.4,87.50%,12.50%,0.00%,民族大道,缓行,20,从珞喻路到南湖大道,263
2026/4/27 9:00,2,缓行,34.4,87.50%,12.50%,0.00%,珞喻路,畅通,45,从珞狮路到喻家湖路,341
2026/4/27 9:00,2,缓行,34.4,87.50%,12.50%,0.00%,珞喻路,畅通,40,从喻家湖路到珞狮路,161
2026/4/27 9:00,2,缓行,34.4,87.50%,12.50%,0.00%,民族大道,畅通,35,从汤逊湖北路到珞喻路,79
2026/4/27 9:00,2,缓行,34.4,87.50%,12.50%,0.00%,虎泉街,畅通,35,从卓刀泉南路到民族大道,341
2026/4/27 9:00,2,缓行,34.4,87.50%,12.50%,0.00%,虎泉街,畅通,30,从民族大道到卓刀泉南路,160
2026/4/27 9:00,2,缓行,34.4,87.50%,12.50%,0.00%,鲁磨路,畅通,35,从珞喻路到喻家山北路,67
2026/4/27 9:00,2,缓行,34.4,87.50%,12.50%,0.00%,鲁磨路,畅通,35,从团山路到珞喻路,243
2026/4/27 9:02,2,缓行,34.4,87.50%,12.50%,0.00%,民族大道,缓行,20,从珞喻路到南湖大道,263
2026/4/27 9:02,2,缓行,34.4,87.50%,12.50%,0.00%,珞喻路,畅通,45,从珞狮路到喻家湖路,341
2026/4/27 9:02,2,缓行,34.4,87.50%,12.50%,0.00%,珞喻路,畅通,40,从喻家湖路到珞狮路,161
2026/4/27 9:02,2,缓行,34.4,87.50%,12.50%,0.00%,民族大道,畅通,35,从汤逊湖北路到珞喻路,79
2026/4/27 9:02,2,缓行,34.4,87.50%,12.50%,0.00%,虎泉街,畅通,35,从卓刀泉南路到民族大道,341
2026/4/27 9:02,2,缓行,34.4,87.50%,12.50%,0.00%,虎泉街,畅通,30,从民族大道到卓刀泉南路,160
2026/4/27 9:02,2,缓行,34.4,87.50%,12.50%,0.00%,鲁磨路,畅通,35,从珞喻路到喻家山北路,67
2026/4/27 9:02,2,缓行,34.4,87.50%,12.50%,0.00%,鲁磨路,畅通,35,从团山路到珞喻路,243
2026/4/27 9:04,2,缓行,33.8,87.50%,12.50%,0.00%,珞喻路,畅通,45,从珞狮路到喻家湖路,341
2026/4/27 9:04,2,缓行,33.8,87.50%,12.50%,0.00%,珞喻路,畅通,40,从喻家湖路到珞狮路,161
2026/4/27 9:04,2,缓行,33.8,87.50%,12.50%,0.00%,民族大道,畅通,35,从汤逊湖北路到珞喻路,79
2026/4/27 9:04,2,缓行,33.8,87.50%,12.50%,0.00%,虎泉街,畅通,35,从卓刀泉南路到民族大道,341
2026/4/27 9:04,2,缓行,33.8,87.50%,12.50%,0.00%,虎泉街,畅通,30,从民族大道到卓刀泉南路,160
2026/4/27 9:04,2,缓行,33.8,87.50%,12.50%,0.00%,鲁磨路,畅通,35,从珞喻路到喻家山北路,67
2026/4/27 9:04,2,缓行,33.8,87.50%,12.50%,0.00%,鲁磨路,畅通,35,从团山路到珞喻路,243
2026/4/27 9:06,2,缓行,33.8,87.50%,12.50%,0.00%,珞喻路,畅通,45,从珞狮路到喻家湖路,341
2026/4/27 9:06,2,缓行,33.8,87.50%,12.50%,0.00%,珞喻路,畅通,40,从喻家湖路到珞狮路,161
2026/4/27 9:06,2,缓行,33.8,87.50%,12.50%,0.00%,民族大道,畅通,35,从汤逊湖北路到珞喻路,79
2026/4/27 9:06,2,缓行,33.8,87.50%,12.50%,0.00%,虎泉街,畅通,35,从卓刀泉南路到民族大道,341
2026/4/27 9:06,2,缓行,33.8,87.50%,12.50%,0.00%,虎泉街,畅通,30,从民族大道到卓刀泉南路,160
2026/4/27 9:06,2,缓行,33.8,87.50%,12.50%,0.00%,鲁磨路,畅通,35,从珞喻路到喻家山北路,67
2026/4/27 9:06,2,缓行,33.8,87.50%,12.50%,0.00%,鲁磨路,畅通,35,从团山路到珞喻路,243
2026/4/27 9:08,2,缓行,34.4,87.50%,12.50%,0.00%,珞喻路,畅通,45,从珞狮路到喻家湖路,341
2026/4/27 9:08,2,缓行,34.4,87.50%,12.50%,0.00%,珞喻路,畅通,40,从喻家湖路到珞狮路,161
2026/4/27 9:08,2,缓行,34.4,87.50%,12.50%,0.00%,民族大道,畅通,35,从汤逊湖北路到珞喻路,79
2026/4/27 9:08,2,缓行,34.4,87.50%,12.50%,0.00%,虎泉街,畅通,30,从卓刀泉南路到民族大道,341
2026/4/27 9:08,2,缓行,34.4,87.50%,12.50%,0.00%,虎泉街,畅通,35,从民族大道到卓刀泉南路,160
2026/4/27 9:08,2,缓行,34.4,87.50%,12.50%,0.00%,鲁磨路,畅通,35,从珞喻路到喻家山北路,67
2026/4/27 9:08,2,缓行,34.4,87.50%,12.50%,0.00%,鲁磨路,畅通,35,从团山路到珞喻路,243
2026/4/27 9:10,2,缓行,35.6,87.50%,12.50%,0.00%,珞喻路,畅通,45,从珞狮路到喻家湖路,341
2026/4/27 9:10,2,缓行,35.6,87.50%,12.50%,0.00%,珞喻路,畅通,35,从喻家湖路到珞狮路,161
2026/4/27 9:10,2,缓行,35.6,87.50%,12.50%,0.00%,民族大道,畅通,50,从雄楚大道到珞喻路,83
2026/4/27 9:10,2,缓行,35.6,87.50%,12.50%,0.00%,虎泉街,畅通,30,从卓刀泉南路到民族大道,341
2026/4/27 9:10,2,缓行,35.6,87.50%,12.50%,0.00%,虎泉街,畅通,30,从民族大道到卓刀泉南路,160
2026/4/27 9:10,2,缓行,35.6,87.50%,12.50%,0.00%,鲁磨路,畅通,35,从珞喻路到喻家山北路,67
2026/4/27 9:10,2,缓行,35.6,87.50%,12.50%,0.00%,鲁磨路,畅通,35,从团山路到珞喻路,243
2026/4/27 9:12,2,缓行,35.6,87.50%,12.50%,0.00%,珞喻路,畅通,45,从珞狮路到喻家湖路,341
2026/4/27 9:12,2,缓行,35.6,87.50%,12.50%,0.00%,珞喻路,畅通,35,从喻家湖路到珞狮路,161
2026/4/27 9:12,2,缓行,35.6,87.50%,12.50%,0.00%,民族大道,畅通,50,从雄楚大道到珞喻路,83
2026/4/27 9:12,2,缓行,35.6,87.50%,12.50%,0.00%,虎泉街,畅通,30,从卓刀泉南路到民族大道,341
2026/4/27 9:12,2,缓行,35.6,87.50%,12.50%,0.00%,虎泉街,畅通,30,从民族大道到卓刀泉南路,160
2026/4/27 9:12,2,缓行,35.6,87.50%,12.50%,0.00%,鲁磨路,畅通,35,从珞喻路到喻家山北路,67
2026/4/27 9:12,2,缓行,35.6,87.50%,12.50%,0.00%,鲁磨路,畅通,35,从团山路到珞喻路,243
2026/4/27 9:14,2,缓行,35.6,87.50%,12.50%,0.00%,珞喻路,畅通,45,从珞狮路到喻家湖路,341
2026/4/27 9:14,2,缓行,35.6,87.50%,12.50%,0.00%,珞喻路,畅通,40,从喻家湖路到珞狮路,161
2026/4/27 9:14,2,缓行,35.6,87.50%,12.50%,0.00%,民族大道,畅通,35,从汤逊湖北路到珞喻路,79
2026/4/27 9:14,2,缓行,35.6,87.50%,12.50%,0.00%,虎泉街,畅通,35,从卓刀泉南路到民族大道,341
2026/4/27 9:14,2,缓行,35.6,87.50%,12.50%,0.00%,虎泉街,畅通,35,从民族大道到卓刀泉南路,160
2026/4/27 9:14,2,缓行,35.6,87.50%,12.50%,0.00%,鲁磨路,畅通,35,从珞喻路到喻家山北路,67
2026/4/27 9:14,2,缓行,35.6,87.50%,12.50%,0.00%,鲁磨路,畅通,35,从团山路到珞喻路,243
2026/4/27 9:16,2,缓行,35.6,87.50%,12.50%,0.00%,珞喻路,畅通,45,从珞狮路到喻家湖路,341
2026/4/27 9:16,2,缓行,35.6,87.50%,12.50%,0.00%,珞喻路,畅通,40,从喻家湖路到珞狮路,161
2026/4/27 9:16,2,缓行,35.6,87.50%,12.50%,0.00%,民族大道,畅通,35,从汤逊湖北路到珞喻路,79
2026/4/27 9:16,2,缓行,35.6,87.50%,12.50%,0.00%,虎泉街,畅通,35,从卓刀泉南路到民族大道,341
2026/4/27 9:16,2,缓行,35.6,87.50%,12.50%,0.00%,虎泉街,畅通,35,从民族大道到卓刀泉南路,160
2026/4/27 9:16,2,缓行,35.6,87.50%,12.50%,0.00%,鲁磨路,畅通,35,从珞喻路到喻家山北路,67
2026/4/27 9:16,2,缓行,35.6,87.50%,12.50%,0.00%,鲁磨路,畅通,35,从团山路到珞喻路,243
2026/4/27 9:18,2,缓行,33.8,87.50%,12.50%,0.00%,珞喻路,畅通,45,从珞狮路到喻家湖路,341
2026/4/27 9:18,2,缓行,33.8,87.50%,12.50%,0.00%,珞喻路,畅通,40,从喻家湖路到珞狮路,161
2026/4/27 9:18,2,缓行,33.8,87.50%,12.50%,0.00%,民族大道,畅通,35,从汤逊湖北路到珞喻路,79
2026/4/27 9:18,2,缓行,33.8,87.50%,12.50%,0.00%,虎泉街,畅通,30,从卓刀泉南路到民族大道,341
2026/4/27 9:18,2,缓行,33.8,87.50%,12.50%,0.00%,虎泉街,畅通,30,从民族大道到卓刀泉南路,160
2026/4/27 9:18,2,缓行,33.8,87.50%,12.50%,0.00%,鲁磨路,畅通,35,从珞喻路到喻家山北路,67
2026/4/27 9:18,2,缓行,33.8,87.50%,12.50%,0.00%,鲁磨路,畅通,35,从团山路到珞喻路,243
2026/4/27 9:20,2,缓行,33.1,87.50%,12.50%,0.00%,珞喻路,畅通,45,从珞狮路到喻家湖路,341
2026/4/27 9:20,2,缓行,33.1,87.50%,12.50%,0.00%,珞喻路,畅通,35,从喻家湖路到珞狮路,161
2026/4/27 9:20,2,缓行,33.1,87.50%,12.50%,0.00%,民族大道,畅通,35,从汤逊湖北路到珞喻路,79
2026/4/27 9:20,2,缓行,33.1,87.50%,12.50%,0.00%,虎泉街,畅通,30,从卓刀泉南路到民族大道,341
2026/4/27 9:20,2,缓行,33.1,87.50%,12.50%,0.00%,虎泉街,畅通,30,从民族大道到卓刀泉南路,160
2026/4/27 9:20,2,缓行,33.1,87.50%,12.50%,0.00%,鲁磨路,畅通,35,从珞喻路到喻家山北路,67
2026/4/27 9:20,2,缓行,33.1,87.50%,12.50%,0.00%,鲁磨路,畅通,30,从团山路到珞喻路,243
2026/4/27 9:22,1,畅通,34.5,100.00%,0.00%,0.00%,珞喻路,畅通,40,从珞狮路到喻家湖路,341
2026/4/27 9:22,1,畅通,34.5,100.00%,0.00%,0.00%,珞喻路,畅通,40,从喻家湖路到珞狮路,161
2026/4/27 9:22,1,畅通,34.5,100.00%,0.00%,0.00%,民族大道,畅通,40,从汤逊湖北路到珞喻路,79
2026/4/27 9:22,1,畅通,34.5,100.00%,0.00%,0.00%,民族大道,畅通,31,从珞喻路到大学园路,258
2026/4/27 9:22,1,畅通,34.5,100.00%,0.00%,0.00%,虎泉街,畅通,30,从卓刀泉南路到民族大道,341
2026/4/27 9:22,1,畅通,34.5,100.00%,0.00%,0.00%,虎泉街,畅通,30,从民族大道到卓刀泉南路,160
2026/4/27 9:22,1,畅通,34.5,100.00%,0.00%,0.00%,鲁磨路,畅通,30,从珞喻路到喻家山北路,67
2026/4/27 9:22,1,畅通,34.5,100.00%,0.00%,0.00%,鲁磨路,畅通,35,从团山路到珞喻路,243
2026/4/27 9:24,1,畅通,35.1,100.00%,0.00%,0.00%,珞喻路,畅通,45,从珞狮路到喻家湖路,341
2026/4/27 9:24,1,畅通,35.1,100.00%,0.00%,0.00%,珞喻路,畅通,40,从喻家湖路到珞狮路,161
2026/4/27 9:24,1,畅通,35.1,100.00%,0.00%,0.00%,民族大道,畅通,35,从汤逊湖北路到珞喻路,79
2026/4/27 9:24,1,畅通,35.1,100.00%,0.00%,0.00%,民族大道,畅通,31,从珞喻路到大学园路,258
2026/4/27 9:24,1,畅通,35.1,100.00%,0.00%,0.00%,虎泉街,畅通,30,从卓刀泉南路到民族大道,341
2026/4/27 9:24,1,畅通,35.1,100.00%,0.00%,0.00%,虎泉街,畅通,30,从民族大道到卓刀泉南路,160
2026/4/27 9:24,1,畅通,35.1,100.00%,0.00%,0.00%,鲁磨路,畅通,35,从珞喻路到喻家山北路,67
2026/4/27 9:24,1,畅通,35.1,100.00%,0.00%,0.00%,鲁磨路,畅通,35,从团山路到珞喻路,243
2026/4/27 9:26,1,畅通,35.6,100.00%,0.00%,0.00%,珞喻路,畅通,40,从珞狮路到喻家湖路,341
2026/4/27 9:26,1,畅通,35.6,100.00%,0.00%,0.00%,珞喻路,畅通,40,从喻家湖路到珞狮路,161
2026/4/27 9:26,1,畅通,35.6,100.00%,0.00%,0.00%,民族大道,畅通,35,从汤逊湖北路到珞喻路,79
2026/4/27 9:26,1,畅通,35.6,100.00%,0.00%,0.00%,民族大道,畅通,35,从珞喻路到大学园路,258
2026/4/27 9:26,1,畅通,35.6,100.00%,0.00%,0.00%,虎泉街,畅通,35,从卓刀泉南路到民族大道,341
2026/4/27 9:26,1,畅通,35.6,100.00%,0.00%,0.00%,虎泉街,畅通,30,从民族大道到卓刀泉南路,160
2026/4/27 9:26,1,畅通,35.6,100.00%,0.00%,0.00%,鲁磨路,畅通,35,从珞喻路到喻家山北路,67
2026/4/27 9:26,1,畅通,35.6,100.00%,0.00%,0.00%,鲁磨路,畅通,35,从团山路到珞喻路,243
2026/4/27 9:28,1,畅通,35.9,100.00%,0.00%,0.00%,珞喻路,畅通,40,从珞狮路到喻家湖路,341
2026/4/27 9:28,1,畅通,35.9,100.00%,0.00%,0.00%,珞喻路,畅通,40,从喻家湖路到珞狮路,161
2026/4/27 9:28,1,畅通,35.9,100.00%,0.00%,0.00%,民族大道,畅通,35,从汤逊湖北路到珞喻路,79
2026/4/27 9:28,1,畅通,35.9,100.00%,0.00%,0.00%,民族大道,畅通,37,从珞喻路到大学园路,258
2026/4/27 9:28,1,畅通,35.9,100.00%,0.00%,0.00%,虎泉街,畅通,35,从卓刀泉南路到民族大道,341
2026/4/27 9:28,1,畅通,35.9,100.00%,0.00%,0.00%,虎泉街,畅通,30,从民族大道到卓刀泉南路,160
2026/4/27 9:28,1,畅通,35.9,100.00%,0.00%,0.00%,鲁磨路,畅通,35,从珞喻路到喻家山北路,67
2026/4/27 9:28,1,畅通,35.9,100.00%,0.00%,0.00%,鲁磨路,畅通,35,从团山路到珞喻路,243
2026/4/27 9:30,1,畅通,35.9,100.00%,0.00%,0.00%,珞喻路,畅通,40,从珞狮路到喻家湖路,341
2026/4/27 9:30,1,畅通,35.9,100.00%,0.00%,0.00%,珞喻路,畅通,40,从喻家湖路到珞狮路,161
2026/4/27 9:30,1,畅通,35.9,100.00%,0.00%,0.00%,民族大道,畅通,35,从汤逊湖北路到珞喻路,79
2026/4/27 9:30,1,畅通,35.9,100.00%,0.00%,0.00%,民族大道,畅通,37,从珞喻路到大学园路,258
2026/4/27 9:30,1,畅通,35.9,100.00%,0.00%,0.00%,虎泉街,畅通,35,从卓刀泉南路到民族大道,341
2026/4/27 9:30,1,畅通,35.9,100.00%,0.00%,0.00%,虎泉街,畅通,30,从民族大道到卓刀泉南路,160
2026/4/27 9:30,1,畅通,35.9,100.00%,0.00%,0.00%,鲁磨路,畅通,35,从珞喻路到喻家山北路,67
2026/4/27 9:30,1,畅通,35.9,100.00%,0.00%,0.00%,鲁磨路,畅通,35,从团山路到珞喻路,243
2026/4/27 9:32,1,畅通,35.9,100.00%,0.00%,0.00%,珞喻路,畅通,45,从珞狮路到喻家湖路,341
2026/4/27 9:32,1,畅通,35.9,100.00%,0.00%,0.00%,珞喻路,畅通,40,从喻家湖路到珞狮路,161
2026/4/27 9:32,1,畅通,35.9,100.00%,0.00%,0.00%,民族大道,畅通,35,从汤逊湖北路到珞喻路,79
2026/4/27 9:32,1,畅通,35.9,100.00%,0.00%,0.00%,民族大道,畅通,37,从珞喻路到大学园路,258
2026/4/27 9:32,1,畅通,35.9,100.00%,0.00%,0.00%,虎泉街,畅通,30,从卓刀泉南路到民族大道,341
2026/4/27 9:32,1,畅通,35.9,100.00%,0.00%,0.00%,虎泉街,畅通,30,从民族大道到卓刀泉南路,160
2026/4/27 9:32,1,畅通,35.9,100.00%,0.00%,0.00%,鲁磨路,畅通,35,从珞喻路到喻家山北路,67
2026/4/27 9:32,1,畅通,35.9,100.00%,0.00%,0.00%,鲁磨路,畅通,35,从团山路到珞喻路,243
2026/4/27 9:34,1,畅通,36.2,100.00%,0.00%,0.00%,珞喻路,畅通,45,从珞狮路到喻家湖路,341
2026/4/27 9:34,1,畅通,36.2,100.00%,0.00%,0.00%,珞喻路,畅通,45,从喻家湖路到珞狮路,161
2026/4/27 9:34,1,畅通,36.2,100.00%,0.00%,0.00%,民族大道,畅通,35,从汤逊湖北路到珞喻路,79
2026/4/27 9:34,1,畅通,36.2,100.00%,0.00%,0.00%,民族大道,畅通,35,从珞喻路到大学园路,258
2026/4/27 9:34,1,畅通,36.2,100.00%,0.00%,0.00%,虎泉街,畅通,30,从卓刀泉南路到民族大道,341
2026/4/27 9:34,1,畅通,36.2,100.00%,0.00%,0.00%,虎泉街,畅通,35,从民族大道到卓刀泉南路,160
2026/4/27 9:34,1,畅通,36.2,100.00%,0.00%,0.00%,鲁磨路,畅通,35,从珞喻路到喻家山北路,67
2026/4/27 9:34,1,畅通,36.2,100.00%,0.00%,0.00%,鲁磨路,畅通,30,从团山路到珞喻路,243
2026/4/27 9:36,1,畅通,35.6,100.00%,0.00%,0.00%,珞喻路,畅通,40,从珞狮路到喻家湖路,341
2026/4/27 9:36,1,畅通,35.6,100.00%,0.00%,0.00%,珞喻路,畅通,40,从喻家湖路到珞狮路,161
2026/4/27 9:36,1,畅通,35.6,100.00%,0.00%,0.00%,民族大道,畅通,40,从汤逊湖北路到珞喻路,79
2026/4/27 9:36,1,畅通,35.6,100.00%,0.00%,0.00%,民族大道,畅通,35,从珞喻路到大学园路,258
2026/4/27 9:36,1,畅通,35.6,100.00%,0.00%,0.00%,虎泉街,畅通,30,从卓刀泉南路到民族大道,341
2026/4/27 9:36,1,畅通,35.6,100.00%,0.00%,0.00%,虎泉街,畅通,30,从民族大道到卓刀泉南路,160
2026/4/27 9:36,1,畅通,35.6,100.00%,0.00%,0.00%,鲁磨路,畅通,35,从珞喻路到喻家山北路,67
2026/4/27 9:36,1,畅通,35.6,100.00%,0.00%,0.00%,鲁磨路,畅通,35,从团山路到珞喻路,243
2026/4/27 9:38,1,畅通,35.6,100.00%,0.00%,0.00%,珞喻路,畅通,40,从珞狮路到喻家湖路,341
2026/4/27 9:38,1,畅通,35.6,100.00%,0.00%,0.00%,珞喻路,畅通,40,从喻家湖路到珞狮路,161
2026/4/27 9:38,1,畅通,35.6,100.00%,0.00%,0.00%,民族大道,畅通,40,从汤逊湖北路到珞喻路,79
2026/4/27 9:38,1,畅通,35.6,100.00%,0.00%,0.00%,民族大道,畅通,35,从珞喻路到大学园路,258
2026/4/27 9:38,1,畅通,35.6,100.00%,0.00%,0.00%,虎泉街,畅通,30,从卓刀泉南路到民族大道,341
2026/4/27 9:38,1,畅通,35.6,100.00%,0.00%,0.00%,虎泉街,畅通,30,从民族大道到卓刀泉南路,160
2026/4/27 9:38,1,畅通,35.6,100.00%,0.00%,0.00%,鲁磨路,畅通,35,从珞喻路到喻家山北路,67
2026/4/27 9:38,1,畅通,35.6,100.00%,0.00%,0.00%,鲁磨路,畅通,35,从团山路到珞喻路,243
2026/4/27 9:40,1,畅通,35.6,100.00%,0.00%,0.00%,珞喻路,畅通,45,从珞狮路到喻家湖路,341
2026/4/27 9:40,1,畅通,35.6,100.00%,0.00%,0.00%,珞喻路,畅通,35,从喻家湖路到珞狮路,161
2026/4/27 9:40,1,畅通,35.6,100.00%,0.00%,0.00%,民族大道,畅通,40,从汤逊湖北路到珞喻路,79
2026/4/27 9:40,1,畅通,35.6,100.00%,0.00%,0.00%,民族大道,畅通,35,从珞喻路到大学园路,258
2026/4/27 9:40,1,畅通,35.6,100.00%,0.00%,0.00%,虎泉街,畅通,30,从卓刀泉南路到民族大道,341
2026/4/27 9:40,1,畅通,35.6,100.00%,0.00%,0.00%,虎泉街,畅通,30,从民族大道到卓刀泉南路,160
2026/4/27 9:40,1,畅通,35.6,100.00%,0.00%,0.00%,鲁磨路,畅通,35,从珞喻路到喻家山北路,67
2026/4/27 9:40,1,畅通,35.6,100.00%,0.00%,0.00%,鲁磨路,畅通,35,从团山路到珞喻路,243
2026/4/27 9:42,1,畅通,35.6,100.00%,0.00%,0.00%,珞喻路,畅通,45,从珞狮路到喻家湖路,341
2026/4/27 9:42,1,畅通,35.6,100.00%,0.00%,0.00%,珞喻路,畅通,35,从喻家湖路到珞狮路,161
2026/4/27 9:42,1,畅通,35.6,100.00%,0.00%,0.00%,民族大道,畅通,40,从汤逊湖北路到珞喻路,79
2026/4/27 9:42,1,畅通,35.6,100.00%,0.00%,0.00%,民族大道,畅通,35,从珞喻路到大学园路,258
2026/4/27 9:42,1,畅通,35.6,100.00%,0.00%,0.00%,虎泉街,畅通,30,从卓刀泉南路到民族大道,341
2026/4/27 9:42,1,畅通,35.6,100.00%,0.00%,0.00%,虎泉街,畅通,30,从民族大道到卓刀泉南路,160
2026/4/27 9:42,1,畅通,35.6,100.00%,0.00%,0.00%,鲁磨路,畅通,35,从珞喻路到喻家山北路,67
2026/4/27 9:42,1,畅通,35.6,100.00%,0.00%,0.00%,鲁磨路,畅通,35,从团山路到珞喻路,243
2026/4/27 9:45,1,畅通,34.6,100.00%,0.00%,0.00%,珞喻路,畅通,40,从珞狮路到喻家湖路,341
2026/4/27 9:45,1,畅通,34.6,100.00%,0.00%,0.00%,珞喻路,畅通,35,从喻家湖路到珞狮路,161
2026/4/27 9:45,1,畅通,34.6,100.00%,0.00%,0.00%,民族大道,畅通,35,从汤逊湖北路到珞喻路,79
2026/4/27 9:45,1,畅通,34.6,100.00%,0.00%,0.00%,民族大道,畅通,37,从珞喻路到大学园路,258
2026/4/27 9:45,1,畅通,34.6,100.00%,0.00%,0.00%,虎泉街,畅通,30,从卓刀泉南路到民族大道,341
2026/4/27 9:45,1,畅通,34.6,100.00%,0.00%,0.00%,虎泉街,畅通,30,从民族大道到卓刀泉南路,160
2026/4/27 9:45,1,畅通,34.6,100.00%,0.00%,0.00%,鲁磨路,畅通,35,从珞喻路到喻家山北路,67
2026/4/27 9:45,1,畅通,34.6,100.00%,0.00%,0.00%,鲁磨路,畅通,35,从团山路到珞喻路,243
2026/4/27 9:47,1,畅通,34.6,100.00%,0.00%,0.00%,珞喻路,畅通,40,从珞狮路到喻家湖路,341
2026/4/27 9:47,1,畅通,34.6,100.00%,0.00%,0.00%,珞喻路,畅通,35,从喻家湖路到珞狮路,161
2026/4/27 9:47,1,畅通,34.6,100.00%,0.00%,0.00%,民族大道,畅通,35,从汤逊湖北路到珞喻路,79
2026/4/27 9:47,1,畅通,34.6,100.00%,0.00%,0.00%,民族大道,畅通,37,从珞喻路到大学园路,258
2026/4/27 9:47,1,畅通,34.6,100.00%,0.00%,0.00%,虎泉街,畅通,30,从卓刀泉南路到民族大道,341
2026/4/27 9:47,1,畅通,34.6,100.00%,0.00%,0.00%,虎泉街,畅通,30,从民族大道到卓刀泉南路,160
2026/4/27 9:47,1,畅通,34.6,100.00%,0.00%,0.00%,鲁磨路,畅通,35,从珞喻路到喻家山北路,67
2026/4/27 9:47,1,畅通,34.6,100.00%,0.00%,0.00%,鲁磨路,畅通,35,从团山路到珞喻路,243
2026/4/27 9:49,1,畅通,34.6,100.00%,0.00%,0.00%,珞喻路,畅通,40,从珞狮路到喻家湖路,341
2026/4/27 9:49,1,畅通,34.6,100.00%,0.00%,0.00%,珞喻路,畅通,35,从喻家湖路到珞狮路,161
2026/4/27 9:49,1,畅通,34.6,100.00%,0.00%,0.00%,民族大道,畅通,35,从汤逊湖北路到珞喻路,79
2026/4/27 9:49,1,畅通,34.6,100.00%,0.00%,0.00%,民族大道,畅通,37,从珞喻路到大学园路,258
2026/4/27 9:49,1,畅通,34.6,100.00%,0.00%,0.00%,虎泉街,畅通,30,从卓刀泉南路到民族大道,341
2026/4/27 9:49,1,畅通,34.6,100.00%,0.00%,0.00%,虎泉街,畅通,30,从民族大道到卓刀泉南路,160
2026/4/27 9:49,1,畅通,34.6,100.00%,0.00%,0.00%,鲁磨路,畅通,35,从珞喻路到喻家山北路,67
2026/4/27 9:49,1,畅通,34.6,100.00%,0.00%,0.00%,鲁磨路,畅通,35,从团山路到珞喻路,243
2026/4/27 9:51,1,畅通,35.6,100.00%,0.00%,0.00%,珞喻路,畅通,45,从珞狮路到喻家湖路,341
2026/4/27 9:51,1,畅通,35.6,100.00%,0.00%,0.00%,珞喻路,畅通,45,从喻家湖路到珞狮路,161
2026/4/27 9:51,1,畅通,35.6,100.00%,0.00%,0.00%,民族大道,畅通,35,从汤逊湖北路到珞喻路,79
2026/4/27 9:51,1,畅通,35.6,100.00%,0.00%,0.00%,虎泉街,畅通,30,从卓刀泉南路到民族大道,341
2026/4/27 9:51,1,畅通,35.6,100.00%,0.00%,0.00%,虎泉街,畅通,30,从民族大道到卓刀泉南路,160
2026/4/27 9:51,1,畅通,35.6,100.00%,0.00%,0.00%,鲁磨路,畅通,35,从珞喻路到喻家山北路,67
2026/4/27 9:51,1,畅通,35.6,100.00%,0.00%,0.00%,鲁磨路,畅通,35,从团山路到珞喻路,243
2026/4/27 9:53,1,畅通,35.4,100.00%,0.00%,0.00%,珞喻路,畅通,45,从珞狮路到喻家湖路,341
2026/4/27 9:53,1,畅通,35.4,100.00%,0.00%,0.00%,珞喻路,畅通,40,从喻家湖路到珞狮路,161
2026/4/27 9:53,1,畅通,35.4,100.00%,0.00%,0.00%,民族大道,畅通,35,从汤逊湖北路到珞喻路,79
2026/4/27 9:53,1,畅通,35.4,100.00%,0.00%,0.00%,民族大道,畅通,33,从珞喻路到大学园路,258
2026/4/27 9:53,1,畅通,35.4,100.00%,0.00%,0.00%,虎泉街,畅通,35,从卓刀泉南路到民族大道,341
2026/4/27 9:53,1,畅通,35.4,100.00%,0.00%,0.00%,虎泉街,畅通,30,从民族大道到卓刀泉南路,160
2026/4/27 9:53,1,畅通,35.4,100.00%,0.00%,0.00%,鲁磨路,畅通,35,从珞喻路到喻家山北路,67
2026/4/27 9:53,1,畅通,35.4,100.00%,0.00%,0.00%,鲁磨路,畅通,30,从团山路到珞喻路,243
2026/4/27 9:55,1,畅通,35.4,100.00%,0.00%,0.00%,珞喻路,畅通,45,从珞狮路到喻家湖路,341
2026/4/27 9:55,1,畅通,35.4,100.00%,0.00%,0.00%,珞喻路,畅通,40,从喻家湖路到珞狮路,161
2026/4/27 9:55,1,畅通,35.4,100.00%,0.00%,0.00%,民族大道,畅通,35,从汤逊湖北路到珞喻路,79
2026/4/27 9:55,1,畅通,35.4,100.00%,0.00%,0.00%,民族大道,畅通,33,从珞喻路到大学园路,258
2026/4/27 9:55,1,畅通,35.4,100.00%,0.00%,0.00%,虎泉街,畅通,35,从卓刀泉南路到民族大道,341
2026/4/27 9:55,1,畅通,35.4,100.00%,0.00%,0.00%,虎泉街,畅通,30,从民族大道到卓刀泉南路,160
2026/4/27 9:55,1,畅通,35.4,100.00%,0.00%,0.00%,鲁磨路,畅通,35,从珞喻路到喻家山北路,67
2026/4/27 9:55,1,畅通,35.4,100.00%,0.00%,0.00%,鲁磨路,畅通,30,从团山路到珞喻路,243
2026/4/27 9:57,1,畅通,40.7,100.00%,0.00%,0.00%,珞喻路,畅通,45,从珞狮路到喻家湖路,341
2026/4/27 9:57,1,畅通,40.7,100.00%,0.00%,0.00%,珞喻路,畅通,45,从喻家湖路到珞狮路,161
2026/4/27 9:57,1,畅通,40.7,100.00%,0.00%,0.00%,民族大道,畅通,35,从汤逊湖北路到珞喻路,79
2026/4/27 9:57,1,畅通,40.7,100.00%,0.00%,0.00%,民族大道,畅通,37,从珞喻路到大学园路,258
2026/4/27 9:57,1,畅通,40.7,100.00%,0.00%,0.00%,虎泉街,畅通,30,从卓刀泉南路到民族大道,341
2026/4/27 9:57,1,畅通,40.7,100.00%,0.00%,0.00%,虎泉街,畅通,30,从民族大道到卓刀泉南路,160
2026/4/27 9:57,1,畅通,40.7,100.00%,0.00%,0.00%,鲁磨路,畅通,35,从珞喻路到喻家山北路,67
2026/4/27 9:57,1,畅通,40.7,100.00%,0.00%,0.00%,鲁磨路,畅通,30,从团山路到珞喻路,243
2026/4/27 9:59,1,畅通,37.1,100.00%,0.00%,0.00%,珞喻路,畅通,45,从珞狮路到喻家湖路,341
2026/4/27 9:59,1,畅通,37.1,100.00%,0.00%,0.00%,珞喻路,畅通,45,从喻家湖路到珞狮路,161
2026/4/27 9:59,1,畅通,37.1,100.00%,0.00%,0.00%,民族大道,畅通,35,从汤逊湖北路到珞喻路,79
2026/4/27 9:59,1,畅通,37.1,100.00%,0.00%,0.00%,民族大道,畅通,37,从珞喻路到大学园路,258
2026/4/27 9:59,1,畅通,37.1,100.00%,0.00%,0.00%,虎泉街,畅通,35,从卓刀泉南路到民族大道,341
2026/4/27 9:59,1,畅通,37.1,100.00%,0.00%,0.00%,虎泉街,畅通,30,从民族大道到卓刀泉南路,160
2026/4/27 9:59,1,畅通,37.1,100.00%,0.00%,0.00%,鲁磨路,畅通,35,从珞喻路到喻家山北路,67
2026/4/27 9:59,1,畅通,37.1,100.00%,0.00%,0.00%,鲁磨路,畅通,35,从团山路到珞喻路,243
2026/4/27 10:01,1,畅通,37.1,100.00%,0.00%,0.00%,珞喻路,畅通,45,从珞狮路到喻家湖路,341
2026/4/27 10:01,1,畅通,37.1,100.00%,0.00%,0.00%,珞喻路,畅通,45,从喻家湖路到珞狮路,161
2026/4/27 10:01,1,畅通,37.1,100.00%,0.00%,0.00%,民族大道,畅通,35,从汤逊湖北路到珞喻路,79
2026/4/27 10:01,1,畅通,37.1,100.00%,0.00%,0.00%,民族大道,畅通,37,从珞喻路到大学园路,258
2026/4/27 10:01,1,畅通,37.1,100.00%,0.00%,0.00%,虎泉街,畅通,35,从卓刀泉南路到民族大道,341
2026/4/27 10:01,1,畅通,37.1,100.00%,0.00%,0.00%,虎泉街,畅通,35,从民族大道到卓刀泉南路,160
2026/4/27 10:01,1,畅通,37.1,100.00%,0.00%,0.00%,鲁磨路,畅通,35,从珞喻路到喻家山北路,67
2026/4/27 10:01,1,畅通,37.1,100.00%,0.00%,0.00%,鲁磨路,畅通,30,从团山路到珞喻路,243
2026/4/27 10:03,1,畅通,37.1,100.00%,0.00%,0.00%,珞喻路,畅通,45,从珞狮路到喻家湖路,341
2026/4/27 10:03,1,畅通,37.1,100.00%,0.00%,0.00%,珞喻路,畅通,45,从喻家湖路到珞狮路,161
2026/4/27 10:03,1,畅通,37.1,100.00%,0.00%,0.00%,民族大道,畅通,35,从汤逊湖北路到珞喻路,79
2026/4/27 10:03,1,畅通,37.1,100.00%,0.00%,0.00%,民族大道,畅通,37,从珞喻路到大学园路,258
2026/4/27 10:03,1,畅通,37.1,100.00%,0.00%,0.00%,虎泉街,畅通,35,从卓刀泉南路到民族大道,341
2026/4/27 10:03,1,畅通,37.1,100.00%,0.00%,0.00%,虎泉街,畅通,35,从民族大道到卓刀泉南路,160
2026/4/27 10:03,1,畅通,37.1,100.00%,0.00%,0.00%,鲁磨路,畅通,35,从珞喻路到喻家山北路,67
2026/4/27 10:03,1,畅通,37.1,100.00%,0.00%,0.00%,鲁磨路,畅通,30,从团山路到珞喻路,243
2026/4/27 10:05,1,畅通,37.1,100.00%,0.00%,0.00%,珞喻路,畅通,45,从珞狮路到喻家湖路,341
2026/4/27 10:05,1,畅通,37.1,100.00%,0.00%,0.00%,珞喻路,畅通,45,从喻家湖路到珞狮路,161
2026/4/27 10:05,1,畅通,37.1,100.00%,0.00%,0.00%,民族大道,畅通,35,从汤逊湖北路到珞喻路,79
2026/4/27 10:05,1,畅通,37.1,100.00%,0.00%,0.00%,民族大道,畅通,37,从珞喻路到大学园路,258
2026/4/27 10:05,1,畅通,37.1,100.00%,0.00%,0.00%,虎泉街,畅通,35,从卓刀泉南路到民族大道,341
2026/4/27 10:05,1,畅通,37.1,100.00%,0.00%,0.00%,虎泉街,畅通,30,从民族大道到卓刀泉南路,160
2026/4/27 10:05,1,畅通,37.1,100.00%,0.00%,0.00%,鲁磨路,畅通,35,从珞喻路到喻家山北路,67
2026/4/27 10:05,1,畅通,37.1,100.00%,0.00%,0.00%,鲁磨路,畅通,35,从团山路到珞喻路,243
2026/4/27 10:07,1,畅通,35.9,100.00%,0.00%,0.00%,珞喻路,畅通,45,从珞狮路到喻家湖路,341
2026/4/27 10:07,1,畅通,35.9,100.00%,0.00%,0.00%,珞喻路,畅通,45,从喻家湖路到珞狮路,161
2026/4/27 10:07,1,畅通,35.9,100.00%,0.00%,0.00%,民族大道,畅通,35,从汤逊湖北路到珞喻路,79
2026/4/27 10:07,1,畅通,35.9,100.00%,0.00%,0.00%,民族大道,畅通,37,从珞喻路到大学园路,258
2026/4/27 10:07,1,畅通,35.9,100.00%,0.00%,0.00%,虎泉街,畅通,30,从卓刀泉南路到民族大道,341
2026/4/27 10:07,1,畅通,35.9,100.00%,0.00%,0.00%,虎泉街,畅通,30,从民族大道到卓刀泉南路,160
2026/4/27 10:07,1,畅通,35.9,100.00%,0.00%,0.00%,鲁磨路,畅通,35,从珞喻路到喻家山北路,67
2026/4/27 10:07,1,畅通,35.9,100.00%,0.00%,0.00%,鲁磨路,畅通,30,从团山路到珞喻路,243
2026/4/27 10:09,1,畅通,36.5,100.00%,0.00%,0.00%,珞喻路,畅通,45,从珞狮路到喻家湖路,341
2026/4/27 10:09,1,畅通,36.5,100.00%,0.00%,0.00%,珞喻路,畅通,45,从喻家湖路到珞狮路,161
2026/4/27 10:09,1,畅通,36.5,100.00%,0.00%,0.00%,民族大道,畅通,35,从汤逊湖北路到珞喻路,79
2026/4/27 10:09,1,畅通,36.5,100.00%,0.00%,0.00%,民族大道,畅通,37,从珞喻路到大学园路,258
2026/4/27 10:09,1,畅通,36.5,100.00%,0.00%,0.00%,虎泉街,畅通,35,从卓刀泉南路到民族大道,341
2026/4/27 10:09,1,畅通,36.5,100.00%,0.00%,0.00%,虎泉街,畅通,30,从民族大道到卓刀泉南路,160
2026/4/27 10:09,1,畅通,36.5,100.00%,0.00%,0.00%,鲁磨路,畅通,35,从珞喻路到喻家山北路,67
2026/4/27 10:09,1,畅通,36.5,100.00%,0.00%,0.00%,鲁磨路,畅通,30,从团山路到珞喻路,243
2026/4/27 10:11,1,畅通,36.5,100.00%,0.00%,0.00%,珞喻路,畅通,45,从珞狮路到喻家湖路,341
2026/4/27 10:11,1,畅通,36.5,100.00%,0.00%,0.00%,珞喻路,畅通,45,从喻家湖路到珞狮路,161
2026/4/27 10:11,1,畅通,36.5,100.00%,0.00%,0.00%,民族大道,畅通,35,从汤逊湖北路到珞喻路,79
2026/4/27 10:11,1,畅通,36.5,100.00%,0.00%,0.00%,民族大道,畅通,37,从珞喻路到大学园路,258
2026/4/27 10:11,1,畅通,36.5,100.00%,0.00%,0.00%,虎泉街,畅通,35,从卓刀泉南路到民族大道,341
2026/4/27 10:11,1,畅通,36.5,100.00%,0.00%,0.00%,虎泉街,畅通,30,从民族大道到卓刀泉南路,160
2026/4/27 10:11,1,畅通,36.5,100.00%,0.00%,0.00%,鲁磨路,畅通,35,从珞喻路到喻家山北路,67
2026/4/27 10:11,1,畅通,36.5,100.00%,0.00%,0.00%,鲁磨路,畅通,30,从团山路到珞喻路,243
2026/4/27 10:13,1,畅通,36.5,100.00%,0.00%,0.00%,珞喻路,畅通,45,从珞狮路到喻家湖路,341
2026/4/27 10:13,1,畅通,36.5,100.00%,0.00%,0.00%,珞喻路,畅通,45,从喻家湖路到珞狮路,161
2026/4/27 10:13,1,畅通,36.5,100.00%,0.00%,0.00%,民族大道,畅通,35,从汤逊湖北路到珞喻路,79
2026/4/27 10:13,1,畅通,36.5,100.00%,0.00%,0.00%,民族大道,畅通,37,从珞喻路到大学园路,258
2026/4/27 10:13,1,畅通,36.5,100.00%,0.00%,0.00%,虎泉街,畅通,30,从卓刀泉南路到民族大道,341
2026/4/27 10:13,1,畅通,36.5,100.00%,0.00%,0.00%,虎泉街,畅通,30,从民族大道到卓刀泉南路,160
2026/4/27 10:13,1,畅通,36.5,100.00%,0.00%,0.00%,鲁磨路,畅通,35,从珞喻路到喻家山北路,67
2026/4/27 10:13,1,畅通,36.5,100.00%,0.00%,0.00%,鲁磨路,畅通,35,从团山路到珞喻路,243
2026/4/27 10:15,1,畅通,36.5,100.00%,0.00%,0.00%,珞喻路,畅通,45,从珞狮路到喻家湖路,341
2026/4/27 10:15,1,畅通,36.5,100.00%,0.00%,0.00%,珞喻路,畅通,45,从喻家湖路到珞狮路,161
2026/4/27 10:15,1,畅通,36.5,100.00%,0.00%,0.00%,民族大道,畅通,35,从汤逊湖北路到珞喻路,79
2026/4/27 10:15,1,畅通,36.5,100.00%,0.00%,0.00%,民族大道,畅通,37,从珞喻路到大学园路,258
2026/4/27 10:15,1,畅通,36.5,100.00%,0.00%,0.00%,虎泉街,畅通,30,从卓刀泉南路到民族大道,341
2026/4/27 10:15,1,畅通,36.5,100.00%,0.00%,0.00%,虎泉街,畅通,30,从民族大道到卓刀泉南路,160
2026/4/27 10:15,1,畅通,36.5,100.00%,0.00%,0.00%,鲁磨路,畅通,35,从珞喻路到喻家山北路,67
2026/4/27 10:15,1,畅通,36.5,100.00%,0.00%,0.00%,鲁磨路,畅通,35,从团山路到珞喻路,243
2026/4/27 10:17,1,畅通,36.5,100.00%,0.00%,0.00%,珞喻路,畅通,45,从珞狮路到喻家湖路,341
2026/4/27 10:17,1,畅通,36.5,100.00%,0.00%,0.00%,珞喻路,畅通,45,从喻家湖路到珞狮路,161
2026/4/27 10:17,1,畅通,36.5,100.00%,0.00%,0.00%,民族大道,畅通,35,从汤逊湖北路到珞喻路,79
2026/4/27 10:17,1,畅通,36.5,100.00%,0.00%,0.00%,民族大道,畅通,37,从珞喻路到大学园路,258
2026/4/27 10:17,1,畅通,36.5,100.00%,0.00%,0.00%,虎泉街,畅通,30,从卓刀泉南路到民族大道,341
2026/4/27 10:17,1,畅通,36.5,100.00%,0.00%,0.00%,虎泉街,畅通,30,从民族大道到卓刀泉南路,160
2026/4/27 10:17,1,畅通,36.5,100.00%,0.00%,0.00%,鲁磨路,畅通,35,从珞喻路到喻家山北路,67
2026/4/27 10:17,1,畅通,36.5,100.00%,0.00%,0.00%,鲁磨路,畅通,35,从团山路到珞喻路,243
2026/4/27 10:19,1,畅通,36.6,100.00%,0.00%,0.00%,珞喻路,畅通,45,从珞狮路到喻家湖路,341
2026/4/27 10:19,1,畅通,36.6,100.00%,0.00%,0.00%,珞喻路,畅通,45,从喻家湖路到珞狮路,161
2026/4/27 10:19,1,畅通,36.6,100.00%,0.00%,0.00%,民族大道,畅通,35,从汤逊湖北路到珞喻路,79
2026/4/27 10:19,1,畅通,36.6,100.00%,0.00%,0.00%,民族大道,畅通,38,从珞喻路到大学园路,258
2026/4/27 10:19,1,畅通,36.6,100.00%,0.00%,0.00%,虎泉街,畅通,30,从卓刀泉南路到民族大道,341
2026/4/27 10:19,1,畅通,36.6,100.00%,0.00%,0.00%,虎泉街,畅通,30,从民族大道到卓刀泉南路,160
2026/4/27 10:19,1,畅通,36.6,100.00%,0.00%,0.00%,鲁磨路,畅通,35,从珞喻路到喻家山北路,67
2026/4/27 10:19,1,畅通,36.6,100.00%,0.00%,0.00%,鲁磨路,畅通,35,从团山路到珞喻路,243
2026/4/27 10:21,1,畅通,36.5,100.00%,0.00%,0.00%,珞喻路,畅通,45,从珞狮路到喻家湖路,341
2026/4/27 10:21,1,畅通,36.5,100.00%,0.00%,0.00%,珞喻路,畅通,45,从喻家湖路到珞狮路,161
2026/4/27 10:21,1,畅通,36.5,100.00%,0.00%,0.00%,民族大道,畅通,40,从汤逊湖北路到珞喻路,79
2026/4/27 10:21,1,畅通,36.5,100.00%,0.00%,0.00%,民族大道,畅通,37,从珞喻路到大学园路,258
2026/4/27 10:21,1,畅通,36.5,100.00%,0.00%,0.00%,虎泉街,畅通,30,从卓刀泉南路到民族大道,341
2026/4/27 10:21,1,畅通,36.5,100.00%,0.00%,0.00%,虎泉街,畅通,30,从民族大道到卓刀泉南路,160
2026/4/27 10:21,1,畅通,36.5,100.00%,0.00%,0.00%,鲁磨路,畅通,35,从珞喻路到喻家山北路,67
2026/4/27 10:21,1,畅通,36.5,100.00%,0.00%,0.00%,鲁磨路,畅通,30,从团山路到珞喻路,243
2026/4/27 10:23,1,畅通,36.5,100.00%,0.00%,0.00%,珞喻路,畅通,45,从珞狮路到喻家湖路,341
2026/4/27 10:23,1,畅通,36.5,100.00%,0.00%,0.00%,珞喻路,畅通,45,从喻家湖路到珞狮路,161
2026/4/27 10:23,1,畅通,36.5,100.00%,0.00%,0.00%,民族大道,畅通,40,从汤逊湖北路到珞喻路,79
2026/4/27 10:23,1,畅通,36.5,100.00%,0.00%,0.00%,民族大道,畅通,37,从珞喻路到大学园路,258
2026/4/27 10:23,1,畅通,36.5,100.00%,0.00%,0.00%,虎泉街,畅通,30,从卓刀泉南路到民族大道,341
2026/4/27 10:23,1,畅通,36.5,100.00%,0.00%,0.00%,虎泉街,畅通,30,从民族大道到卓刀泉南路,160
2026/4/27 10:23,1,畅通,36.5,100.00%,0.00%,0.00%,鲁磨路,畅通,35,从珞喻路到喻家山北路,67
2026/4/27 10:23,1,畅通,36.5,100.00%,0.00%,0.00%,鲁磨路,畅通,30,从团山路到珞喻路,243
2026/4/27 10:25,1,畅通,37,100.00%,0.00%,0.00%,珞喻路,畅通,45,从珞狮路到喻家湖路,341
2026/4/27 10:25,1,畅通,37,100.00%,0.00%,0.00%,珞喻路,畅通,45,从喻家湖路到珞狮路,161
2026/4/27 10:25,1,畅通,37,100.00%,0.00%,0.00%,民族大道,畅通,40,从汤逊湖北路到珞喻路,79
2026/4/27 10:25,1,畅通,37,100.00%,0.00%,0.00%,民族大道,畅通,41,从珞喻路到大学园路,258
2026/4/27 10:25,1,畅通,37,100.00%,0.00%,0.00%,虎泉街,畅通,30,从卓刀泉南路到民族大道,341
2026/4/27 10:25,1,畅通,37,100.00%,0.00%,0.00%,虎泉街,畅通,30,从民族大道到卓刀泉南路,160
2026/4/27 10:25,1,畅通,37,100.00%,0.00%,0.00%,鲁磨路,畅通,30,从珞喻路到喻家山北路,67
2026/4/27 10:25,1,畅通,37,100.00%,0.00%,0.00%,鲁磨路,畅通,35,从团山路到珞喻路,243
2026/4/27 10:27,1,畅通,35.9,100.00%,0.00%,0.00%,珞喻路,畅通,45,从珞狮路到喻家湖路,341
2026/4/27 10:27,1,畅通,35.9,100.00%,0.00%,0.00%,珞喻路,畅通,40,从喻家湖路到珞狮路,161
2026/4/27 10:27,1,畅通,35.9,100.00%,0.00%,0.00%,民族大道,畅通,35,从汤逊湖北路到珞喻路,79
2026/4/27 10:27,1,畅通,35.9,100.00%,0.00%,0.00%,民族大道,畅通,37,从珞喻路到大学园路,258
2026/4/27 10:27,1,畅通,35.9,100.00%,0.00%,0.00%,虎泉街,畅通,30,从卓刀泉南路到民族大道,341
2026/4/27 10:27,1,畅通,35.9,100.00%,0.00%,0.00%,虎泉街,畅通,30,从民族大道到卓刀泉南路,160
2026/4/27 10:27,1,畅通,35.9,100.00%,0.00%,0.00%,鲁磨路,畅通,35,从珞喻路到喻家山北路,67
2026/4/27 10:27,1,畅通,35.9,100.00%,0.00%,0.00%,鲁磨路,畅通,35,从团山路到珞喻路,243
2026/4/27 10:29,1,畅通,36.5,100.00%,0.00%,0.00%,珞喻路,畅通,45,从珞狮路到喻家湖路,341
2026/4/27 10:29,1,畅通,36.5,100.00%,0.00%,0.00%,珞喻路,畅通,45,从喻家湖路到珞狮路,161
2026/4/27 10:29,1,畅通,36.5,100.00%,0.00%,0.00%,民族大道,畅通,35,从汤逊湖北路到珞喻路,79
2026/4/27 10:29,1,畅通,36.5,100.00%,0.00%,0.00%,民族大道,畅通,37,从珞喻路到大学园路,258
2026/4/27 10:29,1,畅通,36.5,100.00%,0.00%,0.00%,虎泉街,畅通,30,从卓刀泉南路到民族大道,341
2026/4/27 10:29,1,畅通,36.5,100.00%,0.00%,0.00%,虎泉街,畅通,30,从民族大道到卓刀泉南路,160
2026/4/27 10:29,1,畅通,36.5,100.00%,0.00%,0.00%,鲁磨路,畅通,35,从珞喻路到喻家山北路,67
2026/4/27 10:29,1,畅通,36.5,100.00%,0.00%,0.00%,鲁磨路,畅通,35,从团山路到珞喻路,243
2026/4/27 10:31,1,畅通,36.5,100.00%,0.00%,0.00%,珞喻路,畅通,45,从珞狮路到喻家湖路,341
2026/4/27 10:31,1,畅通,36.5,100.00%,0.00%,0.00%,珞喻路,畅通,45,从喻家湖路到珞狮路,161
2026/4/27 10:31,1,畅通,36.5,100.00%,0.00%,0.00%,民族大道,畅通,35,从汤逊湖北路到珞喻路,79
2026/4/27 10:31,1,畅通,36.5,100.00%,0.00%,0.00%,民族大道,畅通,37,从珞喻路到大学园路,258
2026/4/27 10:31,1,畅通,36.5,100.00%,0.00%,0.00%,虎泉街,畅通,30,从卓刀泉南路到民族大道,341
2026/4/27 10:31,1,畅通,36.5,100.00%,0.00%,0.00%,虎泉街,畅通,30,从民族大道到卓刀泉南路,160
2026/4/27 10:31,1,畅通,36.5,100.00%,0.00%,0.00%,鲁磨路,畅通,35,从珞喻路到喻家山北路,67
2026/4/27 10:31,1,畅通,36.5,100.00%,0.00%,0.00%,鲁磨路,畅通,35,从团山路到珞喻路,243
2026/4/27 11:12,1,畅通,36.6,100.00%,0.00%,0.00%,珞喻路,畅通,40,从珞狮路到喻家湖路,341
2026/4/27 11:12,1,畅通,36.6,100.00%,0.00%,0.00%,珞喻路,畅通,45,从喻家湖路到珞狮路,161
2026/4/27 11:12,1,畅通,36.6,100.00%,0.00%,0.00%,民族大道,畅通,35,从汤逊湖北路到珞喻路,79
2026/4/27 11:12,1,畅通,36.6,100.00%,0.00%,0.00%,民族大道,畅通,38,从珞喻路到大学园路,258
2026/4/27 11:12,1,畅通,36.6,100.00%,0.00%,0.00%,虎泉街,畅通,35,从卓刀泉南路到民族大道,341
2026/4/27 11:12,1,畅通,36.6,100.00%,0.00%,0.00%,虎泉街,畅通,30,从民族大道到卓刀泉南路,160
2026/4/27 11:12,1,畅通,36.6,100.00%,0.00%,0.00%,鲁磨路,畅通,35,从珞喻路到喻家山北路,67
2026/4/27 11:12,1,畅通,36.6,100.00%,0.00%,0.00%,鲁磨路,畅通,35,从团山路到珞喻路,243
2026/4/27 11:12,1,畅通,36.6,100.00%,0.00%,0.00%,珞喻路,畅通,40,从珞狮路到喻家湖路,341
2026/4/27 11:12,1,畅通,36.6,100.00%,0.00%,0.00%,珞喻路,畅通,45,从喻家湖路到珞狮路,161
2026/4/27 11:12,1,畅通,36.6,100.00%,0.00%,0.00%,民族大道,畅通,35,从汤逊湖北路到珞喻路,79
2026/4/27 11:12,1,畅通,36.6,100.00%,0.00%,0.00%,民族大道,畅通,38,从珞喻路到大学园路,258
2026/4/27 11:12,1,畅通,36.6,100.00%,0.00%,0.00%,虎泉街,畅通,35,从卓刀泉南路到民族大道,341
2026/4/27 11:12,1,畅通,36.6,100.00%,0.00%,0.00%,虎泉街,畅通,30,从民族大道到卓刀泉南路,160
2026/4/27 11:12,1,畅通,36.6,100.00%,0.00%,0.00%,鲁磨路,畅通,35,从珞喻路到喻家山北路,67
2026/4/27 11:12,1,畅通,36.6,100.00%,0.00%,0.00%,鲁磨路,畅通,35,从团山路到珞喻路,243
2026/4/27 11:14,1,畅通,36.6,100.00%,0.00%,0.00%,珞喻路,畅通,45,从珞狮路到喻家湖路,341
2026/4/27 11:14,1,畅通,36.6,100.00%,0.00%,0.00%,珞喻路,畅通,45,从喻家湖路到珞狮路,161
2026/4/27 11:14,1,畅通,36.6,100.00%,0.00%,0.00%,民族大道,畅通,35,从汤逊湖北路到珞喻路,79
2026/4/27 11:14,1,畅通,36.6,100.00%,0.00%,0.00%,民族大道,畅通,38,从珞喻路到大学园路,258
2026/4/27 11:14,1,畅通,36.6,100.00%,0.00%,0.00%,虎泉街,畅通,30,从卓刀泉南路到民族大道,341
2026/4/27 11:14,1,畅通,36.6,100.00%,0.00%,0.00%,虎泉街,畅通,30,从民族大道到卓刀泉南路,160
2026/4/27 11:14,1,畅通,36.6,100.00%,0.00%,0.00%,鲁磨路,畅通,35,从珞喻路到喻家山北路,67
2026/4/27 11:14,1,畅通,36.6,100.00%,0.00%,0.00%,鲁磨路,畅通,35,从团山路到珞喻路,243
2026/4/27 11:16,1,畅通,36.6,100.00%,0.00%,0.00%,珞喻路,畅通,45,从珞狮路到喻家湖路,341
2026/4/27 11:16,1,畅通,36.6,100.00%,0.00%,0.00%,珞喻路,畅通,45,从喻家湖路到珞狮路,161
2026/4/27 11:16,1,畅通,36.6,100.00%,0.00%,0.00%,民族大道,畅通,35,从汤逊湖北路到珞喻路,79
2026/4/27 11:16,1,畅通,36.6,100.00%,0.00%,0.00%,民族大道,畅通,38,从珞喻路到大学园路,258
2026/4/27 11:16,1,畅通,36.6,100.00%,0.00%,0.00%,虎泉街,畅通,30,从卓刀泉南路到民族大道,341
2026/4/27 11:16,1,畅通,36.6,100.00%,0.00%,0.00%,虎泉街,畅通,30,从民族大道到卓刀泉南路,160
2026/4/27 11:16,1,畅通,36.6,100.00%,0.00%,0.00%,鲁磨路,畅通,35,从珞喻路到喻家山北路,67
2026/4/27 11:16,1,畅通,36.6,100.00%,0.00%,0.00%,鲁磨路,畅通,35,从团山路到珞喻路,243
2026/4/27 11:18,2,缓行,33.8,87.50%,12.50%,0.00%,珞喻路,畅通,40,从珞狮路到喻家湖路,341
2026/4/27 11:18,2,缓行,33.8,87.50%,12.50%,0.00%,珞喻路,畅通,45,从喻家湖路到珞狮路,161
2026/4/27 11:18,2,缓行,33.8,87.50%,12.50%,0.00%,民族大道,畅通,35,从汤逊湖北路到珞喻路,79
2026/4/27 11:18,2,缓行,33.8,87.50%,12.50%,0.00%,虎泉街,畅通,30,从卓刀泉南路到民族大道,341
2026/4/27 11:18,2,缓行,33.8,87.50%,12.50%,0.00%,虎泉街,畅通,30,从民族大道到卓刀泉南路,160
2026/4/27 11:18,2,缓行,33.8,87.50%,12.50%,0.00%,鲁磨路,畅通,30,从珞喻路到喻家山北路,67
2026/4/27 11:18,2,缓行,33.8,87.50%,12.50%,0.00%,鲁磨路,畅通,35,从团山路到珞喻路,243
2026/4/27 11:20,1,畅通,34.8,100.00%,0.00%,0.00%,珞喻路,畅通,45,从珞狮路到喻家湖路,341
2026/4/27 11:20,1,畅通,34.8,100.00%,0.00%,0.00%,珞喻路,畅通,45,从喻家湖路到珞狮路,161
2026/4/27 11:20,1,畅通,34.8,100.00%,0.00%,0.00%,民族大道,畅通,35,从汤逊湖北路到珞喻路,79
2026/4/27 11:20,1,畅通,34.8,100.00%,0.00%,0.00%,民族大道,畅通,33,从珞喻路到大学园路,258
2026/4/27 11:20,1,畅通,34.8,100.00%,0.00%,0.00%,虎泉街,畅通,30,从卓刀泉南路到民族大道,341
2026/4/27 11:20,1,畅通,34.8,100.00%,0.00%,0.00%,虎泉街,畅通,30,从民族大道到卓刀泉南路,160
2026/4/27 11:20,1,畅通,34.8,100.00%,0.00%,0.00%,鲁磨路,畅通,30,从珞喻路到喻家山北路,67
2026/4/27 11:20,1,畅通,34.8,100.00%,0.00%,0.00%,鲁磨路,畅通,30,从团山路到珞喻路,243
2026/4/27 11:22,1,畅通,34.8,100.00%,0.00%,0.00%,珞喻路,畅通,45,从珞狮路到喻家湖路,341
2026/4/27 11:22,1,畅通,34.8,100.00%,0.00%,0.00%,珞喻路,畅通,45,从喻家湖路到珞狮路,161
2026/4/27 11:22,1,畅通,34.8,100.00%,0.00%,0.00%,民族大道,畅通,35,从汤逊湖北路到珞喻路,79
2026/4/27 11:22,1,畅通,34.8,100.00%,0.00%,0.00%,民族大道,畅通,33,从珞喻路到大学园路,258
2026/4/27 11:22,1,畅通,34.8,100.00%,0.00%,0.00%,虎泉街,畅通,30,从卓刀泉南路到民族大道,341
2026/4/27 11:22,1,畅通,34.8,100.00%,0.00%,0.00%,虎泉街,畅通,30,从民族大道到卓刀泉南路,160
2026/4/27 11:22,1,畅通,34.8,100.00%,0.00%,0.00%,鲁磨路,畅通,30,从珞喻路到喻家山北路,67
2026/4/27 11:22,1,畅通,34.8,100.00%,0.00%,0.00%,鲁磨路,畅通,30,从团山路到珞喻路,243
2026/4/27 11:24,1,畅通,35.9,100.00%,0.00%,0.00%,珞喻路,畅通,45,从珞狮路到喻家湖路,341
2026/4/27 11:24,1,畅通,35.9,100.00%,0.00%,0.00%,珞喻路,畅通,45,从喻家湖路到珞狮路,161
2026/4/27 11:24,1,畅通,35.9,100.00%,0.00%,0.00%,民族大道,畅通,35,从汤逊湖北路到珞喻路,79
2026/4/27 11:24,1,畅通,35.9,100.00%,0.00%,0.00%,民族大道,畅通,37,从珞喻路到大学园路,258
2026/4/27 11:24,1,畅通,35.9,100.00%,0.00%,0.00%,虎泉街,畅通,30,从卓刀泉南路到民族大道,341
2026/4/27 11:24,1,畅通,35.9,100.00%,0.00%,0.00%,虎泉街,畅通,30,从民族大道到卓刀泉南路,160
2026/4/27 11:24,1,畅通,35.9,100.00%,0.00%,0.00%,鲁磨路,畅通,35,从珞喻路到喻家山北路,67
2026/4/27 11:24,1,畅通,35.9,100.00%,0.00%,0.00%,鲁磨路,畅通,30,从团山路到珞喻路,243
2026/4/27 11:26,1,畅通,35.9,100.00%,0.00%,0.00%,珞喻路,畅通,45,从珞狮路到喻家湖路,341
2026/4/27 11:26,1,畅通,35.9,100.00%,0.00%,0.00%,珞喻路,畅通,45,从喻家湖路到珞狮路,161
2026/4/27 11:26,1,畅通,35.9,100.00%,0.00%,0.00%,民族大道,畅通,35,从汤逊湖北路到珞喻路,79
2026/4/27 11:26,1,畅通,35.9,100.00%,0.00%,0.00%,民族大道,畅通,37,从珞喻路到大学园路,258
2026/4/27 11:26,1,畅通,35.9,100.00%,0.00%,0.00%,虎泉街,畅通,30,从卓刀泉南路到民族大道,341
2026/4/27 11:26,1,畅通,35.9,100.00%,0.00%,0.00%,虎泉街,畅通,30,从民族大道到卓刀泉南路,160
2026/4/27 11:26,1,畅通,35.9,100.00%,0.00%,0.00%,鲁磨路,畅通,35,从珞喻路到喻家山北路,67
2026/4/27 11:26,1,畅通,35.9,100.00%,0.00%,0.00%,鲁磨路,畅通,30,从团山路到珞喻路,243
2026/4/27 11:28,1,畅通,34.6,100.00%,0.00%,0.00%,珞喻路,畅通,40,从珞狮路到喻家湖路,341
2026/4/27 11:28,1,畅通,34.6,100.00%,0.00%,0.00%,珞喻路,畅通,40,从喻家湖路到珞狮路,161
2026/4/27 11:28,1,畅通,34.6,100.00%,0.00%,0.00%,民族大道,畅通,35,从汤逊湖北路到珞喻路,79
2026/4/27 11:28,1,畅通,34.6,100.00%,0.00%,0.00%,民族大道,畅通,37,从珞喻路到大学园路,258
2026/4/27 11:28,1,畅通,34.6,100.00%,0.00%,0.00%,虎泉街,畅通,30,从卓刀泉南路到民族大道,341
2026/4/27 11:28,1,畅通,34.6,100.00%,0.00%,0.00%,虎泉街,畅通,30,从民族大道到卓刀泉南路,160
2026/4/27 11:28,1,畅通,34.6,100.00%,0.00%,0.00%,鲁磨路,畅通,35,从珞喻路到喻家山北路,67
2026/4/27 11:28,1,畅通,34.6,100.00%,0.00%,0.00%,鲁磨路,畅通,30,从团山路到珞喻路,243
2026/4/27 11:30,1,畅通,35.2,100.00%,0.00%,0.00%,珞喻路,畅通,45,从珞狮路到喻家湖路,341
2026/4/27 11:30,1,畅通,35.2,100.00%,0.00%,0.00%,珞喻路,畅通,40,从喻家湖路到珞狮路,161
2026/4/27 11:30,1,畅通,35.2,100.00%,0.00%,0.00%,民族大道,畅通,35,从汤逊湖北路到珞喻路,79
2026/4/27 11:30,1,畅通,35.2,100.00%,0.00%,0.00%,民族大道,畅通,37,从珞喻路到大学园路,258
2026/4/27 11:30,1,畅通,35.2,100.00%,0.00%,0.00%,虎泉街,畅通,30,从卓刀泉南路到民族大道,341
2026/4/27 11:30,1,畅通,35.2,100.00%,0.00%,0.00%,虎泉街,畅通,30,从民族大道到卓刀泉南路,160
2026/4/27 11:30,1,畅通,35.2,100.00%,0.00%,0.00%,鲁磨路,畅通,35,从珞喻路到喻家山北路,67
2026/4/27 11:30,1,畅通,35.2,100.00%,0.00%,0.00%,鲁磨路,畅通,30,从团山路到珞喻路,243
2026/4/27 11:32,1,畅通,34,100.00%,0.00%,0.00%,珞喻路,畅通,40,从珞狮路到喻家湖路,341
2026/4/27 11:32,1,畅通,34,100.00%,0.00%,0.00%,珞喻路,畅通,40,从喻家湖路到珞狮路,161
2026/4/27 11:32,1,畅通,34,100.00%,0.00%,0.00%,民族大道,畅通,35,从汤逊湖北路到珞喻路,79
2026/4/27 11:32,1,畅通,34,100.00%,0.00%,0.00%,民族大道,畅通,37,从珞喻路到大学园路,258
2026/4/27 11:32,1,畅通,34,100.00%,0.00%,0.00%,虎泉街,畅通,30,从卓刀泉南路到民族大道,341
2026/4/27 11:32,1,畅通,34,100.00%,0.00%,0.00%,虎泉街,畅通,30,从民族大道到卓刀泉南路,160
2026/4/27 11:32,1,畅通,34,100.00%,0.00%,0.00%,鲁磨路,畅通,30,从珞喻路到喻家山北路,67
2026/4/27 11:32,1,畅通,34,100.00%,0.00%,0.00%,鲁磨路,畅通,30,从团山路到珞喻路,243
2026/4/27 11:34,1,畅通,34,100.00%,0.00%,0.00%,珞喻路,畅通,40,从珞狮路到喻家湖路,341
2026/4/27 11:34,1,畅通,34,100.00%,0.00%,0.00%,珞喻路,畅通,40,从喻家湖路到珞狮路,161
2026/4/27 11:34,1,畅通,34,100.00%,0.00%,0.00%,民族大道,畅通,35,从汤逊湖北路到珞喻路,79
2026/4/27 11:34,1,畅通,34,100.00%,0.00%,0.00%,民族大道,畅通,37,从珞喻路到大学园路,258
2026/4/27 11:34,1,畅通,34,100.00%,0.00%,0.00%,虎泉街,畅通,30,从卓刀泉南路到民族大道,341
2026/4/27 11:34,1,畅通,34,100.00%,0.00%,0.00%,虎泉街,畅通,30,从民族大道到卓刀泉南路,160
2026/4/27 11:34,1,畅通,34,100.00%,0.00%,0.00%,鲁磨路,畅通,30,从珞喻路到喻家山北路,67
2026/4/27 11:34,1,畅通,34,100.00%,0.00%,0.00%,鲁磨路,畅通,30,从团山路到珞喻路,243
2026/4/27 11:36,1,畅通,35.9,100.00%,0.00%,0.00%,珞喻路,畅通,45,从珞狮路到喻家湖路,341
2026/4/27 11:36,1,畅通,35.9,100.00%,0.00%,0.00%,珞喻路,畅通,45,从喻家湖路到珞狮路,161
2026/4/27 11:36,1,畅通,35.9,100.00%,0.00%,0.00%,民族大道,畅通,35,从汤逊湖北路到珞喻路,79
2026/4/27 11:36,1,畅通,35.9,100.00%,0.00%,0.00%,民族大道,畅通,37,从珞喻路到大学园路,258
2026/4/27 11:36,1,畅通,35.9,100.00%,0.00%,0.00%,虎泉街,畅通,30,从卓刀泉南路到民族大道,341
2026/4/27 11:36,1,畅通,35.9,100.00%,0.00%,0.00%,虎泉街,畅通,30,从民族大道到卓刀泉南路,160
2026/4/27 11:36,1,畅通,35.9,100.00%,0.00%,0.00%,鲁磨路,畅通,35,从珞喻路到喻家山北路,67
2026/4/27 11:36,1,畅通,35.9,100.00%,0.00%,0.00%,鲁磨路,畅通,30,从团山路到珞喻路,243
2026/4/27 11:38,1,畅通,34.6,100.00%,0.00%,0.00%,珞喻路,畅通,45,从珞狮路到喻家湖路,341
2026/4/27 11:38,1,畅通,34.6,100.00%,0.00%,0.00%,珞喻路,畅通,40,从喻家湖路到珞狮路,161
2026/4/27 11:38,1,畅通,34.6,100.00%,0.00%,0.00%,民族大道,畅通,30,从汤逊湖北路到珞喻路,79
2026/4/27 11:38,1,畅通,34.6,100.00%,0.00%,0.00%,民族大道,畅通,37,从珞喻路到大学园路,258
2026/4/27 11:38,1,畅通,34.6,100.00%,0.00%,0.00%,虎泉街,畅通,30,从卓刀泉南路到民族大道,341
2026/4/27 11:38,1,畅通,34.6,100.00%,0.00%,0.00%,虎泉街,畅通,30,从民族大道到卓刀泉南路,160
2026/4/27 11:38,1,畅通,34.6,100.00%,0.00%,0.00%,鲁磨路,畅通,35,从珞喻路到喻家山北路,67
2026/4/27 11:38,1,畅通,34.6,100.00%,0.00%,0.00%,鲁磨路,畅通,30,从团山路到珞喻路,243
2026/4/27 11:40,1,畅通,34.6,100.00%,0.00%,0.00%,珞喻路,畅通,45,从珞狮路到喻家湖路,341
2026/4/27 11:40,1,畅通,34.6,100.00%,0.00%,0.00%,珞喻路,畅通,40,从喻家湖路到珞狮路,161
2026/4/27 11:40,1,畅通,34.6,100.00%,0.00%,0.00%,民族大道,畅通,30,从汤逊湖北路到珞喻路,79
2026/4/27 11:40,1,畅通,34.6,100.00%,0.00%,0.00%,民族大道,畅通,37,从珞喻路到大学园路,258
2026/4/27 11:40,1,畅通,34.6,100.00%,0.00%,0.00%,虎泉街,畅通,30,从卓刀泉南路到民族大道,341
2026/4/27 11:40,1,畅通,34.6,100.00%,0.00%,0.00%,虎泉街,畅通,30,从民族大道到卓刀泉南路,160
2026/4/27 11:40,1,畅通,34.6,100.00%,0.00%,0.00%,鲁磨路,畅通,35,从珞喻路到喻家山北路,67
2026/4/27 11:40,1,畅通,34.6,100.00%,0.00%,0.00%,鲁磨路,畅通,30,从团山路到珞喻路,243
2026/4/27 11:42,1,畅通,34.8,100.00%,0.00%,0.00%,珞喻路,畅通,40,从珞狮路到喻家湖路,341
2026/4/27 11:42,1,畅通,34.8,100.00%,0.00%,0.00%,珞喻路,畅通,45,从喻家湖路到珞狮路,161
2026/4/27 11:42,1,畅通,34.8,100.00%,0.00%,0.00%,民族大道,畅通,30,从汤逊湖北路到珞喻路,79
2026/4/27 11:42,1,畅通,34.8,100.00%,0.00%,0.00%,民族大道,畅通,38,从珞喻路到大学园路,258
2026/4/27 11:42,1,畅通,34.8,100.00%,0.00%,0.00%,虎泉街,畅通,30,从卓刀泉南路到民族大道,341
2026/4/27 11:42,1,畅通,34.8,100.00%,0.00%,0.00%,虎泉街,畅通,30,从民族大道到卓刀泉南路,160
2026/4/27 11:42,1,畅通,34.8,100.00%,0.00%,0.00%,鲁磨路,畅通,30,从珞喻路到喻家山北路,67
2026/4/27 11:42,1,畅通,34.8,100.00%,0.00%,0.00%,鲁磨路,畅通,35,从团山路到珞喻路,243
2026/4/27 11:44,1,畅通,34.8,100.00%,0.00%,0.00%,珞喻路,畅通,40,从珞狮路到喻家湖路,341
2026/4/27 11:44,1,畅通,34.8,100.00%,0.00%,0.00%,珞喻路,畅通,45,从喻家湖路到珞狮路,161
2026/4/27 11:44,1,畅通,34.8,100.00%,0.00%,0.00%,民族大道,畅通,30,从汤逊湖北路到珞喻路,79
2026/4/27 11:44,1,畅通,34.8,100.00%,0.00%,0.00%,民族大道,畅通,38,从珞喻路到大学园路,258
2026/4/27 11:44,1,畅通,34.8,100.00%,0.00%,0.00%,虎泉街,畅通,30,从卓刀泉南路到民族大道,341
2026/4/27 11:44,1,畅通,34.8,100.00%,0.00%,0.00%,虎泉街,畅通,30,从民族大道到卓刀泉南路,160
2026/4/27 11:44,1,畅通,34.8,100.00%,0.00%,0.00%,鲁磨路,畅通,30,从珞喻路到喻家山北路,67
2026/4/27 11:44,1,畅通,34.8,100.00%,0.00%,0.00%,鲁磨路,畅通,35,从团山路到珞喻路,243
2026/4/27 11:46,1,畅通,34.6,100.00%,0.00%,0.00%,珞喻路,畅通,45,从珞狮路到喻家湖路,341
2026/4/27 11:46,1,畅通,34.6,100.00%,0.00%,0.00%,珞喻路,畅通,40,从喻家湖路到珞狮路,161
2026/4/27 11:46,1,畅通,34.6,100.00%,0.00%,0.00%,民族大道,畅通,35,从汤逊湖北路到珞喻路,79
2026/4/27 11:46,1,畅通,34.6,100.00%,0.00%,0.00%,民族大道,畅通,37,从珞喻路到大学园路,258
2026/4/27 11:46,1,畅通,34.6,100.00%,0.00%,0.00%,虎泉街,畅通,30,从卓刀泉南路到民族大道,341
2026/4/27 11:46,1,畅通,34.6,100.00%,0.00%,0.00%,虎泉街,畅通,30,从民族大道到卓刀泉南路,160
2026/4/27 11:46,1,畅通,34.6,100.00%,0.00%,0.00%,鲁磨路,畅通,30,从珞喻路到喻家山北路,67
2026/4/27 11:46,1,畅通,34.6,100.00%,0.00%,0.00%,鲁磨路,畅通,30,从团山路到珞喻路,243
2026/4/27 11:48,1,畅通,34.6,100.00%,0.00%,0.00%,珞喻路,畅通,45,从珞狮路到喻家湖路,341
2026/4/27 11:48,1,畅通,34.6,100.00%,0.00%,0.00%,珞喻路,畅通,40,从喻家湖路到珞狮路,161
2026/4/27 11:48,1,畅通,34.6,100.00%,0.00%,0.00%,民族大道,畅通,35,从汤逊湖北路到珞喻路,79
2026/4/27 11:48,1,畅通,34.6,100.00%,0.00%,0.00%,民族大道,畅通,37,从珞喻路到大学园路,258
2026/4/27 11:48,1,畅通,34.6,100.00%,0.00%,0.00%,虎泉街,畅通,30,从卓刀泉南路到民族大道,341
2026/4/27 11:48,1,畅通,34.6,100.00%,0.00%,0.00%,虎泉街,畅通,30,从民族大道到卓刀泉南路,160
2026/4/27 11:48,1,畅通,34.6,100.00%,0.00%,0.00%,鲁磨路,畅通,30,从珞喻路到喻家山北路,67
2026/4/27 11:48,1,畅通,34.6,100.00%,0.00%,0.00%,鲁磨路,畅通,30,从团山路到珞喻路,243
2026/4/27 11:50,1,畅通,35.2,100.00%,0.00%,0.00%,珞喻路,畅通,45,从珞狮路到喻家湖路,341
2026/4/27 11:50,1,畅通,35.2,100.00%,0.00%,0.00%,珞喻路,畅通,45,从喻家湖路到珞狮路,161
2026/4/27 11:50,1,畅通,35.2,100.00%,0.00%,0.00%,民族大道,畅通,35,从汤逊湖北路到珞喻路,79
2026/4/27 11:50,1,畅通,35.2,100.00%,0.00%,0.00%,民族大道,畅通,37,从珞喻路到大学园路,258
2026/4/27 11:50,1,畅通,35.2,100.00%,0.00%,0.00%,虎泉街,畅通,30,从卓刀泉南路到民族大道,341
2026/4/27 11:50,1,畅通,35.2,100.00%,0.00%,0.00%,虎泉街,畅通,30,从民族大道到卓刀泉南路,160
2026/4/27 11:50,1,畅通,35.2,100.00%,0.00%,0.00%,鲁磨路,畅通,30,从珞喻路到喻家山北路,67
2026/4/27 11:50,1,畅通,35.2,100.00%,0.00%,0.00%,鲁磨路,畅通,30,从团山路到珞喻路,243
2026/4/27 11:52,1,畅通,34,100.00%,0.00%,0.00%,珞喻路,畅通,40,从珞狮路到喻家湖路,341
2026/4/27 11:52,1,畅通,34,100.00%,0.00%,0.00%,珞喻路,畅通,45,从喻家湖路到珞狮路,161
2026/4/27 11:52,1,畅通,34,100.00%,0.00%,0.00%,民族大道,畅通,35,从汤逊湖北路到珞喻路,79
2026/4/27 11:52,1,畅通,34,100.00%,0.00%,0.00%,民族大道,畅通,32,从珞喻路到大学园路,258
2026/4/27 11:52,1,畅通,34,100.00%,0.00%,0.00%,虎泉街,畅通,30,从卓刀泉南路到民族大道,341
2026/4/27 11:52,1,畅通,34,100.00%,0.00%,0.00%,虎泉街,畅通,30,从民族大道到卓刀泉南路,160
2026/4/27 11:52,1,畅通,34,100.00%,0.00%,0.00%,鲁磨路,畅通,30,从珞喻路到喻家山北路,67
2026/4/27 11:52,1,畅通,34,100.00%,0.00%,0.00%,鲁磨路,畅通,30,从团山路到珞喻路,243
2026/4/27 11:54,1,畅通,34,100.00%,0.00%,0.00%,珞喻路,畅通,40,从珞狮路到喻家湖路,341
2026/4/27 11:54,1,畅通,34,100.00%,0.00%,0.00%,珞喻路,畅通,45,从喻家湖路到珞狮路,161
2026/4/27 11:54,1,畅通,34,100.00%,0.00%,0.00%,民族大道,畅通,35,从汤逊湖北路到珞喻路,79
2026/4/27 11:54,1,畅通,34,100.00%,0.00%,0.00%,民族大道,畅通,32,从珞喻路到大学园路,258
2026/4/27 11:54,1,畅通,34,100.00%,0.00%,0.00%,虎泉街,畅通,30,从卓刀泉南路到民族大道,341
2026/4/27 11:54,1,畅通,34,100.00%,0.00%,0.00%,虎泉街,畅通,30,从民族大道到卓刀泉南路,160
2026/4/27 11:54,1,畅通,34,100.00%,0.00%,0.00%,鲁磨路,畅通,30,从珞喻路到喻家山北路,67
2026/4/27 11:54,1,畅通,34,100.00%,0.00%,0.00%,鲁磨路,畅通,30,从团山路到珞喻路,243
2026/4/27 11:56,1,畅通,34.6,100.00%,0.00%,0.00%,珞喻路,畅通,40,从珞狮路到喻家湖路,341
2026/4/27 11:56,1,畅通,34.6,100.00%,0.00%,0.00%,珞喻路,畅通,45,从喻家湖路到珞狮路,161
2026/4/27 11:56,1,畅通,34.6,100.00%,0.00%,0.00%,民族大道,畅通,35,从汤逊湖北路到珞喻路,79
2026/4/27 11:56,1,畅通,34.6,100.00%,0.00%,0.00%,民族大道,畅通,37,从珞喻路到大学园路,258
2026/4/27 11:56,1,畅通,34.6,100.00%,0.00%,0.00%,虎泉街,畅通,30,从卓刀泉南路到民族大道,341
2026/4/27 11:56,1,畅通,34.6,100.00%,0.00%,0.00%,虎泉街,畅通,30,从民族大道到卓刀泉南路,160
2026/4/27 11:56,1,畅通,34.6,100.00%,0.00%,0.00%,鲁磨路,畅通,30,从珞喻路到喻家山北路,67
2026/4/27 11:56,1,畅通,34.6,100.00%,0.00%,0.00%,鲁磨路,畅通,30,从团山路到珞喻路,243
2026/4/27 11:58,1,畅通,34.6,100.00%,0.00%,0.00%,珞喻路,畅通,40,从珞狮路到喻家湖路,341
2026/4/27 11:58,1,畅通,34.6,100.00%,0.00%,0.00%,珞喻路,畅通,45,从喻家湖路到珞狮路,161
2026/4/27 11:58,1,畅通,34.6,100.00%,0.00%,0.00%,民族大道,畅通,35,从汤逊湖北路到珞喻路,79
2026/4/27 11:58,1,畅通,34.6,100.00%,0.00%,0.00%,民族大道,畅通,37,从珞喻路到大学园路,258
2026/4/27 11:58,1,畅通,34.6,100.00%,0.00%,0.00%,虎泉街,畅通,30,从卓刀泉南路到民族大道,341
2026/4/27 11:58,1,畅通,34.6,100.00%,0.00%,0.00%,虎泉街,畅通,30,从民族大道到卓刀泉南路,160
2026/4/27 11:58,1,畅通,34.6,100.00%,0.00%,0.00%,鲁磨路,畅通,30,从珞喻路到喻家山北路,67
2026/4/27 11:58,1,畅通,34.6,100.00%,0.00%,0.00%,鲁磨路,畅通,30,从团山路到珞喻路,243
2026/4/27 12:00,1,畅通,34,100.00%,0.00%,0.00%,珞喻路,畅通,40,从珞狮路到喻家湖路,341
2026/4/27 12:00,1,畅通,34,100.00%,0.00%,0.00%,珞喻路,畅通,40,从喻家湖路到珞狮路,161
2026/4/27 12:00,1,畅通,34,100.00%,0.00%,0.00%,民族大道,畅通,35,从汤逊湖北路到珞喻路,79
2026/4/27 12:00,1,畅通,34,100.00%,0.00%,0.00%,民族大道,畅通,37,从珞喻路到大学园路,258
2026/4/27 12:00,1,畅通,34,100.00%,0.00%,0.00%,虎泉街,畅通,30,从卓刀泉南路到民族大道,341
2026/4/27 12:00,1,畅通,34,100.00%,0.00%,0.00%,虎泉街,畅通,30,从民族大道到卓刀泉南路,160
2026/4/27 12:00,1,畅通,34,100.00%,0.00%,0.00%,鲁磨路,畅通,30,从珞喻路到喻家山北路,67
2026/4/27 12:00,1,畅通,34,100.00%,0.00%,0.00%,鲁磨路,畅通,30,从团山路到珞喻路,243
2026/4/27 12:02,1,畅通,34,100.00%,0.00%,0.00%,珞喻路,畅通,40,从珞狮路到喻家湖路,341
2026/4/27 12:02,1,畅通,34,100.00%,0.00%,0.00%,珞喻路,畅通,40,从喻家湖路到珞狮路,161
2026/4/27 12:02,1,畅通,34,100.00%,0.00%,0.00%,民族大道,畅通,35,从汤逊湖北路到珞喻路,79
2026/4/27 12:02,1,畅通,34,100.00%,0.00%,0.00%,民族大道,畅通,37,从珞喻路到大学园路,258
2026/4/27 12:02,1,畅通,34,100.00%,0.00%,0.00%,虎泉街,畅通,30,从卓刀泉南路到民族大道,341
2026/4/27 12:02,1,畅通,34,100.00%,0.00%,0.00%,虎泉街,畅通,30,从民族大道到卓刀泉南路,160
2026/4/27 12:02,1,畅通,34,100.00%,0.00%,0.00%,鲁磨路,畅通,30,从珞喻路到喻家山北路,67
2026/4/27 12:02,1,畅通,34,100.00%,0.00%,0.00%,鲁磨路,畅通,30,从团山路到珞喻路,243
2026/4/27 12:04,1,畅通,34,100.00%,0.00%,0.00%,珞喻路,畅通,40,从珞狮路到喻家湖路,341
2026/4/27 12:04,1,畅通,34,100.00%,0.00%,0.00%,珞喻路,畅通,40,从喻家湖路到珞狮路,161
2026/4/27 12:04,1,畅通,34,100.00%,0.00%,0.00%,民族大道,畅通,35,从汤逊湖北路到珞喻路,79
2026/4/27 12:04,1,畅通,34,100.00%,0.00%,0.00%,民族大道,畅通,37,从珞喻路到大学园路,258
2026/4/27 12:04,1,畅通,34,100.00%,0.00%,0.00%,虎泉街,畅通,30,从卓刀泉南路到民族大道,341
2026/4/27 12:04,1,畅通,34,100.00%,0.00%,0.00%,虎泉街,畅通,30,从民族大道到卓刀泉南路,160
2026/4/27 12:04,1,畅通,34,100.00%,0.00%,0.00%,鲁磨路,畅通,30,从珞喻路到喻家山北路,67
2026/4/27 12:04,1,畅通,34,100.00%,0.00%,0.00%,鲁磨路,畅通,30,从团山路到珞喻路,243
2026/4/27 12:06,1,畅通,34,100.00%,0.00%,0.00%,珞喻路,畅通,40,从珞狮路到喻家湖路,341
2026/4/27 12:06,1,畅通,34,100.00%,0.00%,0.00%,珞喻路,畅通,40,从喻家湖路到珞狮路,161
2026/4/27 12:06,1,畅通,34,100.00%,0.00%,0.00%,民族大道,畅通,35,从汤逊湖北路到珞喻路,79
2026/4/27 12:06,1,畅通,34,100.00%,0.00%,0.00%,民族大道,畅通,37,从珞喻路到大学园路,258
2026/4/27 12:06,1,畅通,34,100.00%,0.00%,0.00%,虎泉街,畅通,30,从卓刀泉南路到民族大道,341
2026/4/27 12:06,1,畅通,34,100.00%,0.00%,0.00%,虎泉街,畅通,30,从民族大道到卓刀泉南路,160
2026/4/27 12:06,1,畅通,34,100.00%,0.00%,0.00%,鲁磨路,畅通,30,从珞喻路到喻家山北路,67
2026/4/27 12:06,1,畅通,34,100.00%,0.00%,0.00%,鲁磨路,畅通,30,从团山路到珞喻路,243
2026/4/27 12:08,1,畅通,34.6,100.00%,0.00%,0.00%,珞喻路,畅通,40,从珞狮路到喻家湖路,341
2026/4/27 12:08,1,畅通,34.6,100.00%,0.00%,0.00%,珞喻路,畅通,40,从喻家湖路到珞狮路,161
2026/4/27 12:08,1,畅通,34.6,100.00%,0.00%,0.00%,民族大道,畅通,35,从汤逊湖北路到珞喻路,79
2026/4/27 12:08,1,畅通,34.6,100.00%,0.00%,0.00%,民族大道,畅通,37,从珞喻路到大学园路,258
2026/4/27 12:08,1,畅通,34.6,100.00%,0.00%,0.00%,虎泉街,畅通,30,从卓刀泉南路到民族大道,341
2026/4/27 12:08,1,畅通,34.6,100.00%,0.00%,0.00%,虎泉街,畅通,30,从民族大道到卓刀泉南路,160
2026/4/27 12:08,1,畅通,34.6,100.00%,0.00%,0.00%,鲁磨路,畅通,35,从珞喻路到喻家山北路,67
2026/4/27 12:08,1,畅通,34.6,100.00%,0.00%,0.00%,鲁磨路,畅通,30,从团山路到珞喻路,243
2026/4/27 12:10,1,畅通,34.6,100.00%,0.00%,0.00%,珞喻路,畅通,40,从珞狮路到喻家湖路,341
2026/4/27 12:10,1,畅通,34.6,100.00%,0.00%,0.00%,珞喻路,畅通,40,从喻家湖路到珞狮路,161
2026/4/27 12:10,1,畅通,34.6,100.00%,0.00%,0.00%,民族大道,畅通,35,从汤逊湖北路到珞喻路,79
2026/4/27 12:10,1,畅通,34.6,100.00%,0.00%,0.00%,民族大道,畅通,37,从珞喻路到大学园路,258
2026/4/27 12:10,1,畅通,34.6,100.00%,0.00%,0.00%,虎泉街,畅通,30,从卓刀泉南路到民族大道,341
2026/4/27 12:10,1,畅通,34.6,100.00%,0.00%,0.00%,虎泉街,畅通,30,从民族大道到卓刀泉南路,160
2026/4/27 12:10,1,畅通,34.6,100.00%,0.00%,0.00%,鲁磨路,畅通,30,从珞喻路到喻家山北路,67
2026/4/27 12:10,1,畅通,34.6,100.00%,0.00%,0.00%,鲁磨路,畅通,35,从团山路到珞喻路,243
2026/4/27 12:12,1,畅通,34.6,100.00%,0.00%,0.00%,珞喻路,畅通,40,从珞狮路到喻家湖路,341
2026/4/27 12:12,1,畅通,34.6,100.00%,0.00%,0.00%,珞喻路,畅通,40,从喻家湖路到珞狮路,161
2026/4/27 12:12,1,畅通,34.6,100.00%,0.00%,0.00%,民族大道,畅通,35,从汤逊湖北路到珞喻路,79
2026/4/27 12:12,1,畅通,34.6,100.00%,0.00%,0.00%,民族大道,畅通,37,从珞喻路到大学园路,258
2026/4/27 12:12,1,畅通,34.6,100.00%,0.00%,0.00%,虎泉街,畅通,30,从卓刀泉南路到民族大道,341
2026/4/27 12:12,1,畅通,34.6,100.00%,0.00%,0.00%,虎泉街,畅通,30,从民族大道到卓刀泉南路,160
2026/4/27 12:12,1,畅通,34.6,100.00%,0.00%,0.00%,鲁磨路,畅通,35,从珞喻路到喻家山北路,67
2026/4/27 12:12,1,畅通,34.6,100.00%,0.00%,0.00%,鲁磨路,畅通,30,从团山路到珞喻路,243
2026/4/27 12:14,1,畅通,34.6,100.00%,0.00%,0.00%,珞喻路,畅通,40,从珞狮路到喻家湖路,341
2026/4/27 12:14,1,畅通,34.6,100.00%,0.00%,0.00%,珞喻路,畅通,40,从喻家湖路到珞狮路,161
2026/4/27 12:14,1,畅通,34.6,100.00%,0.00%,0.00%,民族大道,畅通,35,从汤逊湖北路到珞喻路,79
2026/4/27 12:14,1,畅通,34.6,100.00%,0.00%,0.00%,民族大道,畅通,37,从珞喻路到大学园路,258
2026/4/27 12:14,1,畅通,34.6,100.00%,0.00%,0.00%,虎泉街,畅通,30,从卓刀泉南路到民族大道,341
2026/4/27 12:14,1,畅通,34.6,100.00%,0.00%,0.00%,虎泉街,畅通,30,从民族大道到卓刀泉南路,160
2026/4/27 12:14,1,畅通,34.6,100.00%,0.00%,0.00%,鲁磨路,畅通,35,从珞喻路到喻家山北路,67
2026/4/27 12:14,1,畅通,34.6,100.00%,0.00%,0.00%,鲁磨路,畅通,30,从团山路到珞喻路,243
2026/4/27 12:16,1,畅通,35.2,100.00%,0.00%,0.00%,珞喻路,畅通,40,从珞狮路到喻家湖路,341
2026/4/27 12:16,1,畅通,35.2,100.00%,0.00%,0.00%,珞喻路,畅通,40,从喻家湖路到珞狮路,161
2026/4/27 12:16,1,畅通,35.2,100.00%,0.00%,0.00%,民族大道,畅通,35,从汤逊湖北路到珞喻路,79
2026/4/27 12:16,1,畅通,35.2,100.00%,0.00%,0.00%,民族大道,畅通,37,从珞喻路到大学园路,258
2026/4/27 12:16,1,畅通,35.2,100.00%,0.00%,0.00%,虎泉街,畅通,30,从卓刀泉南路到民族大道,341
2026/4/27 12:16,1,畅通,35.2,100.00%,0.00%,0.00%,虎泉街,畅通,30,从民族大道到卓刀泉南路,160
2026/4/27 12:16,1,畅通,35.2,100.00%,0.00%,0.00%,鲁磨路,畅通,35,从珞喻路到喻家山北路,67
2026/4/27 12:16,1,畅通,35.2,100.00%,0.00%,0.00%,鲁磨路,畅通,35,从团山路到珞喻路,243
2026/4/27 12:18,1,畅通,35.2,100.00%,0.00%,0.00%,珞喻路,畅通,40,从珞狮路到喻家湖路,341
2026/4/27 12:18,1,畅通,35.2,100.00%,0.00%,0.00%,珞喻路,畅通,40,从喻家湖路到珞狮路,161
2026/4/27 12:18,1,畅通,35.2,100.00%,0.00%,0.00%,民族大道,畅通,35,从汤逊湖北路到珞喻路,79
2026/4/27 12:18,1,畅通,35.2,100.00%,0.00%,0.00%,民族大道,畅通,37,从珞喻路到大学园路,258
2026/4/27 12:18,1,畅通,35.2,100.00%,0.00%,0.00%,虎泉街,畅通,30,从卓刀泉南路到民族大道,341
2026/4/27 12:18,1,畅通,35.2,100.00%,0.00%,0.00%,虎泉街,畅通,30,从民族大道到卓刀泉南路,160
2026/4/27 12:18,1,畅通,35.2,100.00%,0.00%,0.00%,鲁磨路,畅通,35,从珞喻路到喻家山北路,67
2026/4/27 12:18,1,畅通,35.2,100.00%,0.00%,0.00%,鲁磨路,畅通,35,从团山路到珞喻路,243
2026/4/27 12:20,1,畅通,36.5,100.00%,0.00%,0.00%,珞喻路,畅通,45,从珞狮路到喻家湖路,341
2026/4/27 12:20,1,畅通,36.5,100.00%,0.00%,0.00%,珞喻路,畅通,45,从喻家湖路到珞狮路,161
2026/4/27 12:20,1,畅通,36.5,100.00%,0.00%,0.00%,民族大道,畅通,35,从汤逊湖北路到珞喻路,79
2026/4/27 12:20,1,畅通,36.5,100.00%,0.00%,0.00%,民族大道,畅通,37,从珞喻路到大学园路,258
2026/4/27 12:20,1,畅通,36.5,100.00%,0.00%,0.00%,虎泉街,畅通,30,从卓刀泉南路到民族大道,341
2026/4/27 12:20,1,畅通,36.5,100.00%,0.00%,0.00%,虎泉街,畅通,30,从民族大道到卓刀泉南路,160
2026/4/27 12:20,1,畅通,36.5,100.00%,0.00%,0.00%,鲁磨路,畅通,35,从珞喻路到喻家山北路,67
2026/4/27 12:20,1,畅通,36.5,100.00%,0.00%,0.00%,鲁磨路,畅通,35,从团山路到珞喻路,243
2026/4/27 12:22,1,畅通,36.5,100.00%,0.00%,0.00%,珞喻路,畅通,45,从珞狮路到喻家湖路,341
2026/4/27 12:22,1,畅通,36.5,100.00%,0.00%,0.00%,珞喻路,畅通,45,从喻家湖路到珞狮路,161
2026/4/27 12:22,1,畅通,36.5,100.00%,0.00%,0.00%,民族大道,畅通,35,从汤逊湖北路到珞喻路,79
2026/4/27 12:22,1,畅通,36.5,100.00%,0.00%,0.00%,民族大道,畅通,37,从珞喻路到大学园路,258
2026/4/27 12:22,1,畅通,36.5,100.00%,0.00%,0.00%,虎泉街,畅通,30,从卓刀泉南路到民族大道,341
2026/4/27 12:22,1,畅通,36.5,100.00%,0.00%,0.00%,虎泉街,畅通,30,从民族大道到卓刀泉南路,160
2026/4/27 12:22,1,畅通,36.5,100.00%,0.00%,0.00%,鲁磨路,畅通,35,从珞喻路到喻家山北路,67
2026/4/27 12:22,1,畅通,36.5,100.00%,0.00%,0.00%,鲁磨路,畅通,35,从团山路到珞喻路,243
2026/4/27 12:24,1,畅通,35.2,100.00%,0.00%,0.00%,珞喻路,畅通,45,从珞狮路到喻家湖路,341
2026/4/27 12:24,1,畅通,35.2,100.00%,0.00%,0.00%,珞喻路,畅通,45,从喻家湖路到珞狮路,161
2026/4/27 12:24,1,畅通,35.2,100.00%,0.00%,0.00%,民族大道,畅通,35,从汤逊湖北路到珞喻路,79
2026/4/27 12:24,1,畅通,35.2,100.00%,0.00%,0.00%,民族大道,畅通,37,从珞喻路到大学园路,258
2026/4/27 12:24,1,畅通,35.2,100.00%,0.00%,0.00%,虎泉街,畅通,30,从卓刀泉南路到民族大道,341
2026/4/27 12:24,1,畅通,35.2,100.00%,0.00%,0.00%,虎泉街,畅通,30,从民族大道到卓刀泉南路,160
2026/4/27 12:24,1,畅通,35.2,100.00%,0.00%,0.00%,鲁磨路,畅通,30,从珞喻路到喻家山北路,67
2026/4/27 12:24,1,畅通,35.2,100.00%,0.00%,0.00%,鲁磨路,畅通,30,从团山路到珞喻路,243
2026/4/27 12:26,1,畅通,35.2,100.00%,0.00%,0.00%,珞喻路,畅通,45,从珞狮路到喻家湖路,341
2026/4/27 12:26,1,畅通,35.2,100.00%,0.00%,0.00%,珞喻路,畅通,45,从喻家湖路到珞狮路,161
2026/4/27 12:26,1,畅通,35.2,100.00%,0.00%,0.00%,民族大道,畅通,35,从汤逊湖北路到珞喻路,79
2026/4/27 12:26,1,畅通,35.2,100.00%,0.00%,0.00%,民族大道,畅通,37,从珞喻路到大学园路,258
2026/4/27 12:26,1,畅通,35.2,100.00%,0.00%,0.00%,虎泉街,畅通,30,从卓刀泉南路到民族大道,341
2026/4/27 12:26,1,畅通,35.2,100.00%,0.00%,0.00%,虎泉街,畅通,30,从民族大道到卓刀泉南路,160
2026/4/27 12:26,1,畅通,35.2,100.00%,0.00%,0.00%,鲁磨路,畅通,30,从珞喻路到喻家山北路,67
2026/4/27 12:26,1,畅通,35.2,100.00%,0.00%,0.00%,鲁磨路,畅通,30,从团山路到珞喻路,243
2026/4/27 12:28,1,畅通,35.9,100.00%,0.00%,0.00%,珞喻路,畅通,45,从珞狮路到喻家湖路,341
2026/4/27 12:28,1,畅通,35.9,100.00%,0.00%,0.00%,珞喻路,畅通,45,从喻家湖路到珞狮路,161
2026/4/27 12:28,1,畅通,35.9,100.00%,0.00%,0.00%,民族大道,畅通,35,从汤逊湖北路到珞喻路,79
2026/4/27 12:28,1,畅通,35.9,100.00%,0.00%,0.00%,民族大道,畅通,37,从珞喻路到大学园路,258
2026/4/27 12:28,1,畅通,35.9,100.00%,0.00%,0.00%,虎泉街,畅通,30,从卓刀泉南路到民族大道,341
2026/4/27 12:28,1,畅通,35.9,100.00%,0.00%,0.00%,虎泉街,畅通,30,从民族大道到卓刀泉南路,160
2026/4/27 12:28,1,畅通,35.9,100.00%,0.00%,0.00%,鲁磨路,畅通,30,从珞喻路到喻家山北路,67
2026/4/27 12:28,1,畅通,35.9,100.00%,0.00%,0.00%,鲁磨路,畅通,35,从团山路到珞喻路,243
2026/4/27 12:30,1,畅通,35.9,100.00%,0.00%,0.00%,珞喻路,畅通,45,从珞狮路到喻家湖路,341
2026/4/27 12:30,1,畅通,35.9,100.00%,0.00%,0.00%,珞喻路,畅通,45,从喻家湖路到珞狮路,161
2026/4/27 12:30,1,畅通,35.9,100.00%,0.00%,0.00%,民族大道,畅通,35,从汤逊湖北路到珞喻路,79
2026/4/27 12:30,1,畅通,35.9,100.00%,0.00%,0.00%,民族大道,畅通,37,从珞喻路到大学园路,258
2026/4/27 12:30,1,畅通,35.9,100.00%,0.00%,0.00%,虎泉街,畅通,30,从卓刀泉南路到民族大道,341
2026/4/27 12:30,1,畅通,35.9,100.00%,0.00%,0.00%,虎泉街,畅通,30,从民族大道到卓刀泉南路,160
2026/4/27 12:30,1,畅通,35.9,100.00%,0.00%,0.00%,鲁磨路,畅通,30,从珞喻路到喻家山北路,67
2026/4/27 12:30,1,畅通,35.9,100.00%,0.00%,0.00%,鲁磨路,畅通,35,从团山路到珞喻路,243
2026/4/27 12:32,1,畅通,36.5,100.00%,0.00%,0.00%,珞喻路,畅通,45,从珞狮路到喻家湖路,341
2026/4/27 12:32,1,畅通,36.5,100.00%,0.00%,0.00%,珞喻路,畅通,45,从喻家湖路到珞狮路,161
2026/4/27 12:32,1,畅通,36.5,100.00%,0.00%,0.00%,民族大道,畅通,35,从汤逊湖北路到珞喻路,79
2026/4/27 12:32,1,畅通,36.5,100.00%,0.00%,0.00%,民族大道,畅通,37,从珞喻路到大学园路,258
2026/4/27 12:32,1,畅通,36.5,100.00%,0.00%,0.00%,虎泉街,畅通,30,从卓刀泉南路到民族大道,341
2026/4/27 12:32,1,畅通,36.5,100.00%,0.00%,0.00%,虎泉街,畅通,30,从民族大道到卓刀泉南路,160
2026/4/27 12:32,1,畅通,36.5,100.00%,0.00%,0.00%,鲁磨路,畅通,35,从珞喻路到喻家山北路,67
2026/4/27 12:32,1,畅通,36.5,100.00%,0.00%,0.00%,鲁磨路,畅通,35,从团山路到珞喻路,243
2026/4/27 12:34,1,畅通,35.9,100.00%,0.00%,0.00%,珞喻路,畅通,45,从珞狮路到喻家湖路,341
2026/4/27 12:34,1,畅通,35.9,100.00%,0.00%,0.00%,珞喻路,畅通,45,从喻家湖路到珞狮路,161
2026/4/27 12:34,1,畅通,35.9,100.00%,0.00%,0.00%,民族大道,畅通,35,从汤逊湖北路到珞喻路,79
2026/4/27 12:34,1,畅通,35.9,100.00%,0.00%,0.00%,民族大道,畅通,37,从珞喻路到大学园路,258
2026/4/27 12:34,1,畅通,35.9,100.00%,0.00%,0.00%,虎泉街,畅通,30,从卓刀泉南路到民族大道,341
2026/4/27 12:34,1,畅通,35.9,100.00%,0.00%,0.00%,虎泉街,畅通,30,从民族大道到卓刀泉南路,160
2026/4/27 12:34,1,畅通,35.9,100.00%,0.00%,0.00%,鲁磨路,畅通,35,从珞喻路到喻家山北路,67
2026/4/27 12:34,1,畅通,35.9,100.00%,0.00%,0.00%,鲁磨路,畅通,30,从团山路到珞喻路,243
2026/4/27 12:36,1,畅通,35.9,100.00%,0.00%,0.00%,珞喻路,畅通,45,从珞狮路到喻家湖路,341
2026/4/27 12:36,1,畅通,35.9,100.00%,0.00%,0.00%,珞喻路,畅通,45,从喻家湖路到珞狮路,161
2026/4/27 12:36,1,畅通,35.9,100.00%,0.00%,0.00%,民族大道,畅通,35,从汤逊湖北路到珞喻路,79
2026/4/27 12:36,1,畅通,35.9,100.00%,0.00%,0.00%,民族大道,畅通,37,从珞喻路到大学园路,258
2026/4/27 12:36,1,畅通,35.9,100.00%,0.00%,0.00%,虎泉街,畅通,30,从卓刀泉南路到民族大道,341
2026/4/27 12:36,1,畅通,35.9,100.00%,0.00%,0.00%,虎泉街,畅通,30,从民族大道到卓刀泉南路,160
2026/4/27 12:36,1,畅通,35.9,100.00%,0.00%,0.00%,鲁磨路,畅通,35,从珞喻路到喻家山北路,67
2026/4/27 12:36,1,畅通,35.9,100.00%,0.00%,0.00%,鲁磨路,畅通,30,从团山路到珞喻路,243
2026/4/27 12:38,1,畅通,36.5,100.00%,0.00%,0.00%,珞喻路,畅通,45,从珞狮路到喻家湖路,341
2026/4/27 12:38,1,畅通,36.5,100.00%,0.00%,0.00%,珞喻路,畅通,45,从喻家湖路到珞狮路,161
2026/4/27 12:38,1,畅通,36.5,100.00%,0.00%,0.00%,民族大道,畅通,35,从汤逊湖北路到珞喻路,79
2026/4/27 12:38,1,畅通,36.5,100.00%,0.00%,0.00%,民族大道,畅通,37,从珞喻路到大学园路,258
2026/4/27 12:38,1,畅通,36.5,100.00%,0.00%,0.00%,虎泉街,畅通,30,从卓刀泉南路到民族大道,341
2026/4/27 12:38,1,畅通,36.5,100.00%,0.00%,0.00%,虎泉街,畅通,30,从民族大道到卓刀泉南路,160
2026/4/27 12:38,1,畅通,36.5,100.00%,0.00%,0.00%,鲁磨路,畅通,35,从珞喻路到喻家山北路,67
2026/4/27 12:38,1,畅通,36.5,100.00%,0.00%,0.00%,鲁磨路,畅通,35,从团山路到珞喻路,243
2026/4/27 12:40,1,畅通,35.9,100.00%,0.00%,0.00%,珞喻路,畅通,45,从珞狮路到喻家湖路,341
2026/4/27 12:40,1,畅通,35.9,100.00%,0.00%,0.00%,珞喻路,畅通,45,从喻家湖路到珞狮路,161
2026/4/27 12:40,1,畅通,35.9,100.00%,0.00%,0.00%,民族大道,畅通,35,从汤逊湖北路到珞喻路,79
2026/4/27 12:40,1,畅通,35.9,100.00%,0.00%,0.00%,民族大道,畅通,37,从珞喻路到大学园路,258
2026/4/27 12:40,1,畅通,35.9,100.00%,0.00%,0.00%,虎泉街,畅通,30,从卓刀泉南路到民族大道,341
2026/4/27 12:40,1,畅通,35.9,100.00%,0.00%,0.00%,虎泉街,畅通,30,从民族大道到卓刀泉南路,160
2026/4/27 12:40,1,畅通,35.9,100.00%,0.00%,0.00%,鲁磨路,畅通,35,从珞喻路到喻家山北路,67
2026/4/27 12:40,1,畅通,35.9,100.00%,0.00%,0.00%,鲁磨路,畅通,30,从团山路到珞喻路,243
2026/4/27 12:42,1,畅通,36.5,100.00%,0.00%,0.00%,珞喻路,畅通,45,从珞狮路到喻家湖路,341
2026/4/27 12:42,1,畅通,36.5,100.00%,0.00%,0.00%,珞喻路,畅通,50,从喻家湖路到珞狮路,161
2026/4/27 12:42,1,畅通,36.5,100.00%,0.00%,0.00%,民族大道,畅通,35,从汤逊湖北路到珞喻路,79
2026/4/27 12:42,1,畅通,36.5,100.00%,0.00%,0.00%,民族大道,畅通,37,从珞喻路到大学园路,258
2026/4/27 12:42,1,畅通,36.5,100.00%,0.00%,0.00%,虎泉街,畅通,30,从卓刀泉南路到民族大道,341
2026/4/27 12:42,1,畅通,36.5,100.00%,0.00%,0.00%,虎泉街,畅通,30,从民族大道到卓刀泉南路,160
2026/4/27 12:42,1,畅通,36.5,100.00%,0.00%,0.00%,鲁磨路,畅通,35,从珞喻路到喻家山北路,67
2026/4/27 12:42,1,畅通,36.5,100.00%,0.00%,0.00%,鲁磨路,畅通,30,从团山路到珞喻路,243
2026/4/27 12:44,1,畅通,36.5,100.00%,0.00%,0.00%,珞喻路,畅通,45,从珞狮路到喻家湖路,341
2026/4/27 12:44,1,畅通,36.5,100.00%,0.00%,0.00%,珞喻路,畅通,45,从喻家湖路到珞狮路,161
2026/4/27 12:44,1,畅通,36.5,100.00%,0.00%,0.00%,民族大道,畅通,35,从汤逊湖北路到珞喻路,79
2026/4/27 12:44,1,畅通,36.5,100.00%,0.00%,0.00%,民族大道,畅通,37,从珞喻路到大学园路,258
2026/4/27 12:44,1,畅通,36.5,100.00%,0.00%,0.00%,虎泉街,畅通,30,从卓刀泉南路到民族大道,341
2026/4/27 12:44,1,畅通,36.5,100.00%,0.00%,0.00%,虎泉街,畅通,30,从民族大道到卓刀泉南路,160
2026/4/27 12:44,1,畅通,36.5,100.00%,0.00%,0.00%,鲁磨路,畅通,35,从珞喻路到喻家山北路,67
2026/4/27 12:44,1,畅通,36.5,100.00%,0.00%,0.00%,鲁磨路,畅通,35,从团山路到珞喻路,243
2026/4/27 12:46,1,畅通,36.5,100.00%,0.00%,0.00%,珞喻路,畅通,45,从珞狮路到喻家湖路,341
2026/4/27 12:46,1,畅通,36.5,100.00%,0.00%,0.00%,珞喻路,畅通,45,从喻家湖路到珞狮路,161
2026/4/27 12:46,1,畅通,36.5,100.00%,0.00%,0.00%,民族大道,畅通,35,从汤逊湖北路到珞喻路,79
2026/4/27 12:46,1,畅通,36.5,100.00%,0.00%,0.00%,民族大道,畅通,37,从珞喻路到大学园路,258
2026/4/27 12:46,1,畅通,36.5,100.00%,0.00%,0.00%,虎泉街,畅通,30,从卓刀泉南路到民族大道,341
2026/4/27 12:46,1,畅通,36.5,100.00%,0.00%,0.00%,虎泉街,畅通,30,从民族大道到卓刀泉南路,160
2026/4/27 12:46,1,畅通,36.5,100.00%,0.00%,0.00%,鲁磨路,畅通,35,从珞喻路到喻家山北路,67
2026/4/27 12:46,1,畅通,36.5,100.00%,0.00%,0.00%,鲁磨路,畅通,35,从团山路到珞喻路,243
2026/4/27 12:48,1,畅通,36.5,100.00%,0.00%,0.00%,珞喻路,畅通,45,从珞狮路到喻家湖路,341
2026/4/27 12:48,1,畅通,36.5,100.00%,0.00%,0.00%,珞喻路,畅通,45,从喻家湖路到珞狮路,161
2026/4/27 12:48,1,畅通,36.5,100.00%,0.00%,0.00%,民族大道,畅通,35,从汤逊湖北路到珞喻路,79
2026/4/27 12:48,1,畅通,36.5,100.00%,0.00%,0.00%,民族大道,畅通,37,从珞喻路到大学园路,258
2026/4/27 12:48,1,畅通,36.5,100.00%,0.00%,0.00%,虎泉街,畅通,30,从卓刀泉南路到民族大道,341
2026/4/27 12:48,1,畅通,36.5,100.00%,0.00%,0.00%,虎泉街,畅通,30,从民族大道到卓刀泉南路,160
2026/4/27 12:48,1,畅通,36.5,100.00%,0.00%,0.00%,鲁磨路,畅通,35,从珞喻路到喻家山北路,67
2026/4/27 12:48,1,畅通,36.5,100.00%,0.00%,0.00%,鲁磨路,畅通,35,从团山路到珞喻路,243
2026/4/27 12:50,1,畅通,35.9,100.00%,0.00%,0.00%,珞喻路,畅通,40,从珞狮路到喻家湖路,341
2026/4/27 12:50,1,畅通,35.9,100.00%,0.00%,0.00%,珞喻路,畅通,45,从喻家湖路到珞狮路,161
2026/4/27 12:50,1,畅通,35.9,100.00%,0.00%,0.00%,民族大道,畅通,35,从汤逊湖北路到珞喻路,79
2026/4/27 12:50,1,畅通,35.9,100.00%,0.00%,0.00%,民族大道,畅通,37,从珞喻路到大学园路,258
2026/4/27 12:50,1,畅通,35.9,100.00%,0.00%,0.00%,虎泉街,畅通,30,从卓刀泉南路到民族大道,341
2026/4/27 12:50,1,畅通,35.9,100.00%,0.00%,0.00%,虎泉街,畅通,30,从民族大道到卓刀泉南路,160
2026/4/27 12:50,1,畅通,35.9,100.00%,0.00%,0.00%,鲁磨路,畅通,35,从珞喻路到喻家山北路,67
2026/4/27 12:50,1,畅通,35.9,100.00%,0.00%,0.00%,鲁磨路,畅通,35,从团山路到珞喻路,243
2026/4/27 12:52,1,畅通,36.5,100.00%,0.00%,0.00%,珞喻路,畅通,45,从珞狮路到喻家湖路,341
2026/4/27 12:52,1,畅通,36.5,100.00%,0.00%,0.00%,珞喻路,畅通,45,从喻家湖路到珞狮路,161
2026/4/27 12:52,1,畅通,36.5,100.00%,0.00%,0.00%,民族大道,畅通,35,从汤逊湖北路到珞喻路,79
2026/4/27 12:52,1,畅通,36.5,100.00%,0.00%,0.00%,民族大道,畅通,37,从珞喻路到大学园路,258
2026/4/27 12:52,1,畅通,36.5,100.00%,0.00%,0.00%,虎泉街,畅通,30,从卓刀泉南路到民族大道,341
2026/4/27 12:52,1,畅通,36.5,100.00%,0.00%,0.00%,虎泉街,畅通,35,从民族大道到卓刀泉南路,160
2026/4/27 12:52,1,畅通,36.5,100.00%,0.00%,0.00%,鲁磨路,畅通,35,从珞喻路到喻家山北路,67
2026/4/27 12:52,1,畅通,36.5,100.00%,0.00%,0.00%,鲁磨路,畅通,30,从团山路到珞喻路,243
2026/4/27 12:54,1,畅通,35.4,100.00%,0.00%,0.00%,珞喻路,畅通,45,从珞狮路到喻家湖路,341
2026/4/27 12:54,1,畅通,35.4,100.00%,0.00%,0.00%,珞喻路,畅通,40,从喻家湖路到珞狮路,161
2026/4/27 12:54,1,畅通,35.4,100.00%,0.00%,0.00%,民族大道,畅通,35,从汤逊湖北路到珞喻路,79
2026/4/27 12:54,1,畅通,35.4,100.00%,0.00%,0.00%,民族大道,畅通,38,从珞喻路到大学园路,258
2026/4/27 12:54,1,畅通,35.4,100.00%,0.00%,0.00%,虎泉街,畅通,30,从卓刀泉南路到民族大道,341
2026/4/27 12:54,1,畅通,35.4,100.00%,0.00%,0.00%,虎泉街,畅通,30,从民族大道到卓刀泉南路,160
2026/4/27 12:54,1,畅通,35.4,100.00%,0.00%,0.00%,鲁磨路,畅通,35,从珞喻路到喻家山北路,67
2026/4/27 12:54,1,畅通,35.4,100.00%,0.00%,0.00%,鲁磨路,畅通,30,从团山路到珞喻路,243
2026/4/27 12:56,1,畅通,35.4,100.00%,0.00%,0.00%,珞喻路,畅通,45,从珞狮路到喻家湖路,341
2026/4/27 12:56,1,畅通,35.4,100.00%,0.00%,0.00%,珞喻路,畅通,40,从喻家湖路到珞狮路,161
2026/4/27 12:56,1,畅通,35.4,100.00%,0.00%,0.00%,民族大道,畅通,35,从汤逊湖北路到珞喻路,79
2026/4/27 12:56,1,畅通,35.4,100.00%,0.00%,0.00%,民族大道,畅通,38,从珞喻路到大学园路,258
2026/4/27 12:56,1,畅通,35.4,100.00%,0.00%,0.00%,虎泉街,畅通,30,从卓刀泉南路到民族大道,341
2026/4/27 12:56,1,畅通,35.4,100.00%,0.00%,0.00%,虎泉街,畅通,30,从民族大道到卓刀泉南路,160
2026/4/27 12:56,1,畅通,35.4,100.00%,0.00%,0.00%,鲁磨路,畅通,35,从珞喻路到喻家山北路,67
2026/4/27 12:56,1,畅通,35.4,100.00%,0.00%,0.00%,鲁磨路,畅通,30,从团山路到珞喻路,243
2026/4/27 12:58,1,畅通,36.6,100.00%,0.00%,0.00%,珞喻路,畅通,45,从珞狮路到喻家湖路,341
2026/4/27 12:58,1,畅通,36.6,100.00%,0.00%,0.00%,珞喻路,畅通,45,从喻家湖路到珞狮路,161
2026/4/27 12:58,1,畅通,36.6,100.00%,0.00%,0.00%,民族大道,畅通,35,从汤逊湖北路到珞喻路,79
2026/4/27 12:58,1,畅通,36.6,100.00%,0.00%,0.00%,民族大道,畅通,38,从珞喻路到大学园路,258
2026/4/27 12:58,1,畅通,36.6,100.00%,0.00%,0.00%,虎泉街,畅通,30,从卓刀泉南路到民族大道,341
2026/4/27 12:58,1,畅通,36.6,100.00%,0.00%,0.00%,虎泉街,畅通,35,从民族大道到卓刀泉南路,160
2026/4/27 12:58,1,畅通,36.6,100.00%,0.00%,0.00%,鲁磨路,畅通,30,从珞喻路到喻家山北路,67
2026/4/27 12:58,1,畅通,36.6,100.00%,0.00%,0.00%,鲁磨路,畅通,35,从团山路到珞喻路,243
2026/4/27 13:00,1,畅通,37.1,100.00%,0.00%,0.00%,珞喻路,畅通,45,从珞狮路到喻家湖路,341
2026/4/27 13:00,1,畅通,37.1,100.00%,0.00%,0.00%,珞喻路,畅通,40,从喻家湖路到珞狮路,161
2026/4/27 13:00,1,畅通,37.1,100.00%,0.00%,0.00%,民族大道,畅通,35,从汤逊湖北路到珞喻路,79
2026/4/27 13:00,1,畅通,37.1,100.00%,0.00%,0.00%,民族大道,畅通,42,从珞喻路到大学园路,258
2026/4/27 13:00,1,畅通,37.1,100.00%,0.00%,0.00%,虎泉街,畅通,30,从卓刀泉南路到民族大道,341
2026/4/27 13:00,1,畅通,37.1,100.00%,0.00%,0.00%,虎泉街,畅通,35,从民族大道到卓刀泉南路,160
2026/4/27 13:00,1,畅通,37.1,100.00%,0.00%,0.00%,鲁磨路,畅通,35,从珞喻路到喻家山北路,67
2026/4/27 13:00,1,畅通,37.1,100.00%,0.00%,0.00%,鲁磨路,畅通,35,从团山路到珞喻路,243
2026/4/27 13:02,1,畅通,35.2,100.00%,0.00%,0.00%,珞喻路,畅通,45,从珞狮路到喻家湖路,341
2026/4/27 13:02,1,畅通,35.2,100.00%,0.00%,0.00%,珞喻路,畅通,45,从喻家湖路到珞狮路,161
2026/4/27 13:02,1,畅通,35.2,100.00%,0.00%,0.00%,民族大道,畅通,35,从汤逊湖北路到珞喻路,79
2026/4/27 13:02,1,畅通,35.2,100.00%,0.00%,0.00%,民族大道,畅通,37,从珞喻路到大学园路,258
2026/4/27 13:02,1,畅通,35.2,100.00%,0.00%,0.00%,虎泉街,畅通,30,从卓刀泉南路到民族大道,341
2026/4/27 13:02,1,畅通,35.2,100.00%,0.00%,0.00%,虎泉街,畅通,30,从民族大道到卓刀泉南路,160
2026/4/27 13:02,1,畅通,35.2,100.00%,0.00%,0.00%,鲁磨路,畅通,30,从珞喻路到喻家山北路,67
2026/4/27 13:02,1,畅通,35.2,100.00%,0.00%,0.00%,鲁磨路,畅通,30,从团山路到珞喻路,243
2026/4/27 13:04,1,畅通,35.2,100.00%,0.00%,0.00%,珞喻路,畅通,45,从珞狮路到喻家湖路,341
2026/4/27 13:04,1,畅通,35.2,100.00%,0.00%,0.00%,珞喻路,畅通,45,从喻家湖路到珞狮路,161
2026/4/27 13:04,1,畅通,35.2,100.00%,0.00%,0.00%,民族大道,畅通,35,从汤逊湖北路到珞喻路,79
2026/4/27 13:04,1,畅通,35.2,100.00%,0.00%,0.00%,民族大道,畅通,37,从珞喻路到大学园路,258
2026/4/27 13:04,1,畅通,35.2,100.00%,0.00%,0.00%,虎泉街,畅通,30,从卓刀泉南路到民族大道,341
2026/4/27 13:04,1,畅通,35.2,100.00%,0.00%,0.00%,虎泉街,畅通,30,从民族大道到卓刀泉南路,160
2026/4/27 13:04,1,畅通,35.2,100.00%,0.00%,0.00%,鲁磨路,畅通,30,从珞喻路到喻家山北路,67
2026/4/27 13:04,1,畅通,35.2,100.00%,0.00%,0.00%,鲁磨路,畅通,30,从团山路到珞喻路,243
2026/4/27 13:06,1,畅通,36.5,100.00%,0.00%,0.00%,珞喻路,畅通,45,从珞狮路到喻家湖路,341
2026/4/27 13:06,1,畅通,36.5,100.00%,0.00%,0.00%,珞喻路,畅通,45,从喻家湖路到珞狮路,161
2026/4/27 13:06,1,畅通,36.5,100.00%,0.00%,0.00%,民族大道,畅通,35,从汤逊湖北路到珞喻路,79
2026/4/27 13:06,1,畅通,36.5,100.00%,0.00%,0.00%,民族大道,畅通,37,从珞喻路到大学园路,258
2026/4/27 13:06,1,畅通,36.5,100.00%,0.00%,0.00%,虎泉街,畅通,30,从卓刀泉南路到民族大道,341
2026/4/27 13:06,1,畅通,36.5,100.00%,0.00%,0.00%,虎泉街,畅通,35,从民族大道到卓刀泉南路,160
2026/4/27 13:06,1,畅通,36.5,100.00%,0.00%,0.00%,鲁磨路,畅通,35,从珞喻路到喻家山北路,67
2026/4/27 13:06,1,畅通,36.5,100.00%,0.00%,0.00%,鲁磨路,畅通,30,从团山路到珞喻路,243
2026/4/27 13:08,1,畅通,36.5,100.00%,0.00%,0.00%,珞喻路,畅通,45,从珞狮路到喻家湖路,341
2026/4/27 13:08,1,畅通,36.5,100.00%,0.00%,0.00%,珞喻路,畅通,45,从喻家湖路到珞狮路,161
2026/4/27 13:08,1,畅通,36.5,100.00%,0.00%,0.00%,民族大道,畅通,35,从汤逊湖北路到珞喻路,79
2026/4/27 13:08,1,畅通,36.5,100.00%,0.00%,0.00%,民族大道,畅通,37,从珞喻路到大学园路,258
2026/4/27 13:08,1,畅通,36.5,100.00%,0.00%,0.00%,虎泉街,畅通,30,从卓刀泉南路到民族大道,341
2026/4/27 13:08,1,畅通,36.5,100.00%,0.00%,0.00%,虎泉街,畅通,30,从民族大道到卓刀泉南路,160
2026/4/27 13:08,1,畅通,36.5,100.00%,0.00%,0.00%,鲁磨路,畅通,35,从珞喻路到喻家山北路,67
2026/4/27 13:08,1,畅通,36.5,100.00%,0.00%,0.00%,鲁磨路,畅通,35,从团山路到珞喻路,243
2026/4/27 13:10,1,畅通,36.5,100.00%,0.00%,0.00%,珞喻路,畅通,45,从珞狮路到喻家湖路,341
2026/4/27 13:10,1,畅通,36.5,100.00%,0.00%,0.00%,珞喻路,畅通,45,从喻家湖路到珞狮路,161
2026/4/27 13:10,1,畅通,36.5,100.00%,0.00%,0.00%,民族大道,畅通,35,从汤逊湖北路到珞喻路,79
2026/4/27 13:10,1,畅通,36.5,100.00%,0.00%,0.00%,民族大道,畅通,37,从珞喻路到大学园路,258
2026/4/27 13:10,1,畅通,36.5,100.00%,0.00%,0.00%,虎泉街,畅通,30,从卓刀泉南路到民族大道,341
2026/4/27 13:10,1,畅通,36.5,100.00%,0.00%,0.00%,虎泉街,畅通,30,从民族大道到卓刀泉南路,160
2026/4/27 13:10,1,畅通,36.5,100.00%,0.00%,0.00%,鲁磨路,畅通,35,从珞喻路到喻家山北路,67
2026/4/27 13:10,1,畅通,36.5,100.00%,0.00%,0.00%,鲁磨路,畅通,35,从团山路到珞喻路,243
2026/4/27 13:12,1,畅通,36,100.00%,0.00%,0.00%,珞喻路,畅通,45,从珞狮路到喻家湖路,341
2026/4/27 13:12,1,畅通,36,100.00%,0.00%,0.00%,珞喻路,畅通,45,从喻家湖路到珞狮路,161
2026/4/27 13:12,1,畅通,36,100.00%,0.00%,0.00%,民族大道,畅通,35,从汤逊湖北路到珞喻路,79
2026/4/27 13:12,1,畅通,36,100.00%,0.00%,0.00%,民族大道,畅通,33,从珞喻路到大学园路,258
2026/4/27 13:12,1,畅通,36,100.00%,0.00%,0.00%,虎泉街,畅通,30,从卓刀泉南路到民族大道,341
2026/4/27 13:12,1,畅通,36,100.00%,0.00%,0.00%,虎泉街,畅通,30,从民族大道到卓刀泉南路,160
2026/4/27 13:12,1,畅通,36,100.00%,0.00%,0.00%,鲁磨路,畅通,35,从珞喻路到喻家山北路,67
2026/4/27 13:12,1,畅通,36,100.00%,0.00%,0.00%,鲁磨路,畅通,35,从团山路到珞喻路,243
2026/4/27 13:14,1,畅通,36.5,100.00%,0.00%,0.00%,珞喻路,畅通,45,从珞狮路到喻家湖路,341
2026/4/27 13:14,1,畅通,36.5,100.00%,0.00%,0.00%,珞喻路,畅通,45,从喻家湖路到珞狮路,161
2026/4/27 13:14,1,畅通,36.5,100.00%,0.00%,0.00%,民族大道,畅通,35,从汤逊湖北路到珞喻路,79
2026/4/27 13:14,1,畅通,36.5,100.00%,0.00%,0.00%,民族大道,畅通,37,从珞喻路到大学园路,258
2026/4/27 13:14,1,畅通,36.5,100.00%,0.00%,0.00%,虎泉街,畅通,30,从卓刀泉南路到民族大道,341
2026/4/27 13:14,1,畅通,36.5,100.00%,0.00%,0.00%,虎泉街,畅通,30,从民族大道到卓刀泉南路,160
2026/4/27 13:14,1,畅通,36.5,100.00%,0.00%,0.00%,鲁磨路,畅通,35,从珞喻路到喻家山北路,67
2026/4/27 13:14,1,畅通,36.5,100.00%,0.00%,0.00%,鲁磨路,畅通,35,从团山路到珞喻路,243
2026/4/27 13:16,1,畅通,36.5,100.00%,0.00%,0.00%,珞喻路,畅通,45,从珞狮路到喻家湖路,341
2026/4/27 13:16,1,畅通,36.5,100.00%,0.00%,0.00%,珞喻路,畅通,45,从喻家湖路到珞狮路,161
2026/4/27 13:16,1,畅通,36.5,100.00%,0.00%,0.00%,民族大道,畅通,35,从汤逊湖北路到珞喻路,79
2026/4/27 13:16,1,畅通,36.5,100.00%,0.00%,0.00%,民族大道,畅通,37,从珞喻路到大学园路,258
2026/4/27 13:16,1,畅通,36.5,100.00%,0.00%,0.00%,虎泉街,畅通,30,从卓刀泉南路到民族大道,341
2026/4/27 13:16,1,畅通,36.5,100.00%,0.00%,0.00%,虎泉街,畅通,30,从民族大道到卓刀泉南路,160
2026/4/27 13:16,1,畅通,36.5,100.00%,0.00%,0.00%,鲁磨路,畅通,35,从珞喻路到喻家山北路,67
2026/4/27 13:16,1,畅通,36.5,100.00%,0.00%,0.00%,鲁磨路,畅通,35,从团山路到珞喻路,243
2026/4/27 13:18,1,畅通,35.9,100.00%,0.00%,0.00%,珞喻路,畅通,45,从珞狮路到喻家湖路,341
2026/4/27 13:18,1,畅通,35.9,100.00%,0.00%,0.00%,珞喻路,畅通,45,从喻家湖路到珞狮路,161
2026/4/27 13:18,1,畅通,35.9,100.00%,0.00%,0.00%,民族大道,畅通,35,从汤逊湖北路到珞喻路,79
2026/4/27 13:18,1,畅通,35.9,100.00%,0.00%,0.00%,民族大道,畅通,37,从珞喻路到大学园路,258
2026/4/27 13:18,1,畅通,35.9,100.00%,0.00%,0.00%,虎泉街,畅通,30,从卓刀泉南路到民族大道,341
2026/4/27 13:18,1,畅通,35.9,100.00%,0.00%,0.00%,虎泉街,畅通,30,从民族大道到卓刀泉南路,160
2026/4/27 13:18,1,畅通,35.9,100.00%,0.00%,0.00%,鲁磨路,畅通,35,从珞喻路到喻家山北路,67
2026/4/27 13:18,1,畅通,35.9,100.00%,0.00%,0.00%,鲁磨路,畅通,30,从团山路到珞喻路,243
2026/4/27 13:20,1,畅通,35.9,100.00%,0.00%,0.00%,珞喻路,畅通,45,从珞狮路到喻家湖路,341
2026/4/27 13:20,1,畅通,35.9,100.00%,0.00%,0.00%,珞喻路,畅通,45,从喻家湖路到珞狮路,161
2026/4/27 13:20,1,畅通,35.9,100.00%,0.00%,0.00%,民族大道,畅通,35,从汤逊湖北路到珞喻路,79
2026/4/27 13:20,1,畅通,35.9,100.00%,0.00%,0.00%,民族大道,畅通,37,从珞喻路到大学园路,258
2026/4/27 13:20,1,畅通,35.9,100.00%,0.00%,0.00%,虎泉街,畅通,30,从卓刀泉南路到民族大道,341
2026/4/27 13:20,1,畅通,35.9,100.00%,0.00%,0.00%,虎泉街,畅通,30,从民族大道到卓刀泉南路,160
2026/4/27 13:20,1,畅通,35.9,100.00%,0.00%,0.00%,鲁磨路,畅通,35,从珞喻路到喻家山北路,67
2026/4/27 13:20,1,畅通,35.9,100.00%,0.00%,0.00%,鲁磨路,畅通,30,从团山路到珞喻路,243
2026/4/27 13:22,1,畅通,36.5,100.00%,0.00%,0.00%,珞喻路,畅通,45,从珞狮路到喻家湖路,341
2026/4/27 13:22,1,畅通,36.5,100.00%,0.00%,0.00%,珞喻路,畅通,45,从喻家湖路到珞狮路,161
2026/4/27 13:22,1,畅通,36.5,100.00%,0.00%,0.00%,民族大道,畅通,35,从汤逊湖北路到珞喻路,79
2026/4/27 13:22,1,畅通,36.5,100.00%,0.00%,0.00%,民族大道,畅通,37,从珞喻路到大学园路,258
2026/4/27 13:22,1,畅通,36.5,100.00%,0.00%,0.00%,虎泉街,畅通,30,从卓刀泉南路到民族大道,341
2026/4/27 13:22,1,畅通,36.5,100.00%,0.00%,0.00%,虎泉街,畅通,30,从民族大道到卓刀泉南路,160
2026/4/27 13:22,1,畅通,36.5,100.00%,0.00%,0.00%,鲁磨路,畅通,35,从珞喻路到喻家山北路,67
2026/4/27 13:22,1,畅通,36.5,100.00%,0.00%,0.00%,鲁磨路,畅通,35,从团山路到珞喻路,243
2026/4/27 13:24,1,畅通,36.5,100.00%,0.00%,0.00%,珞喻路,畅通,45,从珞狮路到喻家湖路,341
2026/4/27 13:24,1,畅通,36.5,100.00%,0.00%,0.00%,珞喻路,畅通,45,从喻家湖路到珞狮路,161
2026/4/27 13:24,1,畅通,36.5,100.00%,0.00%,0.00%,民族大道,畅通,35,从汤逊湖北路到珞喻路,79
2026/4/27 13:24,1,畅通,36.5,100.00%,0.00%,0.00%,民族大道,畅通,37,从珞喻路到大学园路,258
2026/4/27 13:24,1,畅通,36.5,100.00%,0.00%,0.00%,虎泉街,畅通,30,从卓刀泉南路到民族大道,341
2026/4/27 13:24,1,畅通,36.5,100.00%,0.00%,0.00%,虎泉街,畅通,30,从民族大道到卓刀泉南路,160
2026/4/27 13:24,1,畅通,36.5,100.00%,0.00%,0.00%,鲁磨路,畅通,35,从珞喻路到喻家山北路,67
2026/4/27 13:24,1,畅通,36.5,100.00%,0.00%,0.00%,鲁磨路,畅通,35,从团山路到珞喻路,243
2026/4/27 13:26,1,畅通,36.5,100.00%,0.00%,0.00%,珞喻路,畅通,45,从珞狮路到喻家湖路,341
2026/4/27 13:26,1,畅通,36.5,100.00%,0.00%,0.00%,珞喻路,畅通,45,从喻家湖路到珞狮路,161
2026/4/27 13:26,1,畅通,36.5,100.00%,0.00%,0.00%,民族大道,畅通,35,从汤逊湖北路到珞喻路,79
2026/4/27 13:26,1,畅通,36.5,100.00%,0.00%,0.00%,民族大道,畅通,37,从珞喻路到大学园路,258
2026/4/27 13:26,1,畅通,36.5,100.00%,0.00%,0.00%,虎泉街,畅通,30,从卓刀泉南路到民族大道,341
2026/4/27 13:26,1,畅通,36.5,100.00%,0.00%,0.00%,虎泉街,畅通,30,从民族大道到卓刀泉南路,160
2026/4/27 13:26,1,畅通,36.5,100.00%,0.00%,0.00%,鲁磨路,畅通,35,从珞喻路到喻家山北路,67
2026/4/27 13:26,1,畅通,36.5,100.00%,0.00%,0.00%,鲁磨路,畅通,35,从团山路到珞喻路,243
2026/4/27 13:29,1,畅通,35.9,100.00%,0.00%,0.00%,珞喻路,畅通,40,从珞狮路到喻家湖路,341
2026/4/27 13:29,1,畅通,35.9,100.00%,0.00%,0.00%,珞喻路,畅通,45,从喻家湖路到珞狮路,161
2026/4/27 13:29,1,畅通,35.9,100.00%,0.00%,0.00%,民族大道,畅通,35,从汤逊湖北路到珞喻路,79
2026/4/27 13:29,1,畅通,35.9,100.00%,0.00%,0.00%,民族大道,畅通,37,从珞喻路到大学园路,258
2026/4/27 13:29,1,畅通,35.9,100.00%,0.00%,0.00%,虎泉街,畅通,30,从卓刀泉南路到民族大道,341
2026/4/27 13:29,1,畅通,35.9,100.00%,0.00%,0.00%,虎泉街,畅通,30,从民族大道到卓刀泉南路,160
2026/4/27 13:29,1,畅通,35.9,100.00%,0.00%,0.00%,鲁磨路,畅通,35,从珞喻路到喻家山北路,67
2026/4/27 13:29,1,畅通,35.9,100.00%,0.00%,0.00%,鲁磨路,畅通,35,从团山路到珞喻路,243
2026/4/27 13:31,1,畅通,35.2,100.00%,0.00%,0.00%,珞喻路,畅通,45,从珞狮路到喻家湖路,341
2026/4/27 13:31,1,畅通,35.2,100.00%,0.00%,0.00%,珞喻路,畅通,40,从喻家湖路到珞狮路,161
2026/4/27 13:31,1,畅通,35.2,100.00%,0.00%,0.00%,民族大道,畅通,35,从汤逊湖北路到珞喻路,79
2026/4/27 13:31,1,畅通,35.2,100.00%,0.00%,0.00%,民族大道,畅通,37,从珞喻路到大学园路,258
2026/4/27 13:31,1,畅通,35.2,100.00%,0.00%,0.00%,虎泉街,畅通,30,从卓刀泉南路到民族大道,341
2026/4/27 13:31,1,畅通,35.2,100.00%,0.00%,0.00%,虎泉街,畅通,30,从民族大道到卓刀泉南路,160
2026/4/27 13:31,1,畅通,35.2,100.00%,0.00%,0.00%,鲁磨路,畅通,30,从珞喻路到喻家山北路,67
2026/4/27 13:31,1,畅通,35.2,100.00%,0.00%,0.00%,鲁磨路,畅通,35,从团山路到珞喻路,243
2026/4/27 13:33,1,畅通,37.2,100.00%,0.00%,0.00%,珞喻路,畅通,45,从珞狮路到喻家湖路,341
2026/4/27 13:33,1,畅通,37.2,100.00%,0.00%,0.00%,珞喻路,畅通,45,从喻家湖路到珞狮路,161
2026/4/27 13:33,1,畅通,37.2,100.00%,0.00%,0.00%,民族大道,畅通,35,从汤逊湖北路到珞喻路,79
2026/4/27 13:33,1,畅通,37.2,100.00%,0.00%,0.00%,民族大道,畅通,33,从珞喻路到大学园路,258
2026/4/27 13:33,1,畅通,37.2,100.00%,0.00%,0.00%,虎泉街,畅通,35,从卓刀泉南路到民族大道,341
2026/4/27 13:33,1,畅通,37.2,100.00%,0.00%,0.00%,虎泉街,畅通,35,从民族大道到卓刀泉南路,160
2026/4/27 13:33,1,畅通,37.2,100.00%,0.00%,0.00%,鲁磨路,畅通,35,从珞喻路到喻家山北路,67
2026/4/27 13:33,1,畅通,37.2,100.00%,0.00%,0.00%,鲁磨路,畅通,35,从团山路到珞喻路,243
2026/4/27 13:35,1,畅通,36.5,100.00%,0.00%,0.00%,珞喻路,畅通,45,从珞狮路到喻家湖路,341
2026/4/27 13:35,1,畅通,36.5,100.00%,0.00%,0.00%,珞喻路,畅通,45,从喻家湖路到珞狮路,161
2026/4/27 13:35,1,畅通,36.5,100.00%,0.00%,0.00%,民族大道,畅通,35,从汤逊湖北路到珞喻路,79
2026/4/27 13:35,1,畅通,36.5,100.00%,0.00%,0.00%,民族大道,畅通,37,从珞喻路到大学园路,258
2026/4/27 13:35,1,畅通,36.5,100.00%,0.00%,0.00%,虎泉街,畅通,30,从卓刀泉南路到民族大道,341
2026/4/27 13:35,1,畅通,36.5,100.00%,0.00%,0.00%,虎泉街,畅通,30,从民族大道到卓刀泉南路,160
2026/4/27 13:35,1,畅通,36.5,100.00%,0.00%,0.00%,鲁磨路,畅通,35,从珞喻路到喻家山北路,67
2026/4/27 13:35,1,畅通,36.5,100.00%,0.00%,0.00%,鲁磨路,畅通,35,从团山路到珞喻路,243
2026/4/27 13:37,1,畅通,36.5,100.00%,0.00%,0.00%,珞喻路,畅通,45,从珞狮路到喻家湖路,341
2026/4/27 13:37,1,畅通,36.5,100.00%,0.00%,0.00%,珞喻路,畅通,45,从喻家湖路到珞狮路,161
2026/4/27 13:37,1,畅通,36.5,100.00%,0.00%,0.00%,民族大道,畅通,35,从汤逊湖北路到珞喻路,79
2026/4/27 13:37,1,畅通,36.5,100.00%,0.00%,0.00%,民族大道,畅通,37,从珞喻路到大学园路,258
2026/4/27 13:37,1,畅通,36.5,100.00%,0.00%,0.00%,虎泉街,畅通,30,从卓刀泉南路到民族大道,341
2026/4/27 13:37,1,畅通,36.5,100.00%,0.00%,0.00%,虎泉街,畅通,30,从民族大道到卓刀泉南路,160
2026/4/27 13:37,1,畅通,36.5,100.00%,0.00%,0.00%,鲁磨路,畅通,35,从珞喻路到喻家山北路,67
2026/4/27 13:37,1,畅通,36.5,100.00%,0.00%,0.00%,鲁磨路,畅通,35,从团山路到珞喻路,243
2026/4/27 13:39,1,畅通,36.5,100.00%,0.00%,0.00%,珞喻路,畅通,45,从珞狮路到喻家湖路,341
2026/4/27 13:39,1,畅通,36.5,100.00%,0.00%,0.00%,珞喻路,畅通,45,从喻家湖路到珞狮路,161
2026/4/27 13:39,1,畅通,36.5,100.00%,0.00%,0.00%,民族大道,畅通,35,从汤逊湖北路到珞喻路,79
2026/4/27 13:39,1,畅通,36.5,100.00%,0.00%,0.00%,民族大道,畅通,37,从珞喻路到大学园路,258
2026/4/27 13:39,1,畅通,36.5,100.00%,0.00%,0.00%,虎泉街,畅通,30,从卓刀泉南路到民族大道,341
2026/4/27 13:39,1,畅通,36.5,100.00%,0.00%,0.00%,虎泉街,畅通,30,从民族大道到卓刀泉南路,160
2026/4/27 13:39,1,畅通,36.5,100.00%,0.00%,0.00%,鲁磨路,畅通,35,从珞喻路到喻家山北路,67
2026/4/27 13:39,1,畅通,36.5,100.00%,0.00%,0.00%,鲁磨路,畅通,35,从团山路到珞喻路,243
2026/4/27 13:41,1,畅通,36.4,100.00%,0.00%,0.00%,珞喻路,畅通,40,从珞狮路到喻家湖路,341
2026/4/27 13:41,1,畅通,36.4,100.00%,0.00%,0.00%,珞喻路,畅通,45,从喻家湖路到珞狮路,161
2026/4/27 13:41,1,畅通,36.4,100.00%,0.00%,0.00%,民族大道,畅通,35,从汤逊湖北路到珞喻路,79
2026/4/27 13:41,1,畅通,36.4,100.00%,0.00%,0.00%,民族大道,畅通,36,从珞喻路到大学园路,258
2026/4/27 13:41,1,畅通,36.4,100.00%,0.00%,0.00%,虎泉街,畅通,30,从卓刀泉南路到民族大道,341
2026/4/27 13:41,1,畅通,36.4,100.00%,0.00%,0.00%,虎泉街,畅通,35,从民族大道到卓刀泉南路,160
2026/4/27 13:41,1,畅通,36.4,100.00%,0.00%,0.00%,鲁磨路,畅通,35,从珞喻路到喻家山北路,67
2026/4/27 13:41,1,畅通,36.4,100.00%,0.00%,0.00%,鲁磨路,畅通,35,从团山路到珞喻路,243
2026/4/27 13:43,1,畅通,35.2,100.00%,0.00%,0.00%,珞喻路,畅通,40,从珞狮路到喻家湖路,341
2026/4/27 13:43,1,畅通,35.2,100.00%,0.00%,0.00%,珞喻路,畅通,45,从喻家湖路到珞狮路,161
2026/4/27 13:43,1,畅通,35.2,100.00%,0.00%,0.00%,民族大道,畅通,35,从汤逊湖北路到珞喻路,79
2026/4/27 13:43,1,畅通,35.2,100.00%,0.00%,0.00%,民族大道,畅通,37,从珞喻路到大学园路,258
2026/4/27 13:43,1,畅通,35.2,100.00%,0.00%,0.00%,虎泉街,畅通,30,从卓刀泉南路到民族大道,341
2026/4/27 13:43,1,畅通,35.2,100.00%,0.00%,0.00%,虎泉街,畅通,30,从民族大道到卓刀泉南路,160
2026/4/27 13:43,1,畅通,35.2,100.00%,0.00%,0.00%,鲁磨路,畅通,30,从珞喻路到喻家山北路,67
2026/4/27 13:43,1,畅通,35.2,100.00%,0.00%,0.00%,鲁磨路,畅通,35,从团山路到珞喻路,243
2026/4/27 13:45,1,畅通,34.6,100.00%,0.00%,0.00%,珞喻路,畅通,40,从珞狮路到喻家湖路,341
2026/4/27 13:45,1,畅通,34.6,100.00%,0.00%,0.00%,珞喻路,畅通,40,从喻家湖路到珞狮路,161
2026/4/27 13:45,1,畅通,34.6,100.00%,0.00%,0.00%,民族大道,畅通,35,从汤逊湖北路到珞喻路,79
2026/4/27 13:45,1,畅通,34.6,100.00%,0.00%,0.00%,民族大道,畅通,37,从珞喻路到大学园路,258
2026/4/27 13:45,1,畅通,34.6,100.00%,0.00%,0.00%,虎泉街,畅通,30,从卓刀泉南路到民族大道,341
2026/4/27 13:45,1,畅通,34.6,100.00%,0.00%,0.00%,虎泉街,畅通,30,从民族大道到卓刀泉南路,160
2026/4/27 13:45,1,畅通,34.6,100.00%,0.00%,0.00%,鲁磨路,畅通,30,从珞喻路到喻家山北路,67
2026/4/27 13:45,1,畅通,34.6,100.00%,0.00%,0.00%,鲁磨路,畅通,35,从团山路到珞喻路,243
2026/4/27 13:47,1,畅通,35.2,100.00%,0.00%,0.00%,珞喻路,畅通,45,从珞狮路到喻家湖路,341
2026/4/27 13:47,1,畅通,35.2,100.00%,0.00%,0.00%,珞喻路,畅通,40,从喻家湖路到珞狮路,161
2026/4/27 13:47,1,畅通,35.2,100.00%,0.00%,0.00%,民族大道,畅通,35,从汤逊湖北路到珞喻路,79
2026/4/27 13:47,1,畅通,35.2,100.00%,0.00%,0.00%,民族大道,畅通,37,从珞喻路到大学园路,258
2026/4/27 13:47,1,畅通,35.2,100.00%,0.00%,0.00%,虎泉街,畅通,30,从卓刀泉南路到民族大道,341
2026/4/27 13:47,1,畅通,35.2,100.00%,0.00%,0.00%,虎泉街,畅通,30,从民族大道到卓刀泉南路,160
2026/4/27 13:47,1,畅通,35.2,100.00%,0.00%,0.00%,鲁磨路,畅通,30,从珞喻路到喻家山北路,67
2026/4/27 13:47,1,畅通,35.2,100.00%,0.00%,0.00%,鲁磨路,畅通,35,从团山路到珞喻路,243
2026/4/27 13:49,1,畅通,35.9,100.00%,0.00%,0.00%,珞喻路,畅通,40,从珞狮路到喻家湖路,341
2026/4/27 13:49,1,畅通,35.9,100.00%,0.00%,0.00%,珞喻路,畅通,45,从喻家湖路到珞狮路,161
2026/4/27 13:49,1,畅通,35.9,100.00%,0.00%,0.00%,民族大道,畅通,35,从汤逊湖北路到珞喻路,79
2026/4/27 13:49,1,畅通,35.9,100.00%,0.00%,0.00%,民族大道,畅通,37,从珞喻路到大学园路,258
2026/4/27 13:49,1,畅通,35.9,100.00%,0.00%,0.00%,虎泉街,畅通,30,从卓刀泉南路到民族大道,341
2026/4/27 13:49,1,畅通,35.9,100.00%,0.00%,0.00%,虎泉街,畅通,30,从民族大道到卓刀泉南路,160
2026/4/27 13:49,1,畅通,35.9,100.00%,0.00%,0.00%,鲁磨路,畅通,35,从珞喻路到喻家山北路,67
2026/4/27 13:49,1,畅通,35.9,100.00%,0.00%,0.00%,鲁磨路,畅通,35,从团山路到珞喻路,243
2026/4/27 13:51,1,畅通,36.5,100.00%,0.00%,0.00%,珞喻路,畅通,45,从珞狮路到喻家湖路,341
2026/4/27 13:51,1,畅通,36.5,100.00%,0.00%,0.00%,珞喻路,畅通,45,从喻家湖路到珞狮路,161
2026/4/27 13:51,1,畅通,36.5,100.00%,0.00%,0.00%,民族大道,畅通,35,从汤逊湖北路到珞喻路,79
2026/4/27 13:51,1,畅通,36.5,100.00%,0.00%,0.00%,民族大道,畅通,37,从珞喻路到大学园路,258
2026/4/27 13:51,1,畅通,36.5,100.00%,0.00%,0.00%,虎泉街,畅通,30,从卓刀泉南路到民族大道,341
2026/4/27 13:51,1,畅通,36.5,100.00%,0.00%,0.00%,虎泉街,畅通,30,从民族大道到卓刀泉南路,160
2026/4/27 13:51,1,畅通,36.5,100.00%,0.00%,0.00%,鲁磨路,畅通,35,从珞喻路到喻家山北路,67
2026/4/27 13:51,1,畅通,36.5,100.00%,0.00%,0.00%,鲁磨路,畅通,35,从团山路到珞喻路,243
2026/4/27 13:53,1,畅通,35.9,100.00%,0.00%,0.00%,珞喻路,畅通,45,从珞狮路到喻家湖路,341
2026/4/27 13:53,1,畅通,35.9,100.00%,0.00%,0.00%,珞喻路,畅通,45,从喻家湖路到珞狮路,161
2026/4/27 13:53,1,畅通,35.9,100.00%,0.00%,0.00%,民族大道,畅通,35,从汤逊湖北路到珞喻路,79
2026/4/27 13:53,1,畅通,35.9,100.00%,0.00%,0.00%,民族大道,畅通,37,从珞喻路到大学园路,258
2026/4/27 13:53,1,畅通,35.9,100.00%,0.00%,0.00%,虎泉街,畅通,30,从卓刀泉南路到民族大道,341
2026/4/27 13:53,1,畅通,35.9,100.00%,0.00%,0.00%,虎泉街,畅通,30,从民族大道到卓刀泉南路,160
2026/4/27 13:53,1,畅通,35.9,100.00%,0.00%,0.00%,鲁磨路,畅通,30,从珞喻路到喻家山北路,67
2026/4/27 13:53,1,畅通,35.9,100.00%,0.00%,0.00%,鲁磨路,畅通,35,从团山路到珞喻路,243
2026/4/27 13:55,1,畅通,35.2,100.00%,0.00%,0.00%,珞喻路,畅通,40,从珞狮路到喻家湖路,341
2026/4/27 13:55,1,畅通,35.2,100.00%,0.00%,0.00%,珞喻路,畅通,45,从喻家湖路到珞狮路,161
2026/4/27 13:55,1,畅通,35.2,100.00%,0.00%,0.00%,民族大道,畅通,35,从汤逊湖北路到珞喻路,79
2026/4/27 13:55,1,畅通,35.2,100.00%,0.00%,0.00%,民族大道,畅通,37,从珞喻路到大学园路,258
2026/4/27 13:55,1,畅通,35.2,100.00%,0.00%,0.00%,虎泉街,畅通,30,从卓刀泉南路到民族大道,341
2026/4/27 13:55,1,畅通,35.2,100.00%,0.00%,0.00%,虎泉街,畅通,30,从民族大道到卓刀泉南路,160
2026/4/27 13:55,1,畅通,35.2,100.00%,0.00%,0.00%,鲁磨路,畅通,35,从珞喻路到喻家山北路,67
2026/4/27 13:55,1,畅通,35.2,100.00%,0.00%,0.00%,鲁磨路,畅通,30,从团山路到珞喻路,243
2026/4/27 13:57,1,畅通,35.2,100.00%,0.00%,0.00%,珞喻路,畅通,40,从珞狮路到喻家湖路,341
2026/4/27 13:57,1,畅通,35.2,100.00%,0.00%,0.00%,珞喻路,畅通,45,从喻家湖路到珞狮路,161
2026/4/27 13:57,1,畅通,35.2,100.00%,0.00%,0.00%,民族大道,畅通,35,从汤逊湖北路到珞喻路,79
2026/4/27 13:57,1,畅通,35.2,100.00%,0.00%,0.00%,民族大道,畅通,37,从珞喻路到大学园路,258
2026/4/27 13:57,1,畅通,35.2,100.00%,0.00%,0.00%,虎泉街,畅通,30,从卓刀泉南路到民族大道,341
2026/4/27 13:57,1,畅通,35.2,100.00%,0.00%,0.00%,虎泉街,畅通,30,从民族大道到卓刀泉南路,160
2026/4/27 13:57,1,畅通,35.2,100.00%,0.00%,0.00%,鲁磨路,畅通,35,从珞喻路到喻家山北路,67
2026/4/27 13:57,1,畅通,35.2,100.00%,0.00%,0.00%,鲁磨路,畅通,30,从团山路到珞喻路,243
2026/4/27 13:59,1,畅通,35.2,100.00%,0.00%,0.00%,珞喻路,畅通,40,从珞狮路到喻家湖路,341
2026/4/27 13:59,1,畅通,35.2,100.00%,0.00%,0.00%,珞喻路,畅通,45,从喻家湖路到珞狮路,161
2026/4/27 13:59,1,畅通,35.2,100.00%,0.00%,0.00%,民族大道,畅通,35,从汤逊湖北路到珞喻路,79
2026/4/27 13:59,1,畅通,35.2,100.00%,0.00%,0.00%,民族大道,畅通,37,从珞喻路到大学园路,258
2026/4/27 13:59,1,畅通,35.2,100.00%,0.00%,0.00%,虎泉街,畅通,30,从卓刀泉南路到民族大道,341
2026/4/27 13:59,1,畅通,35.2,100.00%,0.00%,0.00%,虎泉街,畅通,30,从民族大道到卓刀泉南路,160
2026/4/27 13:59,1,畅通,35.2,100.00%,0.00%,0.00%,鲁磨路,畅通,35,从珞喻路到喻家山北路,67
2026/4/27 13:59,1,畅通,35.2,100.00%,0.00%,0.00%,鲁磨路,畅通,30,从团山路到珞喻路,243
2026/4/27 14:01,1,畅通,35.2,100.00%,0.00%,0.00%,珞喻路,畅通,40,从珞狮路到喻家湖路,341
2026/4/27 14:01,1,畅通,35.2,100.00%,0.00%,0.00%,珞喻路,畅通,45,从喻家湖路到珞狮路,161
2026/4/27 14:01,1,畅通,35.2,100.00%,0.00%,0.00%,民族大道,畅通,35,从汤逊湖北路到珞喻路,79
2026/4/27 14:01,1,畅通,35.2,100.00%,0.00%,0.00%,民族大道,畅通,37,从珞喻路到大学园路,258
2026/4/27 14:01,1,畅通,35.2,100.00%,0.00%,0.00%,虎泉街,畅通,30,从卓刀泉南路到民族大道,341
2026/4/27 14:01,1,畅通,35.2,100.00%,0.00%,0.00%,虎泉街,畅通,30,从民族大道到卓刀泉南路,160
2026/4/27 14:01,1,畅通,35.2,100.00%,0.00%,0.00%,鲁磨路,畅通,35,从珞喻路到喻家山北路,67
2026/4/27 14:01,1,畅通,35.2,100.00%,0.00%,0.00%,鲁磨路,畅通,30,从团山路到珞喻路,243
2026/4/27 14:03,1,畅通,35.2,100.00%,0.00%,0.00%,珞喻路,畅通,40,从珞狮路到喻家湖路,341
2026/4/27 14:03,1,畅通,35.2,100.00%,0.00%,0.00%,珞喻路,畅通,45,从喻家湖路到珞狮路,161
2026/4/27 14:03,1,畅通,35.2,100.00%,0.00%,0.00%,民族大道,畅通,35,从汤逊湖北路到珞喻路,79
2026/4/27 14:03,1,畅通,35.2,100.00%,0.00%,0.00%,民族大道,畅通,37,从珞喻路到大学园路,258
2026/4/27 14:03,1,畅通,35.2,100.00%,0.00%,0.00%,虎泉街,畅通,30,从卓刀泉南路到民族大道,341
2026/4/27 14:03,1,畅通,35.2,100.00%,0.00%,0.00%,虎泉街,畅通,30,从民族大道到卓刀泉南路,160
2026/4/27 14:03,1,畅通,35.2,100.00%,0.00%,0.00%,鲁磨路,畅通,35,从珞喻路到喻家山北路,67
2026/4/27 14:03,1,畅通,35.2,100.00%,0.00%,0.00%,鲁磨路,畅通,30,从团山路到珞喻路,243
2026/4/27 14:05,1,畅通,37.1,100.00%,0.00%,0.00%,珞喻路,畅通,40,从珞狮路到喻家湖路,341
2026/4/27 14:05,1,畅通,37.1,100.00%,0.00%,0.00%,珞喻路,畅通,45,从喻家湖路到珞狮路,161
2026/4/27 14:05,1,畅通,37.1,100.00%,0.00%,0.00%,民族大道,畅通,50,从雄楚大道到珞喻路,83
2026/4/27 14:05,1,畅通,37.1,100.00%,0.00%,0.00%,民族大道,畅通,37,从珞喻路到大学园路,258
2026/4/27 14:05,1,畅通,37.1,100.00%,0.00%,0.00%,虎泉街,畅通,30,从卓刀泉南路到民族大道,341
2026/4/27 14:05,1,畅通,37.1,100.00%,0.00%,0.00%,虎泉街,畅通,30,从民族大道到卓刀泉南路,160
2026/4/27 14:05,1,畅通,37.1,100.00%,0.00%,0.00%,鲁磨路,畅通,35,从珞喻路到喻家山北路,67
2026/4/27 14:05,1,畅通,37.1,100.00%,0.00%,0.00%,鲁磨路,畅通,30,从团山路到珞喻路,243
2026/4/27 14:07,1,畅通,34.6,100.00%,0.00%,0.00%,珞喻路,畅通,40,从珞狮路到喻家湖路,341
2026/4/27 14:07,1,畅通,34.6,100.00%,0.00%,0.00%,珞喻路,畅通,40,从喻家湖路到珞狮路,161
2026/4/27 14:07,1,畅通,34.6,100.00%,0.00%,0.00%,民族大道,畅通,35,从汤逊湖北路到珞喻路,79
2026/4/27 14:07,1,畅通,34.6,100.00%,0.00%,0.00%,民族大道,畅通,37,从珞喻路到大学园路,258
2026/4/27 14:07,1,畅通,34.6,100.00%,0.00%,0.00%,虎泉街,畅通,30,从卓刀泉南路到民族大道,341
2026/4/27 14:07,1,畅通,34.6,100.00%,0.00%,0.00%,虎泉街,畅通,30,从民族大道到卓刀泉南路,160
2026/4/27 14:07,1,畅通,34.6,100.00%,0.00%,0.00%,鲁磨路,畅通,35,从珞喻路到喻家山北路,67
2026/4/27 14:07,1,畅通,34.6,100.00%,0.00%,0.00%,鲁磨路,畅通,30,从团山路到珞喻路,243
2026/4/27 14:09,1,畅通,36.5,100.00%,0.00%,0.00%,珞喻路,畅通,40,从珞狮路到喻家湖路,341
2026/4/27 14:09,1,畅通,36.5,100.00%,0.00%,0.00%,珞喻路,畅通,40,从喻家湖路到珞狮路,161
2026/4/27 14:09,1,畅通,36.5,100.00%,0.00%,0.00%,民族大道,畅通,50,从雄楚大道到珞喻路,83
2026/4/27 14:09,1,畅通,36.5,100.00%,0.00%,0.00%,民族大道,畅通,37,从珞喻路到大学园路,258
2026/4/27 14:09,1,畅通,36.5,100.00%,0.00%,0.00%,虎泉街,畅通,30,从卓刀泉南路到民族大道,341
2026/4/27 14:09,1,畅通,36.5,100.00%,0.00%,0.00%,虎泉街,畅通,30,从民族大道到卓刀泉南路,160
2026/4/27 14:09,1,畅通,36.5,100.00%,0.00%,0.00%,鲁磨路,畅通,35,从珞喻路到喻家山北路,67
2026/4/27 14:09,1,畅通,36.5,100.00%,0.00%,0.00%,鲁磨路,畅通,30,从团山路到珞喻路,243
2026/4/27 14:11,1,畅通,35.8,100.00%,0.00%,0.00%,珞喻路,畅通,40,从珞狮路到喻家湖路,341
2026/4/27 14:11,1,畅通,35.8,100.00%,0.00%,0.00%,珞喻路,畅通,40,从喻家湖路到珞狮路,161
2026/4/27 14:11,1,畅通,35.8,100.00%,0.00%,0.00%,民族大道,畅通,50,从雄楚大道到珞喻路,83
2026/4/27 14:11,1,畅通,35.8,100.00%,0.00%,0.00%,民族大道,畅通,36,从珞喻路到大学园路,258
2026/4/27 14:11,1,畅通,35.8,100.00%,0.00%,0.00%,虎泉街,畅通,30,从卓刀泉南路到民族大道,341
2026/4/27 14:11,1,畅通,35.8,100.00%,0.00%,0.00%,虎泉街,畅通,30,从民族大道到卓刀泉南路,160
2026/4/27 14:11,1,畅通,35.8,100.00%,0.00%,0.00%,鲁磨路,畅通,30,从珞喻路到喻家山北路,67
2026/4/27 14:11,1,畅通,35.8,100.00%,0.00%,0.00%,鲁磨路,畅通,30,从团山路到珞喻路,243
2026/4/27 14:13,1,畅通,35.8,100.00%,0.00%,0.00%,珞喻路,畅通,40,从珞狮路到喻家湖路,341
2026/4/27 14:13,1,畅通,35.8,100.00%,0.00%,0.00%,珞喻路,畅通,40,从喻家湖路到珞狮路,161
2026/4/27 14:13,1,畅通,35.8,100.00%,0.00%,0.00%,民族大道,畅通,50,从雄楚大道到珞喻路,83
2026/4/27 14:13,1,畅通,35.8,100.00%,0.00%,0.00%,民族大道,畅通,36,从珞喻路到大学园路,258
2026/4/27 14:13,1,畅通,35.8,100.00%,0.00%,0.00%,虎泉街,畅通,30,从卓刀泉南路到民族大道,341
2026/4/27 14:13,1,畅通,35.8,100.00%,0.00%,0.00%,虎泉街,畅通,30,从民族大道到卓刀泉南路,160
2026/4/27 14:13,1,畅通,35.8,100.00%,0.00%,0.00%,鲁磨路,畅通,30,从珞喻路到喻家山北路,67
2026/4/27 14:13,1,畅通,35.8,100.00%,0.00%,0.00%,鲁磨路,畅通,30,从团山路到珞喻路,243
2026/4/27 14:15,2,缓行,35.9,87.50%,12.50%,0.00%,珞喻路,畅通,40,从珞狮路到喻家湖路,341
2026/4/27 14:15,2,缓行,35.9,87.50%,12.50%,0.00%,珞喻路,畅通,40,从喻家湖路到珞狮路,161
2026/4/27 14:15,2,缓行,35.9,87.50%,12.50%,0.00%,民族大道,畅通,50,从雄楚大道到珞喻路,83
2026/4/27 14:15,2,缓行,35.9,87.50%,12.50%,0.00%,民族大道,畅通,37,从珞喻路到大学园路,258
2026/4/27 14:15,2,缓行,35.9,87.50%,12.50%,0.00%,虎泉街,畅通,30,从卓刀泉南路到民族大道,341
2026/4/27 14:15,2,缓行,35.9,87.50%,12.50%,0.00%,鲁磨路,畅通,30,从珞喻路到喻家山北路,67
2026/4/27 14:15,2,缓行,35.9,87.50%,12.50%,0.00%,鲁磨路,畅通,35,从团山路到珞喻路,243
2026/4/27 14:17,1,畅通,35.9,100.00%,0.00%,0.00%,珞喻路,畅通,40,从珞狮路到喻家湖路,341
2026/4/27 14:17,1,畅通,35.9,100.00%,0.00%,0.00%,珞喻路,畅通,40,从喻家湖路到珞狮路,161
2026/4/27 14:17,1,畅通,35.9,100.00%,0.00%,0.00%,民族大道,畅通,50,从雄楚大道到珞喻路,83
2026/4/27 14:17,1,畅通,35.9,100.00%,0.00%,0.00%,民族大道,畅通,37,从珞喻路到大学园路,258
2026/4/27 14:17,1,畅通,35.9,100.00%,0.00%,0.00%,虎泉街,畅通,30,从卓刀泉南路到民族大道,341
2026/4/27 14:17,1,畅通,35.9,100.00%,0.00%,0.00%,虎泉街,畅通,25,从民族大道到卓刀泉南路,160
2026/4/27 14:17,1,畅通,35.9,100.00%,0.00%,0.00%,鲁磨路,畅通,30,从珞喻路到喻家山北路,67
2026/4/27 14:17,1,畅通,35.9,100.00%,0.00%,0.00%,鲁磨路,畅通,35,从团山路到珞喻路,243
2026/4/27 14:19,1,畅通,37.1,100.00%,0.00%,0.00%,珞喻路,畅通,40,从珞狮路到喻家湖路,341
2026/4/27 14:19,1,畅通,37.1,100.00%,0.00%,0.00%,珞喻路,畅通,40,从喻家湖路到珞狮路,161
2026/4/27 14:19,1,畅通,37.1,100.00%,0.00%,0.00%,民族大道,畅通,50,从雄楚大道到珞喻路,83
2026/4/27 14:19,1,畅通,37.1,100.00%,0.00%,0.00%,民族大道,畅通,37,从珞喻路到大学园路,258
2026/4/27 14:19,1,畅通,37.1,100.00%,0.00%,0.00%,虎泉街,畅通,30,从卓刀泉南路到民族大道,341
2026/4/27 14:19,1,畅通,37.1,100.00%,0.00%,0.00%,虎泉街,畅通,30,从民族大道到卓刀泉南路,160
2026/4/27 14:19,1,畅通,37.1,100.00%,0.00%,0.00%,鲁磨路,畅通,35,从珞喻路到喻家山北路,67
2026/4/27 14:19,1,畅通,37.1,100.00%,0.00%,0.00%,鲁磨路,畅通,35,从团山路到珞喻路,243
2026/4/27 14:21,1,畅通,37.1,100.00%,0.00%,0.00%,珞喻路,畅通,40,从珞狮路到喻家湖路,341
2026/4/27 14:21,1,畅通,37.1,100.00%,0.00%,0.00%,珞喻路,畅通,40,从喻家湖路到珞狮路,161
2026/4/27 14:21,1,畅通,37.1,100.00%,0.00%,0.00%,民族大道,畅通,50,从雄楚大道到珞喻路,83
2026/4/27 14:21,1,畅通,37.1,100.00%,0.00%,0.00%,民族大道,畅通,37,从珞喻路到大学园路,258
2026/4/27 14:21,1,畅通,37.1,100.00%,0.00%,0.00%,虎泉街,畅通,30,从卓刀泉南路到民族大道,341
2026/4/27 14:21,1,畅通,37.1,100.00%,0.00%,0.00%,虎泉街,畅通,30,从民族大道到卓刀泉南路,160
2026/4/27 14:21,1,畅通,37.1,100.00%,0.00%,0.00%,鲁磨路,畅通,35,从珞喻路到喻家山北路,67
2026/4/27 14:21,1,畅通,37.1,100.00%,0.00%,0.00%,鲁磨路,畅通,35,从团山路到珞喻路,243
2026/4/27 14:23,1,畅通,36.5,100.00%,0.00%,0.00%,珞喻路,畅通,40,从珞狮路到喻家湖路,341
2026/4/27 14:23,1,畅通,36.5,100.00%,0.00%,0.00%,珞喻路,畅通,40,从喻家湖路到珞狮路,161
2026/4/27 14:23,1,畅通,36.5,100.00%,0.00%,0.00%,民族大道,畅通,50,从雄楚大道到珞喻路,83
2026/4/27 14:23,1,畅通,36.5,100.00%,0.00%,0.00%,民族大道,畅通,37,从珞喻路到大学园路,258
2026/4/27 14:23,1,畅通,36.5,100.00%,0.00%,0.00%,虎泉街,畅通,30,从卓刀泉南路到民族大道,341
2026/4/27 14:23,1,畅通,36.5,100.00%,0.00%,0.00%,虎泉街,畅通,30,从民族大道到卓刀泉南路,160
2026/4/27 14:23,1,畅通,36.5,100.00%,0.00%,0.00%,鲁磨路,畅通,30,从珞喻路到喻家山北路,67
2026/4/27 14:23,1,畅通,36.5,100.00%,0.00%,0.00%,鲁磨路,畅通,35,从团山路到珞喻路,243
2026/4/27 14:25,1,畅通,37.1,100.00%,0.00%,0.00%,珞喻路,畅通,40,从珞狮路到喻家湖路,341
2026/4/27 14:25,1,畅通,37.1,100.00%,0.00%,0.00%,珞喻路,畅通,45,从喻家湖路到珞狮路,161
2026/4/27 14:25,1,畅通,37.1,100.00%,0.00%,0.00%,民族大道,畅通,50,从雄楚大道到珞喻路,83
2026/4/27 14:25,1,畅通,37.1,100.00%,0.00%,0.00%,民族大道,畅通,37,从珞喻路到大学园路,258
2026/4/27 14:25,1,畅通,37.1,100.00%,0.00%,0.00%,虎泉街,畅通,30,从卓刀泉南路到民族大道,341
2026/4/27 14:25,1,畅通,37.1,100.00%,0.00%,0.00%,虎泉街,畅通,30,从民族大道到卓刀泉南路,160
2026/4/27 14:25,1,畅通,37.1,100.00%,0.00%,0.00%,鲁磨路,畅通,35,从珞喻路到喻家山北路,67
2026/4/27 14:25,1,畅通,37.1,100.00%,0.00%,0.00%,鲁磨路,畅通,30,从团山路到珞喻路,243
2026/4/27 14:27,1,畅通,37.1,100.00%,0.00%,0.00%,珞喻路,畅通,40,从珞狮路到喻家湖路,341
2026/4/27 14:27,1,畅通,37.1,100.00%,0.00%,0.00%,珞喻路,畅通,40,从喻家湖路到珞狮路,161
2026/4/27 14:27,1,畅通,37.1,100.00%,0.00%,0.00%,民族大道,畅通,50,从雄楚大道到珞喻路,83
2026/4/27 14:27,1,畅通,37.1,100.00%,0.00%,0.00%,民族大道,畅通,37,从珞喻路到大学园路,258
2026/4/27 14:27,1,畅通,37.1,100.00%,0.00%,0.00%,虎泉街,畅通,35,从卓刀泉南路到民族大道,341
2026/4/27 14:27,1,畅通,37.1,100.00%,0.00%,0.00%,虎泉街,畅通,30,从民族大道到卓刀泉南路,160
2026/4/27 14:27,1,畅通,37.1,100.00%,0.00%,0.00%,鲁磨路,畅通,35,从珞喻路到喻家山北路,67
2026/4/27 14:27,1,畅通,37.1,100.00%,0.00%,0.00%,鲁磨路,畅通,30,从团山路到珞喻路,243
2026/4/27 14:29,1,畅通,37.1,100.00%,0.00%,0.00%,珞喻路,畅通,40,从珞狮路到喻家湖路,341
2026/4/27 14:29,1,畅通,37.1,100.00%,0.00%,0.00%,珞喻路,畅通,45,从喻家湖路到珞狮路,161
2026/4/27 14:29,1,畅通,37.1,100.00%,0.00%,0.00%,民族大道,畅通,50,从雄楚大道到珞喻路,83
2026/4/27 14:29,1,畅通,37.1,100.00%,0.00%,0.00%,民族大道,畅通,37,从珞喻路到大学园路,258
2026/4/27 14:29,1,畅通,37.1,100.00%,0.00%,0.00%,虎泉街,畅通,30,从卓刀泉南路到民族大道,341
2026/4/27 14:29,1,畅通,37.1,100.00%,0.00%,0.00%,虎泉街,畅通,30,从民族大道到卓刀泉南路,160
2026/4/27 14:29,1,畅通,37.1,100.00%,0.00%,0.00%,鲁磨路,畅通,30,从珞喻路到喻家山北路,67
2026/4/27 14:29,1,畅通,37.1,100.00%,0.00%,0.00%,鲁磨路,畅通,35,从团山路到珞喻路,243
2026/4/27 14:31,1,畅通,37.8,100.00%,0.00%,0.00%,珞喻路,畅通,40,从珞狮路到喻家湖路,341
2026/4/27 14:31,1,畅通,37.8,100.00%,0.00%,0.00%,珞喻路,畅通,45,从喻家湖路到珞狮路,161
2026/4/27 14:31,1,畅通,37.8,100.00%,0.00%,0.00%,民族大道,畅通,50,从雄楚大道到珞喻路,83
2026/4/27 14:31,1,畅通,37.8,100.00%,0.00%,0.00%,民族大道,畅通,37,从珞喻路到大学园路,258
2026/4/27 14:31,1,畅通,37.8,100.00%,0.00%,0.00%,虎泉街,畅通,30,从卓刀泉南路到民族大道,341
2026/4/27 14:31,1,畅通,37.8,100.00%,0.00%,0.00%,虎泉街,畅通,30,从民族大道到卓刀泉南路,160
2026/4/27 14:31,1,畅通,37.8,100.00%,0.00%,0.00%,鲁磨路,畅通,35,从珞喻路到喻家山北路,67
2026/4/27 14:31,1,畅通,37.8,100.00%,0.00%,0.00%,鲁磨路,畅通,35,从团山路到珞喻路,243
2026/4/27 16:30,1,畅通,36.5,100.00%,0.00%,0.00%,珞喻路,畅通,40,从珞狮路到喻家湖路,341
2026/4/27 16:30,1,畅通,36.5,100.00%,0.00%,0.00%,珞喻路,畅通,40,从喻家湖路到珞狮路,161
2026/4/27 16:30,1,畅通,36.5,100.00%,0.00%,0.00%,民族大道,畅通,50,从雄楚大道到珞喻路,83
2026/4/27 16:30,1,畅通,36.5,100.00%,0.00%,0.00%,民族大道,畅通,37,从珞喻路到大学园路,258
2026/4/27 16:30,1,畅通,36.5,100.00%,0.00%,0.00%,虎泉街,畅通,30,从卓刀泉南路到民族大道,341
2026/4/27 16:30,1,畅通,36.5,100.00%,0.00%,0.00%,虎泉街,畅通,30,从民族大道到卓刀泉南路,160
2026/4/27 16:30,1,畅通,36.5,100.00%,0.00%,0.00%,鲁磨路,畅通,35,从珞喻路到喻家山北路,67
2026/4/27 16:30,1,畅通,36.5,100.00%,0.00%,0.00%,鲁磨路,畅通,30,从团山路到珞喻路,243
2026/4/27 16:30,1,畅通,36.5,100.00%,0.00%,0.00%,珞喻路,畅通,40,从珞狮路到喻家湖路,341
2026/4/27 16:30,1,畅通,36.5,100.00%,0.00%,0.00%,珞喻路,畅通,40,从喻家湖路到珞狮路,161
2026/4/27 16:30,1,畅通,36.5,100.00%,0.00%,0.00%,民族大道,畅通,50,从雄楚大道到珞喻路,83
2026/4/27 16:30,1,畅通,36.5,100.00%,0.00%,0.00%,民族大道,畅通,37,从珞喻路到大学园路,258
2026/4/27 16:30,1,畅通,36.5,100.00%,0.00%,0.00%,虎泉街,畅通,30,从卓刀泉南路到民族大道,341
2026/4/27 16:30,1,畅通,36.5,100.00%,0.00%,0.00%,虎泉街,畅通,30,从民族大道到卓刀泉南路,160
2026/4/27 16:30,1,畅通,36.5,100.00%,0.00%,0.00%,鲁磨路,畅通,35,从珞喻路到喻家山北路,67
2026/4/27 16:30,1,畅通,36.5,100.00%,0.00%,0.00%,鲁磨路,畅通,30,从团山路到珞喻路,243
2026/4/27 16:32,2,缓行,35.6,87.50%,12.50%,0.00%,珞喻路,畅通,40,从珞狮路到喻家湖路,341
2026/4/27 16:32,2,缓行,35.6,87.50%,12.50%,0.00%,珞喻路,畅通,40,从喻家湖路到珞狮路,161
2026/4/27 16:32,2,缓行,35.6,87.50%,12.50%,0.00%,民族大道,畅通,50,从雄楚大道到珞喻路,83
2026/4/27 16:32,2,缓行,35.6,87.50%,12.50%,0.00%,虎泉街,畅通,30,从卓刀泉南路到民族大道,341
2026/4/27 16:32,2,缓行,35.6,87.50%,12.50%,0.00%,虎泉街,畅通,30,从民族大道到卓刀泉南路,160
2026/4/27 16:32,2,缓行,35.6,87.50%,12.50%,0.00%,鲁磨路,畅通,35,从珞喻路到喻家山北路,67
2026/4/27 16:32,2,缓行,35.6,87.50%,12.50%,0.00%,鲁磨路,畅通,35,从团山路到珞喻路,243
2026/4/27 16:34,2,缓行,33.1,75.00%,25.00%,0.00%,珞喻路,畅通,40,从珞狮路到喻家湖路,341
2026/4/27 16:34,2,缓行,33.1,75.00%,25.00%,0.00%,珞喻路,畅通,40,从喻家湖路到珞狮路,161
2026/4/27 16:34,2,缓行,33.1,75.00%,25.00%,0.00%,民族大道,畅通,50,从雄楚大道到珞喻路,83
2026/4/27 16:34,2,缓行,33.1,75.00%,25.00%,0.00%,虎泉街,畅通,30,从卓刀泉南路到民族大道,341
2026/4/27 16:34,2,缓行,33.1,75.00%,25.00%,0.00%,鲁磨路,畅通,35,从珞喻路到喻家山北路,67
2026/4/27 16:34,2,缓行,33.1,75.00%,25.00%,0.00%,鲁磨路,畅通,30,从团山路到珞喻路,243
2026/4/27 16:36,2,缓行,33.1,75.00%,25.00%,0.00%,珞喻路,畅通,40,从珞狮路到喻家湖路,341
2026/4/27 16:36,2,缓行,33.1,75.00%,25.00%,0.00%,珞喻路,畅通,40,从喻家湖路到珞狮路,161
2026/4/27 16:36,2,缓行,33.1,75.00%,25.00%,0.00%,民族大道,畅通,50,从雄楚大道到珞喻路,83
2026/4/27 16:36,2,缓行,33.1,75.00%,25.00%,0.00%,虎泉街,畅通,25,从卓刀泉南路到民族大道,341
2026/4/27 16:36,2,缓行,33.1,75.00%,25.00%,0.00%,鲁磨路,畅通,35,从珞喻路到喻家山北路,67
2026/4/27 16:36,2,缓行,33.1,75.00%,25.00%,0.00%,鲁磨路,畅通,35,从团山路到珞喻路,243
2026/4/27 16:38,2,缓行,33.1,75.00%,25.00%,0.00%,珞喻路,畅通,40,从珞狮路到喻家湖路,341
2026/4/27 16:38,2,缓行,33.1,75.00%,25.00%,0.00%,珞喻路,畅通,40,从喻家湖路到珞狮路,161
2026/4/27 16:38,2,缓行,33.1,75.00%,25.00%,0.00%,民族大道,畅通,50,从雄楚大道到珞喻路,83
2026/4/27 16:38,2,缓行,33.1,75.00%,25.00%,0.00%,虎泉街,畅通,25,从卓刀泉南路到民族大道,341
2026/4/27 16:38,2,缓行,33.1,75.00%,25.00%,0.00%,鲁磨路,畅通,35,从珞喻路到喻家山北路,67
2026/4/27 16:38,2,缓行,33.1,75.00%,25.00%,0.00%,鲁磨路,畅通,35,从团山路到珞喻路,243
2026/4/27 16:40,2,缓行,35.9,87.50%,12.50%,0.00%,珞喻路,畅通,40,从珞狮路到喻家湖路,341
2026/4/27 16:40,2,缓行,35.9,87.50%,12.50%,0.00%,珞喻路,畅通,45,从喻家湖路到珞狮路,161
2026/4/27 16:40,2,缓行,35.9,87.50%,12.50%,0.00%,民族大道,畅通,50,从雄楚大道到珞喻路,83
2026/4/27 16:40,2,缓行,35.9,87.50%,12.50%,0.00%,民族大道,畅通,37,从珞喻路到大学园路,258
2026/4/27 16:40,2,缓行,35.9,87.50%,12.50%,0.00%,虎泉街,畅通,25,从卓刀泉南路到民族大道,341
2026/4/27 16:40,2,缓行,35.9,87.50%,12.50%,0.00%,鲁磨路,畅通,35,从珞喻路到喻家山北路,67
2026/4/27 16:40,2,缓行,35.9,87.50%,12.50%,0.00%,鲁磨路,畅通,35,从团山路到珞喻路,243
2026/4/27 16:42,2,缓行,35.2,87.50%,12.50%,0.00%,珞喻路,畅通,40,从珞狮路到喻家湖路,341
2026/4/27 16:42,2,缓行,35.2,87.50%,12.50%,0.00%,珞喻路,畅通,40,从喻家湖路到珞狮路,161
2026/4/27 16:42,2,缓行,35.2,87.50%,12.50%,0.00%,民族大道,畅通,50,从雄楚大道到珞喻路,83
2026/4/27 16:42,2,缓行,35.2,87.50%,12.50%,0.00%,民族大道,畅通,37,从珞喻路到大学园路,258
2026/4/27 16:42,2,缓行,35.2,87.50%,12.50%,0.00%,虎泉街,畅通,25,从卓刀泉南路到民族大道,341
2026/4/27 16:42,2,缓行,35.2,87.50%,12.50%,0.00%,鲁磨路,畅通,35,从珞喻路到喻家山北路,67
2026/4/27 16:42,2,缓行,35.2,87.50%,12.50%,0.00%,鲁磨路,畅通,35,从团山路到珞喻路,243
2026/4/27 16:44,2,缓行,34.5,87.50%,12.50%,0.00%,珞喻路,畅通,40,从珞狮路到喻家湖路,341
2026/4/27 16:44,2,缓行,34.5,87.50%,12.50%,0.00%,珞喻路,畅通,35,从喻家湖路到珞狮路,161
2026/4/27 16:44,2,缓行,34.5,87.50%,12.50%,0.00%,民族大道,畅通,50,从雄楚大道到珞喻路,83
2026/4/27 16:44,2,缓行,34.5,87.50%,12.50%,0.00%,民族大道,畅通,36,从珞喻路到大学园路,258
2026/4/27 16:44,2,缓行,34.5,87.50%,12.50%,0.00%,虎泉街,畅通,25,从卓刀泉南路到民族大道,341
2026/4/27 16:44,2,缓行,34.5,87.50%,12.50%,0.00%,鲁磨路,畅通,35,从珞喻路到喻家山北路,67
2026/4/27 16:44,2,缓行,34.5,87.50%,12.50%,0.00%,鲁磨路,畅通,35,从团山路到珞喻路,243
2026/4/27 16:46,1,畅通,32.6,100.00%,0.00%,0.00%,珞喻路,畅通,40,从珞狮路到喻家湖路,341
2026/4/27 16:46,1,畅通,32.6,100.00%,0.00%,0.00%,珞喻路,畅通,35,从喻家湖路到珞狮路,161
2026/4/27 16:46,1,畅通,32.6,100.00%,0.00%,0.00%,民族大道,畅通,30,从汤逊湖北路到珞喻路,79
2026/4/27 16:46,1,畅通,32.6,100.00%,0.00%,0.00%,民族大道,畅通,36,从珞喻路到大学园路,258
2026/4/27 16:46,1,畅通,32.6,100.00%,0.00%,0.00%,虎泉街,畅通,30,从卓刀泉南路到民族大道,341
2026/4/27 16:46,1,畅通,32.6,100.00%,0.00%,0.00%,虎泉街,畅通,30,从民族大道到卓刀泉南路,160
2026/4/27 16:46,1,畅通,32.6,100.00%,0.00%,0.00%,鲁磨路,畅通,30,从珞喻路到喻家山北路,67
2026/4/27 16:46,1,畅通,32.6,100.00%,0.00%,0.00%,鲁磨路,畅通,30,从团山路到珞喻路,243
2026/4/27 16:48,1,畅通,32.6,100.00%,0.00%,0.00%,珞喻路,畅通,40,从珞狮路到喻家湖路,341
2026/4/27 16:48,1,畅通,32.6,100.00%,0.00%,0.00%,珞喻路,畅通,35,从喻家湖路到珞狮路,161
2026/4/27 16:48,1,畅通,32.6,100.00%,0.00%,0.00%,民族大道,畅通,30,从汤逊湖北路到珞喻路,79
2026/4/27 16:48,1,畅通,32.6,100.00%,0.00%,0.00%,民族大道,畅通,36,从珞喻路到大学园路,258
2026/4/27 16:48,1,畅通,32.6,100.00%,0.00%,0.00%,虎泉街,畅通,30,从卓刀泉南路到民族大道,341
2026/4/27 16:48,1,畅通,32.6,100.00%,0.00%,0.00%,虎泉街,畅通,30,从民族大道到卓刀泉南路,160
2026/4/27 16:48,1,畅通,32.6,100.00%,0.00%,0.00%,鲁磨路,畅通,30,从珞喻路到喻家山北路,67
2026/4/27 16:48,1,畅通,32.6,100.00%,0.00%,0.00%,鲁磨路,畅通,30,从团山路到珞喻路,243
2026/4/27 16:50,1,畅通,36.5,100.00%,0.00%,0.00%,珞喻路,畅通,40,从珞狮路到喻家湖路,341
2026/4/27 16:50,1,畅通,36.5,100.00%,0.00%,0.00%,珞喻路,畅通,40,从喻家湖路到珞狮路,161
2026/4/27 16:50,1,畅通,36.5,100.00%,0.00%,0.00%,民族大道,畅通,30,从汤逊湖北路到珞喻路,79
2026/4/27 16:50,1,畅通,36.5,100.00%,0.00%,0.00%,民族大道,畅通,37,从珞喻路到大学园路,258
2026/4/27 16:50,1,畅通,36.5,100.00%,0.00%,0.00%,虎泉街,畅通,50,从雄楚大道到民族大道,2
2026/4/27 16:50,1,畅通,36.5,100.00%,0.00%,0.00%,虎泉街,畅通,30,从民族大道到卓刀泉南路,160
2026/4/27 16:50,1,畅通,36.5,100.00%,0.00%,0.00%,鲁磨路,畅通,30,从珞喻路到喻家山北路,67
2026/4/27 16:50,1,畅通,36.5,100.00%,0.00%,0.00%,鲁磨路,畅通,35,从团山路到珞喻路,243
2026/4/27 16:52,1,畅通,33.4,100.00%,0.00%,0.00%,珞喻路,畅通,40,从珞狮路到喻家湖路,341
2026/4/27 16:52,1,畅通,33.4,100.00%,0.00%,0.00%,珞喻路,畅通,40,从喻家湖路到珞狮路,161
2026/4/27 16:52,1,畅通,33.4,100.00%,0.00%,0.00%,民族大道,畅通,30,从汤逊湖北路到珞喻路,79
2026/4/27 16:52,1,畅通,33.4,100.00%,0.00%,0.00%,民族大道,畅通,37,从珞喻路到大学园路,258
2026/4/27 16:52,1,畅通,33.4,100.00%,0.00%,0.00%,虎泉街,畅通,30,从卓刀泉南路到民族大道,341
2026/4/27 16:52,1,畅通,33.4,100.00%,0.00%,0.00%,虎泉街,畅通,25,从民族大道到卓刀泉南路,160
2026/4/27 16:52,1,畅通,33.4,100.00%,0.00%,0.00%,鲁磨路,畅通,30,从珞喻路到喻家山北路,67
2026/4/27 16:52,1,畅通,33.4,100.00%,0.00%,0.00%,鲁磨路,畅通,35,从团山路到珞喻路,243
2026/4/27 16:54,1,畅通,33.4,100.00%,0.00%,0.00%,珞喻路,畅通,40,从珞狮路到喻家湖路,341
2026/4/27 16:54,1,畅通,33.4,100.00%,0.00%,0.00%,珞喻路,畅通,40,从喻家湖路到珞狮路,161
2026/4/27 16:54,1,畅通,33.4,100.00%,0.00%,0.00%,民族大道,畅通,30,从汤逊湖北路到珞喻路,79
2026/4/27 16:54,1,畅通,33.4,100.00%,0.00%,0.00%,民族大道,畅通,37,从珞喻路到大学园路,258
2026/4/27 16:54,1,畅通,33.4,100.00%,0.00%,0.00%,虎泉街,畅通,30,从卓刀泉南路到民族大道,341
2026/4/27 16:54,1,畅通,33.4,100.00%,0.00%,0.00%,虎泉街,畅通,25,从民族大道到卓刀泉南路,160
2026/4/27 16:54,1,畅通,33.4,100.00%,0.00%,0.00%,鲁磨路,畅通,30,从珞喻路到喻家山北路,67
2026/4/27 16:54,1,畅通,33.4,100.00%,0.00%,0.00%,鲁磨路,畅通,35,从团山路到珞喻路,243
2026/4/27 16:56,1,畅通,37.1,100.00%,0.00%,0.00%,珞喻路,畅通,40,从珞狮路到喻家湖路,341
2026/4/27 16:56,1,畅通,37.1,100.00%,0.00%,0.00%,珞喻路,畅通,40,从喻家湖路到珞狮路,161
2026/4/27 16:56,1,畅通,37.1,100.00%,0.00%,0.00%,民族大道,畅通,35,从汤逊湖北路到珞喻路,79
2026/4/27 16:56,1,畅通,37.1,100.00%,0.00%,0.00%,民族大道,畅通,37,从珞喻路到大学园路,258
2026/4/27 16:56,1,畅通,37.1,100.00%,0.00%,0.00%,虎泉街,畅通,50,从雄楚大道到民族大道,2
2026/4/27 16:56,1,畅通,37.1,100.00%,0.00%,0.00%,虎泉街,畅通,30,从民族大道到卓刀泉南路,160
2026/4/27 16:56,1,畅通,37.1,100.00%,0.00%,0.00%,鲁磨路,畅通,30,从珞喻路到喻家山北路,67
2026/4/27 16:56,1,畅通,37.1,100.00%,0.00%,0.00%,鲁磨路,畅通,35,从团山路到珞喻路,243
2026/4/27 16:58,1,畅通,37.1,100.00%,0.00%,0.00%,珞喻路,畅通,40,从珞狮路到喻家湖路,341
2026/4/27 16:58,1,畅通,37.1,100.00%,0.00%,0.00%,珞喻路,畅通,40,从喻家湖路到珞狮路,161
2026/4/27 16:58,1,畅通,37.1,100.00%,0.00%,0.00%,民族大道,畅通,35,从汤逊湖北路到珞喻路,79
2026/4/27 16:58,1,畅通,37.1,100.00%,0.00%,0.00%,民族大道,畅通,37,从珞喻路到大学园路,258
2026/4/27 16:58,1,畅通,37.1,100.00%,0.00%,0.00%,虎泉街,畅通,50,从雄楚大道到民族大道,2
2026/4/27 16:58,1,畅通,37.1,100.00%,0.00%,0.00%,虎泉街,畅通,30,从民族大道到卓刀泉南路,160
2026/4/27 16:58,1,畅通,37.1,100.00%,0.00%,0.00%,鲁磨路,畅通,30,从珞喻路到喻家山北路,67
2026/4/27 16:58,1,畅通,37.1,100.00%,0.00%,0.00%,鲁磨路,畅通,35,从团山路到珞喻路,243
2026/4/27 17:00,1,畅通,33.4,100.00%,0.00%,0.00%,珞喻路,畅通,40,从珞狮路到喻家湖路,341
2026/4/27 17:00,1,畅通,33.4,100.00%,0.00%,0.00%,珞喻路,畅通,40,从喻家湖路到珞狮路,161
2026/4/27 17:00,1,畅通,33.4,100.00%,0.00%,0.00%,民族大道,畅通,35,从汤逊湖北路到珞喻路,79
2026/4/27 17:00,1,畅通,33.4,100.00%,0.00%,0.00%,民族大道,畅通,37,从珞喻路到大学园路,258
2026/4/27 17:00,1,畅通,33.4,100.00%,0.00%,0.00%,虎泉街,畅通,25,从卓刀泉南路到民族大道,341
2026/4/27 17:00,1,畅通,33.4,100.00%,0.00%,0.00%,虎泉街,畅通,30,从民族大道到卓刀泉南路,160
2026/4/27 17:00,1,畅通,33.4,100.00%,0.00%,0.00%,鲁磨路,畅通,30,从珞喻路到喻家山北路,67
2026/4/27 17:00,1,畅通,33.4,100.00%,0.00%,0.00%,鲁磨路,畅通,30,从团山路到珞喻路,243
2026/4/27 17:02,1,畅通,32.8,100.00%,0.00%,0.00%,珞喻路,畅通,40,从珞狮路到喻家湖路,341
2026/4/27 17:02,1,畅通,32.8,100.00%,0.00%,0.00%,珞喻路,畅通,40,从喻家湖路到珞狮路,161
2026/4/27 17:02,1,畅通,32.8,100.00%,0.00%,0.00%,民族大道,畅通,30,从汤逊湖北路到珞喻路,79
2026/4/27 17:02,1,畅通,32.8,100.00%,0.00%,0.00%,民族大道,畅通,37,从珞喻路到大学园路,258
2026/4/27 17:02,1,畅通,32.8,100.00%,0.00%,0.00%,虎泉街,畅通,30,从卓刀泉南路到民族大道,341
2026/4/27 17:02,1,畅通,32.8,100.00%,0.00%,0.00%,虎泉街,畅通,25,从民族大道到卓刀泉南路,160
2026/4/27 17:02,1,畅通,32.8,100.00%,0.00%,0.00%,鲁磨路,畅通,30,从珞喻路到喻家山北路,67
2026/4/27 17:02,1,畅通,32.8,100.00%,0.00%,0.00%,鲁磨路,畅通,30,从团山路到珞喻路,243
2026/4/27 17:04,1,畅通,32.8,100.00%,0.00%,0.00%,珞喻路,畅通,40,从珞狮路到喻家湖路,341
2026/4/27 17:04,1,畅通,32.8,100.00%,0.00%,0.00%,珞喻路,畅通,40,从喻家湖路到珞狮路,161
2026/4/27 17:04,1,畅通,32.8,100.00%,0.00%,0.00%,民族大道,畅通,35,从汤逊湖北路到珞喻路,79
2026/4/27 17:04,1,畅通,32.8,100.00%,0.00%,0.00%,民族大道,畅通,32,从珞喻路到大学园路,258
2026/4/27 17:04,1,畅通,32.8,100.00%,0.00%,0.00%,虎泉街,畅通,25,从卓刀泉南路到民族大道,341
2026/4/27 17:04,1,畅通,32.8,100.00%,0.00%,0.00%,虎泉街,畅通,30,从民族大道到卓刀泉南路,160
2026/4/27 17:04,1,畅通,32.8,100.00%,0.00%,0.00%,鲁磨路,畅通,30,从珞喻路到喻家山北路,67
2026/4/27 17:04,1,畅通,32.8,100.00%,0.00%,0.00%,鲁磨路,畅通,30,从团山路到珞喻路,243
2026/4/27 17:06,1,畅通,35.9,100.00%,0.00%,0.00%,珞喻路,畅通,40,从珞狮路到喻家湖路,341
2026/4/27 17:06,1,畅通,35.9,100.00%,0.00%,0.00%,珞喻路,畅通,40,从喻家湖路到珞狮路,161
2026/4/27 17:06,1,畅通,35.9,100.00%,0.00%,0.00%,民族大道,畅通,30,从汤逊湖北路到珞喻路,79
2026/4/27 17:06,1,畅通,35.9,100.00%,0.00%,0.00%,民族大道,畅通,37,从珞喻路到大学园路,258
2026/4/27 17:06,1,畅通,35.9,100.00%,0.00%,0.00%,虎泉街,畅通,50,从雄楚大道到民族大道,2
2026/4/27 17:06,1,畅通,35.9,100.00%,0.00%,0.00%,虎泉街,畅通,30,从民族大道到卓刀泉南路,160
2026/4/27 17:06,1,畅通,35.9,100.00%,0.00%,0.00%,鲁磨路,畅通,30,从珞喻路到喻家山北路,67
2026/4/27 17:06,1,畅通,35.9,100.00%,0.00%,0.00%,鲁磨路,畅通,30,从团山路到珞喻路,243
2026/4/27 17:08,2,缓行,33.1,87.50%,12.50%,0.00%,珞喻路,畅通,40,从珞狮路到喻家湖路,341
2026/4/27 17:08,2,缓行,33.1,87.50%,12.50%,0.00%,珞喻路,畅通,40,从喻家湖路到珞狮路,161
2026/4/27 17:08,2,缓行,33.1,87.50%,12.50%,0.00%,民族大道,畅通,30,从汤逊湖北路到珞喻路,79
2026/4/27 17:08,2,缓行,33.1,87.50%,12.50%,0.00%,虎泉街,畅通,50,从雄楚大道到民族大道,2
2026/4/27 17:08,2,缓行,33.1,87.50%,12.50%,0.00%,虎泉街,畅通,25,从民族大道到卓刀泉南路,160
2026/4/27 17:08,2,缓行,33.1,87.50%,12.50%,0.00%,鲁磨路,畅通,30,从珞喻路到喻家山北路,67
2026/4/27 17:08,2,缓行,33.1,87.50%,12.50%,0.00%,鲁磨路,畅通,30,从团山路到珞喻路,243
2026/4/27 17:10,2,缓行,35.6,87.50%,12.50%,0.00%,珞喻路,畅通,40,从珞狮路到喻家湖路,341
2026/4/27 17:10,2,缓行,35.6,87.50%,12.50%,0.00%,珞喻路,畅通,40,从喻家湖路到珞狮路,161
2026/4/27 17:10,2,缓行,35.6,87.50%,12.50%,0.00%,民族大道,畅通,35,从汤逊湖北路到珞喻路,79
2026/4/27 17:10,2,缓行,35.6,87.50%,12.50%,0.00%,虎泉街,畅通,50,从雄楚大道到民族大道,2
2026/4/27 17:10,2,缓行,35.6,87.50%,12.50%,0.00%,虎泉街,畅通,30,从民族大道到卓刀泉南路,160
2026/4/27 17:10,2,缓行,35.6,87.50%,12.50%,0.00%,鲁磨路,畅通,35,从珞喻路到喻家山北路,67
2026/4/27 17:10,2,缓行,35.6,87.50%,12.50%,0.00%,鲁磨路,畅通,30,从团山路到珞喻路,243
2026/4/27 17:12,2,缓行,31.9,87.50%,12.50%,0.00%,珞喻路,畅通,40,从珞狮路到喻家湖路,341
2026/4/27 17:12,2,缓行,31.9,87.50%,12.50%,0.00%,珞喻路,畅通,40,从喻家湖路到珞狮路,161
2026/4/27 17:12,2,缓行,31.9,87.50%,12.50%,0.00%,民族大道,畅通,35,从汤逊湖北路到珞喻路,79
2026/4/27 17:12,2,缓行,31.9,87.50%,12.50%,0.00%,虎泉街,畅通,25,从卓刀泉南路到民族大道,341
2026/4/27 17:12,2,缓行,31.9,87.50%,12.50%,0.00%,虎泉街,畅通,30,从民族大道到卓刀泉南路,160
2026/4/27 17:12,2,缓行,31.9,87.50%,12.50%,0.00%,鲁磨路,畅通,30,从珞喻路到喻家山北路,67
2026/4/27 17:12,2,缓行,31.9,87.50%,12.50%,0.00%,鲁磨路,畅通,30,从团山路到珞喻路,243
2026/4/27 17:14,2,缓行,32.5,75.00%,25.00%,0.00%,珞喻路,畅通,40,从珞狮路到喻家湖路,341
2026/4/27 17:14,2,缓行,32.5,75.00%,25.00%,0.00%,珞喻路,畅通,40,从喻家湖路到珞狮路,161
2026/4/27 17:14,2,缓行,32.5,75.00%,25.00%,0.00%,民族大道,畅通,30,从汤逊湖北路到珞喻路,79
2026/4/27 17:14,2,缓行,32.5,75.00%,25.00%,0.00%,虎泉街,畅通,50,从雄楚大道到民族大道,2
2026/4/27 17:14,2,缓行,32.5,75.00%,25.00%,0.00%,鲁磨路,畅通,30,从珞喻路到喻家山北路,67
2026/4/27 17:14,2,缓行,32.5,75.00%,25.00%,0.00%,鲁磨路,畅通,30,从团山路到珞喻路,243
2026/4/27 17:16,2,缓行,32.5,75.00%,25.00%,0.00%,珞喻路,畅通,40,从珞狮路到喻家湖路,341
2026/4/27 17:16,2,缓行,32.5,75.00%,25.00%,0.00%,珞喻路,畅通,40,从喻家湖路到珞狮路,161
2026/4/27 17:16,2,缓行,32.5,75.00%,25.00%,0.00%,民族大道,畅通,30,从汤逊湖北路到珞喻路,79
2026/4/27 17:16,2,缓行,32.5,75.00%,25.00%,0.00%,虎泉街,畅通,50,从雄楚大道到民族大道,2
2026/4/27 17:16,2,缓行,32.5,75.00%,25.00%,0.00%,鲁磨路,畅通,30,从珞喻路到喻家山北路,67
2026/4/27 17:16,2,缓行,32.5,75.00%,25.00%,0.00%,鲁磨路,畅通,30,从团山路到珞喻路,243
2026/4/27 17:18,2,缓行,32.5,75.00%,12.50%,12.50%,民族大道,缓行,20,从珞喻路到南湖大道,263
2026/4/27 17:18,2,缓行,32.5,75.00%,12.50%,12.50%,珞喻路,畅通,45,从珞狮路到喻家湖路,341
2026/4/27 17:18,2,缓行,32.5,75.00%,12.50%,12.50%,珞喻路,畅通,45,从喻家湖路到珞狮路,161
2026/4/27 17:18,2,缓行,32.5,75.00%,12.50%,12.50%,民族大道,畅通,30,从汤逊湖北路到珞喻路,79
2026/4/27 17:18,2,缓行,32.5,75.00%,12.50%,12.50%,虎泉街,畅通,50,从雄楚大道到民族大道,2
2026/4/27 17:18,2,缓行,32.5,75.00%,12.50%,12.50%,鲁磨路,畅通,30,从珞喻路到喻家山北路,67
2026/4/27 17:18,2,缓行,32.5,75.00%,12.50%,12.50%,鲁磨路,畅通,30,从团山路到珞喻路,243
2026/4/27 17:20,2,缓行,30.6,75.00%,12.50%,12.50%,民族大道,缓行,15,从珞喻路到南湖大道,263
2026/4/27 17:20,2,缓行,30.6,75.00%,12.50%,12.50%,珞喻路,畅通,40,从珞狮路到喻家湖路,341
2026/4/27 17:20,2,缓行,30.6,75.00%,12.50%,12.50%,珞喻路,畅通,40,从喻家湖路到珞狮路,161
2026/4/27 17:20,2,缓行,30.6,75.00%,12.50%,12.50%,民族大道,畅通,30,从汤逊湖北路到珞喻路,79
2026/4/27 17:20,2,缓行,30.6,75.00%,12.50%,12.50%,虎泉街,畅通,50,从雄楚大道到民族大道,2
2026/4/27 17:20,2,缓行,30.6,75.00%,12.50%,12.50%,鲁磨路,畅通,30,从珞喻路到喻家山北路,67
2026/4/27 17:20,2,缓行,30.6,75.00%,12.50%,12.50%,鲁磨路,畅通,30,从团山路到珞喻路,243
2026/4/27 17:22,2,缓行,32.5,75.00%,25.00%,0.00%,民族大道,缓行,20,从珞喻路到南湖大道,263
2026/4/27 17:22,2,缓行,32.5,75.00%,25.00%,0.00%,珞喻路,畅通,40,从珞狮路到喻家湖路,341
2026/4/27 17:22,2,缓行,32.5,75.00%,25.00%,0.00%,珞喻路,畅通,40,从喻家湖路到珞狮路,161
2026/4/27 17:22,2,缓行,32.5,75.00%,25.00%,0.00%,虎泉街,畅通,50,从雄楚大道到民族大道,2
2026/4/27 17:22,2,缓行,32.5,75.00%,25.00%,0.00%,鲁磨路,畅通,30,从珞喻路到喻家山北路,67
2026/4/27 17:22,2,缓行,32.5,75.00%,25.00%,0.00%,鲁磨路,畅通,30,从团山路到珞喻路,243
2026/4/27 17:24,2,缓行,31.2,75.00%,25.00%,0.00%,民族大道,缓行,15,从珞喻路到南湖大道,263
2026/4/27 17:24,2,缓行,31.2,75.00%,25.00%,0.00%,珞喻路,畅通,40,从珞狮路到喻家湖路,341
2026/4/27 17:24,2,缓行,31.2,75.00%,25.00%,0.00%,珞喻路,畅通,40,从喻家湖路到珞狮路,161
2026/4/27 17:24,2,缓行,31.2,75.00%,25.00%,0.00%,民族大道,畅通,30,从汤逊湖北路到珞喻路,79
2026/4/27 17:24,2,缓行,31.2,75.00%,25.00%,0.00%,虎泉街,畅通,50,从雄楚大道到民族大道,2
2026/4/27 17:24,2,缓行,31.2,75.00%,25.00%,0.00%,鲁磨路,畅通,30,从珞喻路到喻家山北路,67
2026/4/27 17:24,2,缓行,31.2,75.00%,25.00%,0.00%,鲁磨路,畅通,30,从团山路到珞喻路,243
2026/4/27 17:26,2,缓行,34.4,75.00%,25.00%,0.00%,民族大道,缓行,20,从珞喻路到南湖大道,263
2026/4/27 17:26,2,缓行,34.4,75.00%,25.00%,0.00%,珞喻路,畅通,40,从珞狮路到喻家湖路,341
2026/4/27 17:26,2,缓行,34.4,75.00%,25.00%,0.00%,珞喻路,畅通,40,从喻家湖路到珞狮路,161
2026/4/27 17:26,2,缓行,34.4,75.00%,25.00%,0.00%,民族大道,畅通,50,从雄楚大道到珞喻路,83
2026/4/27 17:26,2,缓行,34.4,75.00%,25.00%,0.00%,虎泉街,畅通,50,从雄楚大道到民族大道,2
2026/4/27 17:26,2,缓行,34.4,75.00%,25.00%,0.00%,鲁磨路,畅通,30,从珞喻路到喻家山北路,67
2026/4/27 17:26,2,缓行,34.4,75.00%,25.00%,0.00%,鲁磨路,畅通,30,从团山路到珞喻路,243
2026/4/27 17:28,2,缓行,34.4,75.00%,25.00%,0.00%,民族大道,缓行,20,从珞喻路到南湖大道,263
2026/4/27 17:28,2,缓行,34.4,75.00%,25.00%,0.00%,珞喻路,畅通,40,从珞狮路到喻家湖路,341
2026/4/27 17:28,2,缓行,34.4,75.00%,25.00%,0.00%,珞喻路,畅通,40,从喻家湖路到珞狮路,161
2026/4/27 17:28,2,缓行,34.4,75.00%,25.00%,0.00%,民族大道,畅通,50,从雄楚大道到珞喻路,83
2026/4/27 17:28,2,缓行,34.4,75.00%,25.00%,0.00%,虎泉街,畅通,50,从雄楚大道到民族大道,2
2026/4/27 17:28,2,缓行,34.4,75.00%,25.00%,0.00%,鲁磨路,畅通,30,从珞喻路到喻家山北路,67
2026/4/27 17:28,2,缓行,34.4,75.00%,25.00%,0.00%,鲁磨路,畅通,30,从团山路到珞喻路,243
2026/4/27 17:30,2,缓行,35,87.50%,12.50%,0.00%,珞喻路,畅通,35,从珞狮路到喻家湖路,341
2026/4/27 17:30,2,缓行,35,87.50%,12.50%,0.00%,珞喻路,畅通,40,从喻家湖路到珞狮路,161
2026/4/27 17:30,2,缓行,35,87.50%,12.50%,0.00%,民族大道,畅通,50,从雄楚大道到珞喻路,83
2026/4/27 17:30,2,缓行,35,87.50%,12.50%,0.00%,虎泉街,畅通,50,从雄楚大道到民族大道,2
2026/4/27 17:30,2,缓行,35,87.50%,12.50%,0.00%,虎泉街,畅通,25,从民族大道到卓刀泉南路,160
2026/4/27 17:30,2,缓行,35,87.50%,12.50%,0.00%,鲁磨路,畅通,30,从珞喻路到喻家山北路,67
2026/4/27 17:30,2,缓行,35,87.50%,12.50%,0.00%,鲁磨路,畅通,30,从团山路到珞喻路,243
2026/4/27 17:32,2,缓行,35,87.50%,12.50%,0.00%,珞喻路,畅通,35,从珞狮路到喻家湖路,341
2026/4/27 17:32,2,缓行,35,87.50%,12.50%,0.00%,珞喻路,畅通,40,从喻家湖路到珞狮路,161
2026/4/27 17:32,2,缓行,35,87.50%,12.50%,0.00%,民族大道,畅通,50,从雄楚大道到珞喻路,83
2026/4/27 17:32,2,缓行,35,87.50%,12.50%,0.00%,虎泉街,畅通,50,从雄楚大道到民族大道,2
2026/4/27 17:32,2,缓行,35,87.50%,12.50%,0.00%,虎泉街,畅通,25,从民族大道到卓刀泉南路,160
2026/4/27 17:32,2,缓行,35,87.50%,12.50%,0.00%,鲁磨路,畅通,30,从珞喻路到喻家山北路,67
2026/4/27 17:32,2,缓行,35,87.50%,12.50%,0.00%,鲁磨路,畅通,30,从团山路到珞喻路,243
2026/4/27 17:34,2,缓行,35.6,87.50%,12.50%,0.00%,珞喻路,畅通,40,从珞狮路到喻家湖路,341
2026/4/27 17:34,2,缓行,35.6,87.50%,12.50%,0.00%,珞喻路,畅通,45,从喻家湖路到珞狮路,161
2026/4/27 17:34,2,缓行,35.6,87.50%,12.50%,0.00%,民族大道,畅通,50,从雄楚大道到珞喻路,83
2026/4/27 17:34,2,缓行,35.6,87.50%,12.50%,0.00%,虎泉街,畅通,50,从雄楚大道到民族大道,2
2026/4/27 17:34,2,缓行,35.6,87.50%,12.50%,0.00%,虎泉街,畅通,25,从民族大道到卓刀泉南路,160
2026/4/27 17:34,2,缓行,35.6,87.50%,12.50%,0.00%,鲁磨路,畅通,30,从珞喻路到喻家山北路,67
2026/4/27 17:34,2,缓行,35.6,87.50%,12.50%,0.00%,鲁磨路,畅通,30,从团山路到珞喻路,243
2026/4/27 17:36,2,缓行,35,87.50%,12.50%,0.00%,珞喻路,畅通,35,从珞狮路到喻家湖路,341
2026/4/27 17:36,2,缓行,35,87.50%,12.50%,0.00%,珞喻路,畅通,40,从喻家湖路到珞狮路,161
2026/4/27 17:36,2,缓行,35,87.50%,12.50%,0.00%,民族大道,畅通,50,从雄楚大道到珞喻路,83
2026/4/27 17:36,2,缓行,35,87.50%,12.50%,0.00%,虎泉街,畅通,50,从雄楚大道到民族大道,2
2026/4/27 17:36,2,缓行,35,87.50%,12.50%,0.00%,虎泉街,畅通,30,从民族大道到卓刀泉南路,160
2026/4/27 17:36,2,缓行,35,87.50%,12.50%,0.00%,鲁磨路,畅通,30,从珞喻路到喻家山北路,67
2026/4/27 17:36,2,缓行,35,87.50%,12.50%,0.00%,鲁磨路,畅通,30,从团山路到珞喻路,243
2026/4/27 17:38,2,缓行,33.8,87.50%,12.50%,0.00%,珞喻路,畅通,30,从珞狮路到喻家湖路,341
2026/4/27 17:38,2,缓行,33.8,87.50%,12.50%,0.00%,珞喻路,畅通,40,从喻家湖路到珞狮路,161
2026/4/27 17:38,2,缓行,33.8,87.50%,12.50%,0.00%,民族大道,畅通,50,从雄楚大道到珞喻路,83
2026/4/27 17:38,2,缓行,33.8,87.50%,12.50%,0.00%,虎泉街,畅通,50,从雄楚大道到民族大道,2
2026/4/27 17:38,2,缓行,33.8,87.50%,12.50%,0.00%,虎泉街,畅通,25,从民族大道到卓刀泉南路,160
2026/4/27 17:38,2,缓行,33.8,87.50%,12.50%,0.00%,鲁磨路,畅通,30,从珞喻路到喻家山北路,67
2026/4/27 17:38,2,缓行,33.8,87.50%,12.50%,0.00%,鲁磨路,畅通,30,从团山路到珞喻路,243
2026/4/27 17:40,2,缓行,33.8,87.50%,12.50%,0.00%,珞喻路,畅通,30,从珞狮路到喻家湖路,341
2026/4/27 17:40,2,缓行,33.8,87.50%,12.50%,0.00%,珞喻路,畅通,40,从喻家湖路到珞狮路,161
2026/4/27 17:40,2,缓行,33.8,87.50%,12.50%,0.00%,民族大道,畅通,50,从雄楚大道到珞喻路,83
2026/4/27 17:40,2,缓行,33.8,87.50%,12.50%,0.00%,虎泉街,畅通,50,从雄楚大道到民族大道,2
2026/4/27 17:40,2,缓行,33.8,87.50%,12.50%,0.00%,虎泉街,畅通,25,从民族大道到卓刀泉南路,160
2026/4/27 17:40,2,缓行,33.8,87.50%,12.50%,0.00%,鲁磨路,畅通,30,从珞喻路到喻家山北路,67
2026/4/27 17:40,2,缓行,33.8,87.50%,12.50%,0.00%,鲁磨路,畅通,30,从团山路到珞喻路,243
2026/4/27 17:42,2,缓行,33.3,77.78%,22.22%,0.00%,珞喻路,畅通,40,从喻家湖路到珞狮路,161
2026/4/27 17:42,2,缓行,33.3,77.78%,22.22%,0.00%,民族大道,畅通,50,从雄楚大道到珞喻路,83
2026/4/27 17:42,2,缓行,33.3,77.78%,22.22%,0.00%,虎泉街,畅通,50,从雄楚大道到民族大道,2
2026/4/27 17:42,2,缓行,33.3,77.78%,22.22%,0.00%,虎泉街,畅通,25,从民族大道到卓刀泉南路,160
2026/4/27 17:42,2,缓行,33.3,77.78%,22.22%,0.00%,鲁磨路,畅通,30,从珞喻路到喻家山北路,67
2026/4/27 17:42,2,缓行,33.3,77.78%,22.22%,0.00%,鲁磨路,畅通,30,从团山路到珞喻路,243
2026/4/27 17:44,2,缓行,34.4,87.50%,12.50%,0.00%,珞喻路,畅通,40,从喻家湖路到珞狮路,161
2026/4/27 17:44,2,缓行,34.4,87.50%,12.50%,0.00%,民族大道,畅通,50,从雄楚大道到珞喻路,83
2026/4/27 17:44,2,缓行,34.4,87.50%,12.50%,0.00%,虎泉街,畅通,50,从雄楚大道到民族大道,2
2026/4/27 17:44,2,缓行,34.4,87.50%,12.50%,0.00%,虎泉街,畅通,25,从民族大道到卓刀泉南路,160
2026/4/27 17:44,2,缓行,34.4,87.50%,12.50%,0.00%,鲁磨路,畅通,30,从珞喻路到喻家山北路,67
2026/4/27 17:44,2,缓行,34.4,87.50%,12.50%,0.00%,鲁磨路,畅通,30,从团山路到珞喻路,243
2026/4/27 17:46,2,缓行,32.2,77.78%,22.22%,0.00%,珞喻路,畅通,40,从喻家湖路到珞狮路,161
2026/4/27 17:46,2,缓行,32.2,77.78%,22.22%,0.00%,民族大道,畅通,50,从雄楚大道到珞喻路,83
2026/4/27 17:46,2,缓行,32.2,77.78%,22.22%,0.00%,虎泉街,畅通,50,从雄楚大道到民族大道,2
2026/4/27 17:46,2,缓行,32.2,77.78%,22.22%,0.00%,虎泉街,畅通,25,从民族大道到卓刀泉南路,160
2026/4/27 17:46,2,缓行,32.2,77.78%,22.22%,0.00%,鲁磨路,畅通,25,从珞喻路到喻家山北路,67
2026/4/27 17:46,2,缓行,32.2,77.78%,22.22%,0.00%,鲁磨路,畅通,30,从团山路到珞喻路,243
2026/4/27 17:48,2,缓行,32.2,77.78%,22.22%,0.00%,珞喻路,畅通,40,从喻家湖路到珞狮路,161
2026/4/27 17:48,2,缓行,32.2,77.78%,22.22%,0.00%,民族大道,畅通,50,从雄楚大道到珞喻路,83
2026/4/27 17:48,2,缓行,32.2,77.78%,22.22%,0.00%,虎泉街,畅通,50,从雄楚大道到民族大道,2
2026/4/27 17:48,2,缓行,32.2,77.78%,22.22%,0.00%,虎泉街,畅通,25,从民族大道到卓刀泉南路,160
2026/4/27 17:48,2,缓行,32.2,77.78%,22.22%,0.00%,鲁磨路,畅通,25,从珞喻路到喻家山北路,67
2026/4/27 17:48,2,缓行,32.2,77.78%,22.22%,0.00%,鲁磨路,畅通,30,从团山路到珞喻路,243
2026/4/27 17:50,2,缓行,33.9,77.78%,22.22%,0.00%,珞喻路,畅通,40,从喻家湖路到珞狮路,161
2026/4/27 17:50,2,缓行,33.9,77.78%,22.22%,0.00%,民族大道,畅通,50,从雄楚大道到珞喻路,83
2026/4/27 17:50,2,缓行,33.9,77.78%,22.22%,0.00%,虎泉街,畅通,50,从雄楚大道到民族大道,2
2026/4/27 17:50,2,缓行,33.9,77.78%,22.22%,0.00%,虎泉街,畅通,25,从民族大道到卓刀泉南路,160
2026/4/27 17:50,2,缓行,33.9,77.78%,22.22%,0.00%,鲁磨路,畅通,30,从珞喻路到喻家山北路,67
2026/4/27 17:50,2,缓行,33.9,77.78%,22.22%,0.00%,鲁磨路,畅通,30,从团山路到珞喻路,243
2026/4/27 17:52,2,缓行,32.8,77.78%,22.22%,0.00%,民族大道,缓行,15,从珞喻路到南湖大道,263
2026/4/27 17:52,2,缓行,32.8,77.78%,22.22%,0.00%,珞喻路,畅通,40,从喻家湖路到珞狮路,161
2026/4/27 17:52,2,缓行,32.8,77.78%,22.22%,0.00%,民族大道,畅通,50,从雄楚大道到珞喻路,83
2026/4/27 17:52,2,缓行,32.8,77.78%,22.22%,0.00%,虎泉街,畅通,50,从雄楚大道到民族大道,2
2026/4/27 17:52,2,缓行,32.8,77.78%,22.22%,0.00%,虎泉街,畅通,25,从民族大道到卓刀泉南路,160
2026/4/27 17:52,2,缓行,32.8,77.78%,22.22%,0.00%,鲁磨路,畅通,25,从珞喻路到喻家山北路,67
2026/4/27 17:52,2,缓行,32.8,77.78%,22.22%,0.00%,鲁磨路,畅通,30,从团山路到珞喻路,243
2026/4/27 17:54,2,缓行,33.9,77.78%,22.22%,0.00%,民族大道,缓行,20,从珞喻路到南湖大道,263
2026/4/27 17:54,2,缓行,33.9,77.78%,22.22%,0.00%,珞喻路,畅通,40,从喻家湖路到珞狮路,161
2026/4/27 17:54,2,缓行,33.9,77.78%,22.22%,0.00%,民族大道,畅通,50,从雄楚大道到珞喻路,83
2026/4/27 17:54,2,缓行,33.9,77.78%,22.22%,0.00%,虎泉街,畅通,50,从雄楚大道到民族大道,2
2026/4/27 17:54,2,缓行,33.9,77.78%,22.22%,0.00%,虎泉街,畅通,30,从民族大道到卓刀泉南路,160
2026/4/27 17:54,2,缓行,33.9,77.78%,22.22%,0.00%,鲁磨路,畅通,30,从珞喻路到喻家山北路,67
2026/4/27 17:54,2,缓行,33.9,77.78%,22.22%,0.00%,鲁磨路,畅通,30,从团山路到珞喻路,243
2026/4/27 17:56,2,缓行,33.9,66.67%,33.33%,0.00%,民族大道,缓行,20,从珞喻路到南湖大道,263
2026/4/27 17:56,2,缓行,33.9,66.67%,33.33%,0.00%,珞喻路,畅通,40,从喻家湖路到珞狮路,161
2026/4/27 17:56,2,缓行,33.9,66.67%,33.33%,0.00%,民族大道,畅通,50,从雄楚大道到珞喻路,83
2026/4/27 17:56,2,缓行,33.9,66.67%,33.33%,0.00%,虎泉街,畅通,50,从雄楚大道到民族大道,2
2026/4/27 17:56,2,缓行,33.9,66.67%,33.33%,0.00%,鲁磨路,畅通,35,从珞喻路到喻家山北路,67
2026/4/27 17:56,2,缓行,33.9,66.67%,33.33%,0.00%,鲁磨路,畅通,30,从团山路到珞喻路,243
2026/4/27 17:58,2,缓行,33.9,77.78%,22.22%,0.00%,民族大道,缓行,20,从珞喻路到南湖大道,263
2026/4/27 17:58,2,缓行,33.9,77.78%,22.22%,0.00%,珞喻路,畅通,40,从喻家湖路到珞狮路,161
2026/4/27 17:58,2,缓行,33.9,77.78%,22.22%,0.00%,民族大道,畅通,50,从雄楚大道到珞喻路,83
2026/4/27 17:58,2,缓行,33.9,77.78%,22.22%,0.00%,虎泉街,畅通,50,从雄楚大道到民族大道,2
2026/4/27 17:58,2,缓行,33.9,77.78%,22.22%,0.00%,虎泉街,畅通,25,从民族大道到卓刀泉南路,160
2026/4/27 17:58,2,缓行,33.9,77.78%,22.22%,0.00%,鲁磨路,畅通,30,从珞喻路到喻家山北路,67
2026/4/27 17:58,2,缓行,33.9,77.78%,22.22%,0.00%,鲁磨路,畅通,30,从团山路到珞喻路,243
2026/4/27 18:00,2,缓行,33.3,77.78%,22.22%,0.00%,民族大道,缓行,20,从珞喻路到南湖大道,263
2026/4/27 18:00,2,缓行,33.3,77.78%,22.22%,0.00%,珞喻路,畅通,40,从喻家湖路到珞狮路,161
2026/4/27 18:00,2,缓行,33.3,77.78%,22.22%,0.00%,民族大道,畅通,50,从雄楚大道到珞喻路,83
2026/4/27 18:00,2,缓行,33.3,77.78%,22.22%,0.00%,虎泉街,畅通,50,从雄楚大道到民族大道,2
2026/4/27 18:00,2,缓行,33.3,77.78%,22.22%,0.00%,虎泉街,畅通,25,从民族大道到卓刀泉南路,160
2026/4/27 18:00,2,缓行,33.3,77.78%,22.22%,0.00%,鲁磨路,畅通,30,从珞喻路到喻家山北路,67
2026/4/27 18:00,2,缓行,33.3,77.78%,22.22%,0.00%,鲁磨路,畅通,30,从团山路到珞喻路,243
2026/4/27 18:02,2,缓行,33.3,77.78%,22.22%,0.00%,民族大道,缓行,20,从珞喻路到南湖大道,263
2026/4/27 18:02,2,缓行,33.3,77.78%,22.22%,0.00%,珞喻路,畅通,40,从喻家湖路到珞狮路,161
2026/4/27 18:02,2,缓行,33.3,77.78%,22.22%,0.00%,民族大道,畅通,50,从雄楚大道到珞喻路,83
2026/4/27 18:02,2,缓行,33.3,77.78%,22.22%,0.00%,虎泉街,畅通,50,从雄楚大道到民族大道,2
2026/4/27 18:02,2,缓行,33.3,77.78%,22.22%,0.00%,虎泉街,畅通,25,从民族大道到卓刀泉南路,160
2026/4/27 18:02,2,缓行,33.3,77.78%,22.22%,0.00%,鲁磨路,畅通,30,从珞喻路到喻家山北路,67
2026/4/27 18:02,2,缓行,33.3,77.78%,22.22%,0.00%,鲁磨路,畅通,30,从团山路到珞喻路,243
2026/4/27 18:04,2,缓行,35,88.89%,11.11%,0.00%,珞喻路,畅通,40,从喻家湖路到珞狮路,161
2026/4/27 18:04,2,缓行,35,88.89%,11.11%,0.00%,民族大道,畅通,50,从雄楚大道到珞喻路,83
2026/4/27 18:04,2,缓行,35,88.89%,11.11%,0.00%,虎泉街,畅通,50,从雄楚大道到民族大道,2
2026/4/27 18:04,2,缓行,35,88.89%,11.11%,0.00%,虎泉街,畅通,25,从民族大道到卓刀泉南路,160
2026/4/27 18:04,2,缓行,35,88.89%,11.11%,0.00%,鲁磨路,畅通,30,从珞喻路到喻家山北路,67
2026/4/27 18:04,2,缓行,35,88.89%,11.11%,0.00%,鲁磨路,畅通,30,从团山路到珞喻路,243
2026/4/27 18:06,2,缓行,35,88.89%,11.11%,0.00%,珞喻路,畅通,40,从喻家湖路到珞狮路,161
2026/4/27 18:06,2,缓行,35,88.89%,11.11%,0.00%,民族大道,畅通,50,从雄楚大道到珞喻路,83
2026/4/27 18:06,2,缓行,35,88.89%,11.11%,0.00%,虎泉街,畅通,50,从雄楚大道到民族大道,2
2026/4/27 18:06,2,缓行,35,88.89%,11.11%,0.00%,虎泉街,畅通,25,从民族大道到卓刀泉南路,160
2026/4/27 18:06,2,缓行,35,88.89%,11.11%,0.00%,鲁磨路,畅通,30,从珞喻路到喻家山北路,67
2026/4/27 18:06,2,缓行,35,88.89%,11.11%,0.00%,鲁磨路,畅通,30,从团山路到珞喻路,243
2026/4/27 18:08,2,缓行,33.9,77.78%,22.22%,0.00%,珞喻路,畅通,40,从喻家湖路到珞狮路,161
2026/4/27 18:08,2,缓行,33.9,77.78%,22.22%,0.00%,民族大道,畅通,50,从雄楚大道到珞喻路,83
2026/4/27 18:08,2,缓行,33.9,77.78%,22.22%,0.00%,虎泉街,畅通,50,从雄楚大道到民族大道,2
2026/4/27 18:08,2,缓行,33.9,77.78%,22.22%,0.00%,虎泉街,畅通,25,从民族大道到卓刀泉南路,160
2026/4/27 18:08,2,缓行,33.9,77.78%,22.22%,0.00%,鲁磨路,畅通,30,从珞喻路到喻家山北路,67
2026/4/27 18:08,2,缓行,33.9,77.78%,22.22%,0.00%,鲁磨路,畅通,30,从团山路到珞喻路,243
2026/4/27 18:10,2,缓行,33.3,77.78%,22.22%,0.00%,珞喻路,畅通,40,从喻家湖路到珞狮路,161
2026/4/27 18:10,2,缓行,33.3,77.78%,22.22%,0.00%,民族大道,畅通,50,从雄楚大道到珞喻路,83
2026/4/27 18:10,2,缓行,33.3,77.78%,22.22%,0.00%,虎泉街,畅通,50,从雄楚大道到民族大道,2
2026/4/27 18:10,2,缓行,33.3,77.78%,22.22%,0.00%,虎泉街,畅通,25,从民族大道到卓刀泉南路,160
2026/4/27 18:10,2,缓行,33.3,77.78%,22.22%,0.00%,鲁磨路,畅通,30,从珞喻路到喻家山北路,67
2026/4/27 18:10,2,缓行,33.3,77.78%,22.22%,0.00%,鲁磨路,畅通,30,从团山路到珞喻路,243
2026/4/27 18:12,2,缓行,33.3,77.78%,22.22%,0.00%,珞喻路,畅通,40,从喻家湖路到珞狮路,161
2026/4/27 18:12,2,缓行,33.3,77.78%,22.22%,0.00%,民族大道,畅通,50,从雄楚大道到珞喻路,83
2026/4/27 18:12,2,缓行,33.3,77.78%,22.22%,0.00%,虎泉街,畅通,50,从雄楚大道到民族大道,2
2026/4/27 18:12,2,缓行,33.3,77.78%,22.22%,0.00%,虎泉街,畅通,25,从民族大道到卓刀泉南路,160
2026/4/27 18:12,2,缓行,33.3,77.78%,22.22%,0.00%,鲁磨路,畅通,30,从珞喻路到喻家山北路,67
2026/4/27 18:12,2,缓行,33.3,77.78%,22.22%,0.00%,鲁磨路,畅通,30,从团山路到珞喻路,243
2026/4/27 18:14,2,缓行,35,88.89%,11.11%,0.00%,珞喻路,畅通,40,从喻家湖路到珞狮路,161
2026/4/27 18:14,2,缓行,35,88.89%,11.11%,0.00%,民族大道,畅通,50,从雄楚大道到珞喻路,83
2026/4/27 18:14,2,缓行,35,88.89%,11.11%,0.00%,虎泉街,畅通,50,从雄楚大道到民族大道,2
2026/4/27 18:14,2,缓行,35,88.89%,11.11%,0.00%,虎泉街,畅通,30,从民族大道到卓刀泉南路,160
2026/4/27 18:14,2,缓行,35,88.89%,11.11%,0.00%,鲁磨路,畅通,30,从珞喻路到喻家山北路,67
2026/4/27 18:14,2,缓行,35,88.89%,11.11%,0.00%,鲁磨路,畅通,30,从团山路到珞喻路,243
2026/4/27 18:16,2,缓行,34.4,88.89%,11.11%,0.00%,珞喻路,畅通,40,从喻家湖路到珞狮路,161
2026/4/27 18:16,2,缓行,34.4,88.89%,11.11%,0.00%,民族大道,畅通,50,从雄楚大道到珞喻路,83
2026/4/27 18:16,2,缓行,34.4,88.89%,11.11%,0.00%,虎泉街,畅通,50,从雄楚大道到民族大道,2
2026/4/27 18:16,2,缓行,34.4,88.89%,11.11%,0.00%,虎泉街,畅通,30,从民族大道到卓刀泉南路,160
2026/4/27 18:16,2,缓行,34.4,88.89%,11.11%,0.00%,鲁磨路,畅通,30,从珞喻路到喻家山北路,67
2026/4/27 18:16,2,缓行,34.4,88.89%,11.11%,0.00%,鲁磨路,畅通,30,从团山路到珞喻路,243
2026/4/27 18:18,2,缓行,34.4,75.00%,25.00%,0.00%,民族大道,缓行,20,从珞喻路到南湖大道,263
2026/4/27 18:18,2,缓行,34.4,75.00%,25.00%,0.00%,珞喻路,畅通,40,从喻家湖路到珞狮路,161
2026/4/27 18:18,2,缓行,34.4,75.00%,25.00%,0.00%,民族大道,畅通,50,从雄楚大道到珞喻路,83
2026/4/27 18:18,2,缓行,34.4,75.00%,25.00%,0.00%,虎泉街,畅通,50,从雄楚大道到民族大道,2
2026/4/27 18:18,2,缓行,34.4,75.00%,25.00%,0.00%,鲁磨路,畅通,30,从珞喻路到喻家山北路,67
2026/4/27 18:18,2,缓行,34.4,75.00%,25.00%,0.00%,鲁磨路,畅通,30,从团山路到珞喻路,243
2026/4/27 18:20,2,缓行,34.2,88.89%,11.11%,0.00%,民族大道,缓行,15,从珞喻路到南湖大道,263
2026/4/27 18:20,2,缓行,34.2,88.89%,11.11%,0.00%,珞喻路,畅通,40,从喻家湖路到珞狮路,161
2026/4/27 18:20,2,缓行,34.2,88.89%,11.11%,0.00%,民族大道,畅通,50,从雄楚大道到珞喻路,83
2026/4/27 18:20,2,缓行,34.2,88.89%,11.11%,0.00%,虎泉街,畅通,50,从雄楚大道到民族大道,2
2026/4/27 18:20,2,缓行,34.2,88.89%,11.11%,0.00%,虎泉街,畅通,25,从民族大道到卓刀泉南路,160
2026/4/27 18:20,2,缓行,34.2,88.89%,11.11%,0.00%,鲁磨路,畅通,30,从珞喻路到喻家山北路,67
2026/4/27 18:20,2,缓行,34.2,88.89%,11.11%,0.00%,鲁磨路,畅通,30,从团山路到珞喻路,243
2026/4/27 18:22,2,缓行,35.3,88.89%,11.11%,0.00%,珞喻路,畅通,40,从喻家湖路到珞狮路,161
2026/4/27 18:22,2,缓行,35.3,88.89%,11.11%,0.00%,民族大道,畅通,50,从雄楚大道到珞喻路,83
2026/4/27 18:22,2,缓行,35.3,88.89%,11.11%,0.00%,虎泉街,畅通,50,从雄楚大道到民族大道,2
2026/4/27 18:22,2,缓行,35.3,88.89%,11.11%,0.00%,虎泉街,畅通,25,从民族大道到卓刀泉南路,160
2026/4/27 18:22,2,缓行,35.3,88.89%,11.11%,0.00%,鲁磨路,畅通,30,从珞喻路到喻家山北路,67
2026/4/27 18:22,2,缓行,35.3,88.89%,11.11%,0.00%,鲁磨路,畅通,30,从团山路到珞喻路,243
2026/4/27 18:24,2,缓行,35.3,88.89%,11.11%,0.00%,珞喻路,畅通,40,从喻家湖路到珞狮路,161
2026/4/27 18:24,2,缓行,35.3,88.89%,11.11%,0.00%,民族大道,畅通,50,从雄楚大道到珞喻路,83
2026/4/27 18:24,2,缓行,35.3,88.89%,11.11%,0.00%,虎泉街,畅通,50,从雄楚大道到民族大道,2
2026/4/27 18:24,2,缓行,35.3,88.89%,11.11%,0.00%,虎泉街,畅通,25,从民族大道到卓刀泉南路,160
2026/4/27 18:24,2,缓行,35.3,88.89%,11.11%,0.00%,鲁磨路,畅通,30,从珞喻路到喻家山北路,67
2026/4/27 18:24,2,缓行,35.3,88.89%,11.11%,0.00%,鲁磨路,畅通,30,从团山路到珞喻路,243
2026/4/27 18:26,2,缓行,34.8,88.89%,11.11%,0.00%,珞喻路,畅通,40,从喻家湖路到珞狮路,161
2026/4/27 18:26,2,缓行,34.8,88.89%,11.11%,0.00%,民族大道,畅通,50,从雄楚大道到珞喻路,83
2026/4/27 18:26,2,缓行,34.8,88.89%,11.11%,0.00%,虎泉街,畅通,50,从雄楚大道到民族大道,2
2026/4/27 18:26,2,缓行,34.8,88.89%,11.11%,0.00%,虎泉街,畅通,30,从民族大道到卓刀泉南路,160
2026/4/27 18:26,2,缓行,34.8,88.89%,11.11%,0.00%,鲁磨路,畅通,30,从珞喻路到喻家山北路,67
2026/4/27 18:26,2,缓行,34.8,88.89%,11.11%,0.00%,鲁磨路,畅通,30,从团山路到珞喻路,243
2026/4/27 18:28,2,缓行,34.8,88.89%,11.11%,0.00%,珞喻路,畅通,40,从喻家湖路到珞狮路,161
2026/4/27 18:28,2,缓行,34.8,88.89%,11.11%,0.00%,民族大道,畅通,50,从雄楚大道到珞喻路,83
2026/4/27 18:28,2,缓行,34.8,88.89%,11.11%,0.00%,虎泉街,畅通,50,从雄楚大道到民族大道,2
2026/4/27 18:28,2,缓行,34.8,88.89%,11.11%,0.00%,虎泉街,畅通,30,从民族大道到卓刀泉南路,160
2026/4/27 18:28,2,缓行,34.8,88.89%,11.11%,0.00%,鲁磨路,畅通,30,从珞喻路到喻家山北路,67
2026/4/27 18:28,2,缓行,34.8,88.89%,11.11%,0.00%,鲁磨路,畅通,30,从团山路到珞喻路,243
2026/4/27 18:30,2,缓行,38.7,90.00%,10.00%,0.00%,珞喻路,畅通,40,从喻家湖路到珞狮路,161
2026/4/27 18:30,2,缓行,38.7,90.00%,10.00%,0.00%,民族大道,畅通,50,从雄楚大道到珞喻路,83
2026/4/27 18:30,2,缓行,38.7,90.00%,10.00%,0.00%,虎泉街,畅通,50,从雄楚大道到民族大道,2
2026/4/27 18:30,2,缓行,38.7,90.00%,10.00%,0.00%,虎泉街,畅通,25,从民族大道到卓刀泉南路,160
2026/4/27 18:30,2,缓行,38.7,90.00%,10.00%,0.00%,鲁磨路,畅通,30,从珞喻路到喻家山北路,67
2026/4/27 18:30,2,缓行,38.7,90.00%,10.00%,0.00%,鲁磨路,畅通,30,从团山路到珞喻路,243
2026/4/27 18:32,2,缓行,38.7,90.00%,10.00%,0.00%,珞喻路,畅通,40,从喻家湖路到珞狮路,161
2026/4/27 18:32,2,缓行,38.7,90.00%,10.00%,0.00%,民族大道,畅通,50,从雄楚大道到珞喻路,83
2026/4/27 18:32,2,缓行,38.7,90.00%,10.00%,0.00%,虎泉街,畅通,50,从雄楚大道到民族大道,2
2026/4/27 18:32,2,缓行,38.7,90.00%,10.00%,0.00%,虎泉街,畅通,25,从民族大道到卓刀泉南路,160
2026/4/27 18:32,2,缓行,38.7,90.00%,10.00%,0.00%,鲁磨路,畅通,30,从珞喻路到喻家山北路,67
2026/4/27 18:32,2,缓行,38.7,90.00%,10.00%,0.00%,鲁磨路,畅通,30,从团山路到珞喻路,243
2026/4/27 18:34,2,缓行,36.3,88.89%,11.11%,0.00%,民族大道,缓行,15,从珞喻路到南湖大道,263
2026/4/27 18:34,2,缓行,36.3,88.89%,11.11%,0.00%,珞喻路,畅通,40,从喻家湖路到珞狮路,161
2026/4/27 18:34,2,缓行,36.3,88.89%,11.11%,0.00%,民族大道,畅通,50,从雄楚大道到珞喻路,83
2026/4/27 18:34,2,缓行,36.3,88.89%,11.11%,0.00%,虎泉街,畅通,50,从雄楚大道到民族大道,2
2026/4/27 18:34,2,缓行,36.3,88.89%,11.11%,0.00%,虎泉街,畅通,30,从民族大道到卓刀泉南路,160
2026/4/27 18:34,2,缓行,36.3,88.89%,11.11%,0.00%,鲁磨路,畅通,30,从珞喻路到喻家山北路,67
2026/4/27 18:34,2,缓行,36.3,88.89%,11.11%,0.00%,鲁磨路,畅通,30,从团山路到珞喻路,243
2026/4/27 18:36,2,缓行,36.9,88.89%,11.11%,0.00%,珞喻路,畅通,40,从喻家湖路到珞狮路,161
2026/4/27 18:36,2,缓行,36.9,88.89%,11.11%,0.00%,民族大道,畅通,50,从雄楚大道到珞喻路,83
2026/4/27 18:36,2,缓行,36.9,88.89%,11.11%,0.00%,虎泉街,畅通,50,从雄楚大道到民族大道,2
2026/4/27 18:36,2,缓行,36.9,88.89%,11.11%,0.00%,虎泉街,畅通,25,从民族大道到卓刀泉南路,160
2026/4/27 18:36,2,缓行,36.9,88.89%,11.11%,0.00%,鲁磨路,畅通,30,从珞喻路到喻家山北路,67
2026/4/27 18:36,2,缓行,36.9,88.89%,11.11%,0.00%,鲁磨路,畅通,30,从团山路到珞喻路,243
2026/4/27 18:38,2,缓行,34.8,88.89%,11.11%,0.00%,民族大道,缓行,20,从珞喻路到南湖大道,263
2026/4/27 18:38,2,缓行,34.8,88.89%,11.11%,0.00%,珞喻路,畅通,40,从喻家湖路到珞狮路,161
2026/4/27 18:38,2,缓行,34.8,88.89%,11.11%,0.00%,民族大道,畅通,50,从雄楚大道到珞喻路,83
2026/4/27 18:38,2,缓行,34.8,88.89%,11.11%,0.00%,虎泉街,畅通,50,从雄楚大道到民族大道,2
2026/4/27 18:38,2,缓行,34.8,88.89%,11.11%,0.00%,虎泉街,畅通,25,从民族大道到卓刀泉南路,160
2026/4/27 18:38,2,缓行,34.8,88.89%,11.11%,0.00%,鲁磨路,畅通,30,从珞喻路到喻家山北路,67
2026/4/27 18:38,2,缓行,34.8,88.89%,11.11%,0.00%,鲁磨路,畅通,30,从团山路到珞喻路,243
2026/4/27 18:40,2,缓行,35,87.50%,12.50%,0.00%,民族大道,缓行,20,从珞喻路到南湖大道,263
2026/4/27 18:40,2,缓行,35,87.50%,12.50%,0.00%,珞喻路,畅通,40,从喻家湖路到珞狮路,161
2026/4/27 18:40,2,缓行,35,87.50%,12.50%,0.00%,民族大道,畅通,50,从雄楚大道到珞喻路,83
2026/4/27 18:40,2,缓行,35,87.50%,12.50%,0.00%,虎泉街,畅通,50,从雄楚大道到民族大道,2
2026/4/27 18:40,2,缓行,35,87.50%,12.50%,0.00%,虎泉街,畅通,25,从民族大道到卓刀泉南路,160
2026/4/27 18:40,2,缓行,35,87.50%,12.50%,0.00%,鲁磨路,畅通,30,从珞喻路到喻家山北路,67
2026/4/27 18:40,2,缓行,35,87.50%,12.50%,0.00%,鲁磨路,畅通,35,从团山路到珞喻路,243
2026/4/27 18:42,2,缓行,35.6,87.50%,12.50%,0.00%,珞喻路,畅通,40,从喻家湖路到珞狮路,161
2026/4/27 18:42,2,缓行,35.6,87.50%,12.50%,0.00%,民族大道,畅通,50,从雄楚大道到珞喻路,83
2026/4/27 18:42,2,缓行,35.6,87.50%,12.50%,0.00%,虎泉街,畅通,50,从雄楚大道到民族大道,2
2026/4/27 18:42,2,缓行,35.6,87.50%,12.50%,0.00%,虎泉街,畅通,25,从民族大道到卓刀泉南路,160
2026/4/27 18:42,2,缓行,35.6,87.50%,12.50%,0.00%,鲁磨路,畅通,35,从珞喻路到喻家山北路,67
2026/4/27 18:42,2,缓行,35.6,87.50%,12.50%,0.00%,鲁磨路,畅通,30,从团山路到珞喻路,243
2026/4/27 18:44,1,畅通,35.6,100.00%,0.00%,0.00%,珞喻路,畅通,40,从喻家湖路到珞狮路,161
2026/4/27 18:44,1,畅通,35.6,100.00%,0.00%,0.00%,虎泉街,畅通,50,从雄楚大道到民族大道,2
2026/4/27 18:44,1,畅通,35.6,100.00%,0.00%,0.00%,虎泉街,畅通,30,从民族大道到卓刀泉南路,160
2026/4/27 18:44,1,畅通,35.6,100.00%,0.00%,0.00%,鲁磨路,畅通,30,从珞喻路到喻家山北路,67
2026/4/27 18:44,1,畅通,35.6,100.00%,0.00%,0.00%,鲁磨路,畅通,30,从团山路到珞喻路,243
2026/4/27 18:46,1,畅通,35.6,100.00%,0.00%,0.00%,珞喻路,畅通,40,从喻家湖路到珞狮路,161
2026/4/27 18:46,1,畅通,35.6,100.00%,0.00%,0.00%,虎泉街,畅通,50,从雄楚大道到民族大道,2
2026/4/27 18:46,1,畅通,35.6,100.00%,0.00%,0.00%,虎泉街,畅通,30,从民族大道到卓刀泉南路,160
2026/4/27 18:46,1,畅通,35.6,100.00%,0.00%,0.00%,鲁磨路,畅通,30,从珞喻路到喻家山北路,67
2026/4/27 18:46,1,畅通,35.6,100.00%,0.00%,0.00%,鲁磨路,畅通,30,从团山路到珞喻路,243
2026/4/27 18:48,2,缓行,33.1,87.50%,12.50%,0.00%,珞喻路,畅通,35,从珞狮路到喻家湖路,341
2026/4/27 18:48,2,缓行,33.1,87.50%,12.50%,0.00%,珞喻路,畅通,40,从喻家湖路到珞狮路,161
2026/4/27 18:48,2,缓行,33.1,87.50%,12.50%,0.00%,虎泉街,畅通,50,从雄楚大道到民族大道,2
2026/4/27 18:48,2,缓行,33.1,87.50%,12.50%,0.00%,虎泉街,畅通,30,从民族大道到卓刀泉南路,160
2026/4/27 18:48,2,缓行,33.1,87.50%,12.50%,0.00%,鲁磨路,畅通,30,从珞喻路到喻家山北路,67
2026/4/27 18:48,2,缓行,33.1,87.50%,12.50%,0.00%,鲁磨路,畅通,30,从团山路到珞喻路,243
2026/4/27 18:50,1,畅通,35.6,100.00%,0.00%,0.00%,珞喻路,畅通,35,从珞狮路到喻家湖路,341
2026/4/27 18:50,1,畅通,35.6,100.00%,0.00%,0.00%,珞喻路,畅通,40,从喻家湖路到珞狮路,161
2026/4/27 18:50,1,畅通,35.6,100.00%,0.00%,0.00%,虎泉街,畅通,50,从雄楚大道到民族大道,2
2026/4/27 18:50,1,畅通,35.6,100.00%,0.00%,0.00%,虎泉街,畅通,25,从民族大道到卓刀泉南路,160
2026/4/27 18:50,1,畅通,35.6,100.00%,0.00%,0.00%,鲁磨路,畅通,30,从珞喻路到喻家山北路,67
2026/4/27 18:50,1,畅通,35.6,100.00%,0.00%,0.00%,鲁磨路,畅通,35,从团山路到珞喻路,243
2026/4/27 18:52,2,缓行,35,87.50%,12.50%,0.00%,珞喻路,畅通,40,从珞狮路到喻家湖路,341
2026/4/27 18:52,2,缓行,35,87.50%,12.50%,0.00%,珞喻路,畅通,40,从喻家湖路到珞狮路,161
2026/4/27 18:52,2,缓行,35,87.50%,12.50%,0.00%,民族大道,畅通,50,从雄楚大道到珞喻路,83
2026/4/27 18:52,2,缓行,35,87.50%,12.50%,0.00%,虎泉街,畅通,50,从雄楚大道到民族大道,2
2026/4/27 18:52,2,缓行,35,87.50%,12.50%,0.00%,虎泉街,畅通,25,从民族大道到卓刀泉南路,160
2026/4/27 18:52,2,缓行,35,87.50%,12.50%,0.00%,鲁磨路,畅通,25,从珞喻路到喻家山北路,67
2026/4/27 18:52,2,缓行,35,87.50%,12.50%,0.00%,鲁磨路,畅通,30,从团山路到珞喻路,243
2026/4/27 18:54,2,缓行,35,87.50%,12.50%,0.00%,珞喻路,畅通,40,从珞狮路到喻家湖路,341
2026/4/27 18:54,2,缓行,35,87.50%,12.50%,0.00%,珞喻路,畅通,40,从喻家湖路到珞狮路,161
2026/4/27 18:54,2,缓行,35,87.50%,12.50%,0.00%,民族大道,畅通,50,从雄楚大道到珞喻路,83
2026/4/27 18:54,2,缓行,35,87.50%,12.50%,0.00%,虎泉街,畅通,50,从雄楚大道到民族大道,2
2026/4/27 18:54,2,缓行,35,87.50%,12.50%,0.00%,虎泉街,畅通,25,从民族大道到卓刀泉南路,160
2026/4/27 18:54,2,缓行,35,87.50%,12.50%,0.00%,鲁磨路,畅通,25,从珞喻路到喻家山北路,67
2026/4/27 18:54,2,缓行,35,87.50%,12.50%,0.00%,鲁磨路,畅通,30,从团山路到珞喻路,243
2026/4/27 18:56,2,缓行,36.2,87.50%,12.50%,0.00%,珞喻路,畅通,40,从珞狮路到喻家湖路,341
2026/4/27 18:56,2,缓行,36.2,87.50%,12.50%,0.00%,珞喻路,畅通,40,从喻家湖路到珞狮路,161
2026/4/27 18:56,2,缓行,36.2,87.50%,12.50%,0.00%,民族大道,畅通,50,从雄楚大道到珞喻路,83
2026/4/27 18:56,2,缓行,36.2,87.50%,12.50%,0.00%,虎泉街,畅通,50,从雄楚大道到民族大道,2
2026/4/27 18:56,2,缓行,36.2,87.50%,12.50%,0.00%,虎泉街,畅通,25,从民族大道到卓刀泉南路,160
2026/4/27 18:56,2,缓行,36.2,87.50%,12.50%,0.00%,鲁磨路,畅通,30,从珞喻路到喻家山北路,67
2026/4/27 18:56,2,缓行,36.2,87.50%,12.50%,0.00%,鲁磨路,畅通,30,从团山路到珞喻路,243
2026/4/27 18:58,2,缓行,36.2,87.50%,12.50%,0.00%,珞喻路,畅通,40,从珞狮路到喻家湖路,341
2026/4/27 18:58,2,缓行,36.2,87.50%,12.50%,0.00%,珞喻路,畅通,40,从喻家湖路到珞狮路,161
2026/4/27 18:58,2,缓行,36.2,87.50%,12.50%,0.00%,民族大道,畅通,50,从雄楚大道到珞喻路,83
2026/4/27 18:58,2,缓行,36.2,87.50%,12.50%,0.00%,虎泉街,畅通,50,从雄楚大道到民族大道,2
2026/4/27 18:58,2,缓行,36.2,87.50%,12.50%,0.00%,虎泉街,畅通,25,从民族大道到卓刀泉南路,160
2026/4/27 18:58,2,缓行,36.2,87.50%,12.50%,0.00%,鲁磨路,畅通,30,从珞喻路到喻家山北路,67
2026/4/27 18:58,2,缓行,36.2,87.50%,12.50%,0.00%,鲁磨路,畅通,30,从团山路到珞喻路,243
2026/4/27 19:00,1,畅通,36.2,100.00%,0.00%,0.00%,珞喻路,畅通,35,从珞狮路到喻家湖路,341
2026/4/27 19:00,1,畅通,36.2,100.00%,0.00%,0.00%,珞喻路,畅通,40,从喻家湖路到珞狮路,161
2026/4/27 19:00,1,畅通,36.2,100.00%,0.00%,0.00%,民族大道,畅通,50,从雄楚大道到珞喻路,83
2026/4/27 19:00,1,畅通,36.2,100.00%,0.00%,0.00%,民族大道,畅通,30,从珞喻路到南湖大道,263
2026/4/27 19:00,1,畅通,36.2,100.00%,0.00%,0.00%,虎泉街,畅通,50,从雄楚大道到民族大道,2
2026/4/27 19:00,1,畅通,36.2,100.00%,0.00%,0.00%,虎泉街,畅通,30,从民族大道到卓刀泉南路,160
2026/4/27 19:00,1,畅通,36.2,100.00%,0.00%,0.00%,鲁磨路,畅通,25,从珞喻路到喻家山北路,67
2026/4/27 19:00,1,畅通,36.2,100.00%,0.00%,0.00%,鲁磨路,畅通,30,从团山路到珞喻路,243
2026/4/27 19:02,1,畅通,42.1,100.00%,0.00%,0.00%,珞喻路,畅通,35,从珞狮路到喻家湖路,341
2026/4/27 19:02,1,畅通,42.1,100.00%,0.00%,0.00%,珞喻路,畅通,40,从喻家湖路到珞狮路,161
2026/4/27 19:02,1,畅通,42.1,100.00%,0.00%,0.00%,民族大道,畅通,50,从雄楚大道到珞喻路,83
2026/4/27 19:02,1,畅通,42.1,100.00%,0.00%,0.00%,民族大道,畅通,35,从珞喻路到南湖大道,263
2026/4/27 19:02,1,畅通,42.1,100.00%,0.00%,0.00%,虎泉街,畅通,50,从雄楚大道到民族大道,2
2026/4/27 19:02,1,畅通,42.1,100.00%,0.00%,0.00%,虎泉街,畅通,30,从民族大道到卓刀泉南路,160
2026/4/27 19:02,1,畅通,42.1,100.00%,0.00%,0.00%,鲁磨路,畅通,30,从珞喻路到喻家山北路,67
2026/4/27 19:02,1,畅通,42.1,100.00%,0.00%,0.00%,鲁磨路,畅通,30,从团山路到珞喻路,243
2026/4/27 19:04,2,缓行,33.9,77.78%,22.22%,0.00%,珞喻路,畅通,35,从珞狮路到喻家湖路,341
2026/4/27 19:04,2,缓行,33.9,77.78%,22.22%,0.00%,珞喻路,畅通,40,从喻家湖路到珞狮路,161
2026/4/27 19:04,2,缓行,33.9,77.78%,22.22%,0.00%,民族大道,畅通,50,从雄楚大道到珞喻路,83
2026/4/27 19:04,2,缓行,33.9,77.78%,22.22%,0.00%,民族大道,畅通,35,从珞喻路到南湖大道,263
2026/4/27 19:04,2,缓行,33.9,77.78%,22.22%,0.00%,虎泉街,畅通,50,从雄楚大道到民族大道,2
2026/4/27 19:04,2,缓行,33.9,77.78%,22.22%,0.00%,鲁磨路,畅通,25,从珞喻路到喻家山北路,67
2026/4/27 19:04,2,缓行,33.9,77.78%,22.22%,0.00%,鲁磨路,畅通,30,从团山路到珞喻路,243
2026/4/27 19:06,2,缓行,33.9,77.78%,22.22%,0.00%,珞喻路,畅通,35,从珞狮路到喻家湖路,341
2026/4/27 19:06,2,缓行,33.9,77.78%,22.22%,0.00%,珞喻路,畅通,40,从喻家湖路到珞狮路,161
2026/4/27 19:06,2,缓行,33.9,77.78%,22.22%,0.00%,民族大道,畅通,50,从雄楚大道到珞喻路,83
2026/4/27 19:06,2,缓行,33.9,77.78%,22.22%,0.00%,民族大道,畅通,35,从珞喻路到南湖大道,263
2026/4/27 19:06,2,缓行,33.9,77.78%,22.22%,0.00%,虎泉街,畅通,50,从雄楚大道到民族大道,2
2026/4/27 19:06,2,缓行,33.9,77.78%,22.22%,0.00%,鲁磨路,畅通,30,从珞喻路到喻家山北路,67
2026/4/27 19:06,2,缓行,33.9,77.78%,22.22%,0.00%,鲁磨路,畅通,30,从团山路到珞喻路,243
2026/4/27 19:08,2,缓行,33.3,77.78%,22.22%,0.00%,珞喻路,畅通,35,从珞狮路到喻家湖路,341
2026/4/27 19:08,2,缓行,33.3,77.78%,22.22%,0.00%,珞喻路,畅通,40,从喻家湖路到珞狮路,161
2026/4/27 19:08,2,缓行,33.3,77.78%,22.22%,0.00%,民族大道,畅通,50,从雄楚大道到珞喻路,83
2026/4/27 19:08,2,缓行,33.3,77.78%,22.22%,0.00%,虎泉街,畅通,50,从雄楚大道到民族大道,2
2026/4/27 19:08,2,缓行,33.3,77.78%,22.22%,0.00%,虎泉街,畅通,25,从民族大道到卓刀泉南路,160
2026/4/27 19:08,2,缓行,33.3,77.78%,22.22%,0.00%,鲁磨路,畅通,30,从珞喻路到喻家山北路,67
2026/4/27 19:08,2,缓行,33.3,77.78%,22.22%,0.00%,鲁磨路,畅通,30,从团山路到珞喻路,243
2026/4/27 19:10,2,缓行,33.3,77.78%,22.22%,0.00%,珞喻路,畅通,35,从珞狮路到喻家湖路,341
2026/4/27 19:10,2,缓行,33.3,77.78%,22.22%,0.00%,珞喻路,畅通,40,从喻家湖路到珞狮路,161
2026/4/27 19:10,2,缓行,33.3,77.78%,22.22%,0.00%,民族大道,畅通,50,从雄楚大道到珞喻路,83
2026/4/27 19:10,2,缓行,33.3,77.78%,22.22%,0.00%,虎泉街,畅通,50,从雄楚大道到民族大道,2
2026/4/27 19:10,2,缓行,33.3,77.78%,22.22%,0.00%,虎泉街,畅通,25,从民族大道到卓刀泉南路,160
2026/4/27 19:10,2,缓行,33.3,77.78%,22.22%,0.00%,鲁磨路,畅通,30,从珞喻路到喻家山北路,67
2026/4/27 19:10,2,缓行,33.3,77.78%,22.22%,0.00%,鲁磨路,畅通,30,从团山路到珞喻路,243
2026/4/27 19:12,2,缓行,34.8,77.78%,22.22%,0.00%,珞喻路,畅通,40,从珞狮路到喻家湖路,341
2026/4/27 19:12,2,缓行,34.8,77.78%,22.22%,0.00%,珞喻路,畅通,45,从喻家湖路到珞狮路,161
2026/4/27 19:12,2,缓行,34.8,77.78%,22.22%,0.00%,民族大道,畅通,50,从雄楚大道到珞喻路,83
2026/4/27 19:12,2,缓行,34.8,77.78%,22.22%,0.00%,民族大道,畅通,33,从珞喻路到大学园路,258
2026/4/27 19:12,2,缓行,34.8,77.78%,22.22%,0.00%,虎泉街,畅通,50,从雄楚大道到民族大道,2
2026/4/27 19:12,2,缓行,34.8,77.78%,22.22%,0.00%,鲁磨路,畅通,30,从珞喻路到喻家山北路,67
2026/4/27 19:12,2,缓行,34.8,77.78%,22.22%,0.00%,鲁磨路,畅通,30,从团山路到珞喻路,243
2026/4/27 19:14,2,缓行,35.1,88.89%,11.11%,0.00%,珞喻路,畅通,40,从珞狮路到喻家湖路,341
2026/4/27 19:14,2,缓行,35.1,88.89%,11.11%,0.00%,珞喻路,畅通,40,从喻家湖路到珞狮路,161
2026/4/27 19:14,2,缓行,35.1,88.89%,11.11%,0.00%,民族大道,畅通,50,从雄楚大道到珞喻路,83
2026/4/27 19:14,2,缓行,35.1,88.89%,11.11%,0.00%,民族大道,畅通,36,从珞喻路到大学园路,258
2026/4/27 19:14,2,缓行,35.1,88.89%,11.11%,0.00%,虎泉街,畅通,50,从雄楚大道到民族大道,2
2026/4/27 19:14,2,缓行,35.1,88.89%,11.11%,0.00%,虎泉街,畅通,25,从民族大道到卓刀泉南路,160
2026/4/27 19:14,2,缓行,35.1,88.89%,11.11%,0.00%,鲁磨路,畅通,30,从珞喻路到喻家山北路,67
2026/4/27 19:14,2,缓行,35.1,88.89%,11.11%,0.00%,鲁磨路,畅通,30,从团山路到珞喻路,243
2026/4/27 19:16,2,缓行,35.4,88.89%,11.11%,0.00%,珞喻路,畅通,40,从珞狮路到喻家湖路,341
2026/4/27 19:16,2,缓行,35.4,88.89%,11.11%,0.00%,珞喻路,畅通,40,从喻家湖路到珞狮路,161
2026/4/27 19:16,2,缓行,35.4,88.89%,11.11%,0.00%,民族大道,畅通,50,从雄楚大道到珞喻路,83
2026/4/27 19:16,2,缓行,35.4,88.89%,11.11%,0.00%,民族大道,畅通,33,从珞喻路到大学园路,258
2026/4/27 19:16,2,缓行,35.4,88.89%,11.11%,0.00%,虎泉街,畅通,50,从雄楚大道到民族大道,2
2026/4/27 19:16,2,缓行,35.4,88.89%,11.11%,0.00%,虎泉街,畅通,25,从民族大道到卓刀泉南路,160
2026/4/27 19:16,2,缓行,35.4,88.89%,11.11%,0.00%,鲁磨路,畅通,30,从珞喻路到喻家山北路,67
2026/4/27 19:16,2,缓行,35.4,88.89%,11.11%,0.00%,鲁磨路,畅通,30,从团山路到珞喻路,243
2026/4/27 19:18,1,畅通,37.8,100.00%,0.00%,0.00%,珞喻路,畅通,40,从珞狮路到喻家湖路,341
2026/4/27 19:18,1,畅通,37.8,100.00%,0.00%,0.00%,珞喻路,畅通,40,从喻家湖路到珞狮路,161
2026/4/27 19:18,1,畅通,37.8,100.00%,0.00%,0.00%,民族大道,畅通,50,从雄楚大道到珞喻路,83
2026/4/27 19:18,1,畅通,37.8,100.00%,0.00%,0.00%,民族大道,畅通,37,从珞喻路到大学园路,258
2026/4/27 19:18,1,畅通,37.8,100.00%,0.00%,0.00%,虎泉街,畅通,50,从雄楚大道到民族大道,2
2026/4/27 19:18,1,畅通,37.8,100.00%,0.00%,0.00%,虎泉街,畅通,25,从民族大道到卓刀泉南路,160
2026/4/27 19:18,1,畅通,37.8,100.00%,0.00%,0.00%,鲁磨路,畅通,30,从珞喻路到喻家山北路,67
2026/4/27 19:18,1,畅通,37.8,100.00%,0.00%,0.00%,鲁磨路,畅通,30,从团山路到珞喻路,243
2026/4/27 19:20,1,畅通,38.2,100.00%,0.00%,0.00%,珞喻路,畅通,40,从珞狮路到喻家湖路,341
2026/4/27 19:20,1,畅通,38.2,100.00%,0.00%,0.00%,珞喻路,畅通,40,从喻家湖路到珞狮路,161
2026/4/27 19:20,1,畅通,38.2,100.00%,0.00%,0.00%,民族大道,畅通,50,从雄楚大道到珞喻路,83
2026/4/27 19:20,1,畅通,38.2,100.00%,0.00%,0.00%,民族大道,畅通,36,从珞喻路到大学园路,258
2026/4/27 19:20,1,畅通,38.2,100.00%,0.00%,0.00%,虎泉街,畅通,50,从雄楚大道到民族大道,2
2026/4/27 19:20,1,畅通,38.2,100.00%,0.00%,0.00%,虎泉街,畅通,30,从民族大道到卓刀泉南路,160
2026/4/27 19:20,1,畅通,38.2,100.00%,0.00%,0.00%,鲁磨路,畅通,30,从珞喻路到喻家山北路,67
2026/4/27 19:20,1,畅通,38.2,100.00%,0.00%,0.00%,鲁磨路,畅通,30,从团山路到珞喻路,243
2026/4/27 19:22,1,畅通,38.2,100.00%,0.00%,0.00%,珞喻路,畅通,40,从珞狮路到喻家湖路,341
2026/4/27 19:22,1,畅通,38.2,100.00%,0.00%,0.00%,珞喻路,畅通,40,从喻家湖路到珞狮路,161
2026/4/27 19:22,1,畅通,38.2,100.00%,0.00%,0.00%,民族大道,畅通,50,从雄楚大道到珞喻路,83
2026/4/27 19:22,1,畅通,38.2,100.00%,0.00%,0.00%,民族大道,畅通,36,从珞喻路到大学园路,258
2026/4/27 19:22,1,畅通,38.2,100.00%,0.00%,0.00%,虎泉街,畅通,50,从雄楚大道到民族大道,2
2026/4/27 19:22,1,畅通,38.2,100.00%,0.00%,0.00%,虎泉街,畅通,30,从民族大道到卓刀泉南路,160
2026/4/27 19:22,1,畅通,38.2,100.00%,0.00%,0.00%,鲁磨路,畅通,30,从珞喻路到喻家山北路,67
2026/4/27 19:22,1,畅通,38.2,100.00%,0.00%,0.00%,鲁磨路,畅通,30,从团山路到珞喻路,243
2026/4/27 19:24,1,畅通,37.1,100.00%,0.00%,0.00%,珞喻路,畅通,35,从珞狮路到喻家湖路,341
2026/4/27 19:24,1,畅通,37.1,100.00%,0.00%,0.00%,珞喻路,畅通,40,从喻家湖路到珞狮路,161
2026/4/27 19:24,1,畅通,37.1,100.00%,0.00%,0.00%,民族大道,畅通,50,从雄楚大道到珞喻路,83
2026/4/27 19:24,1,畅通,37.1,100.00%,0.00%,0.00%,民族大道,畅通,32,从珞喻路到大学园路,258
2026/4/27 19:24,1,畅通,37.1,100.00%,0.00%,0.00%,虎泉街,畅通,50,从雄楚大道到民族大道,2
2026/4/27 19:24,1,畅通,37.1,100.00%,0.00%,0.00%,虎泉街,畅通,25,从民族大道到卓刀泉南路,160
2026/4/27 19:24,1,畅通,37.1,100.00%,0.00%,0.00%,鲁磨路,畅通,30,从珞喻路到喻家山北路,67
2026/4/27 19:24,1,畅通,37.1,100.00%,0.00%,0.00%,鲁磨路,畅通,35,从团山路到珞喻路,243
2026/4/27 19:26,1,畅通,37.1,100.00%,0.00%,0.00%,珞喻路,畅通,35,从珞狮路到喻家湖路,341
2026/4/27 19:26,1,畅通,37.1,100.00%,0.00%,0.00%,珞喻路,畅通,40,从喻家湖路到珞狮路,161
2026/4/27 19:26,1,畅通,37.1,100.00%,0.00%,0.00%,民族大道,畅通,50,从雄楚大道到珞喻路,83
2026/4/27 19:26,1,畅通,37.1,100.00%,0.00%,0.00%,民族大道,畅通,32,从珞喻路到大学园路,258
2026/4/27 19:26,1,畅通,37.1,100.00%,0.00%,0.00%,虎泉街,畅通,50,从雄楚大道到民族大道,2
2026/4/27 19:26,1,畅通,37.1,100.00%,0.00%,0.00%,虎泉街,畅通,25,从民族大道到卓刀泉南路,160
2026/4/27 19:26,1,畅通,37.1,100.00%,0.00%,0.00%,鲁磨路,畅通,30,从珞喻路到喻家山北路,67
2026/4/27 19:26,1,畅通,37.1,100.00%,0.00%,0.00%,鲁磨路,畅通,35,从团山路到珞喻路,243
2026/4/27 19:28,1,畅通,35.8,100.00%,0.00%,0.00%,珞喻路,畅通,40,从珞狮路到喻家湖路,341
2026/4/27 19:28,1,畅通,35.8,100.00%,0.00%,0.00%,珞喻路,畅通,45,从喻家湖路到珞狮路,161
2026/4/27 19:28,1,畅通,35.8,100.00%,0.00%,0.00%,民族大道,畅通,50,从雄楚大道到珞喻路,83
2026/4/27 19:28,1,畅通,35.8,100.00%,0.00%,0.00%,民族大道,畅通,36,从珞喻路到大学园路,258
2026/4/27 19:28,1,畅通,35.8,100.00%,0.00%,0.00%,虎泉街,畅通,30,从卓刀泉南路到民族大道,341
2026/4/27 19:28,1,畅通,35.8,100.00%,0.00%,0.00%,虎泉街,畅通,25,从民族大道到卓刀泉南路,160
2026/4/27 19:28,1,畅通,35.8,100.00%,0.00%,0.00%,鲁磨路,畅通,30,从珞喻路到喻家山北路,67
2026/4/27 19:28,1,畅通,35.8,100.00%,0.00%,0.00%,鲁磨路,畅通,30,从团山路到珞喻路,243
2026/4/27 19:30,2,缓行,35,87.50%,12.50%,0.00%,珞喻路,畅通,40,从珞狮路到喻家湖路,341
2026/4/27 19:30,2,缓行,35,87.50%,12.50%,0.00%,珞喻路,畅通,45,从喻家湖路到珞狮路,161
2026/4/27 19:30,2,缓行,35,87.50%,12.50%,0.00%,民族大道,畅通,50,从雄楚大道到珞喻路,83
2026/4/27 19:30,2,缓行,35,87.50%,12.50%,0.00%,虎泉街,畅通,30,从卓刀泉南路到民族大道,341
2026/4/27 19:30,2,缓行,35,87.50%,12.50%,0.00%,虎泉街,畅通,30,从民族大道到卓刀泉南路,160
2026/4/27 19:30,2,缓行,35,87.50%,12.50%,0.00%,鲁磨路,畅通,30,从珞喻路到喻家山北路,67
2026/4/27 19:30,2,缓行,35,87.50%,12.50%,0.00%,鲁磨路,畅通,30,从团山路到珞喻路,243
2026/4/27 19:32,1,畅通,34.6,100.00%,0.00%,0.00%,珞喻路,畅通,40,从珞狮路到喻家湖路,341
2026/4/27 19:32,1,畅通,34.6,100.00%,0.00%,0.00%,珞喻路,畅通,40,从喻家湖路到珞狮路,161
2026/4/27 19:32,1,畅通,34.6,100.00%,0.00%,0.00%,民族大道,畅通,50,从雄楚大道到珞喻路,83
2026/4/27 19:32,1,畅通,34.6,100.00%,0.00%,0.00%,民族大道,畅通,32,从珞喻路到大学园路,258
2026/4/27 19:32,1,畅通,34.6,100.00%,0.00%,0.00%,虎泉街,畅通,30,从卓刀泉南路到民族大道,341
2026/4/27 19:32,1,畅通,34.6,100.00%,0.00%,0.00%,虎泉街,畅通,25,从民族大道到卓刀泉南路,160
2026/4/27 19:32,1,畅通,34.6,100.00%,0.00%,0.00%,鲁磨路,畅通,30,从珞喻路到喻家山北路,67
2026/4/27 19:32,1,畅通,34.6,100.00%,0.00%,0.00%,鲁磨路,畅通,30,从团山路到珞喻路,243
2026/4/27 19:34,1,畅通,35.2,100.00%,0.00%,0.00%,珞喻路,畅通,40,从珞狮路到喻家湖路,341
2026/4/27 19:34,1,畅通,35.2,100.00%,0.00%,0.00%,珞喻路,畅通,40,从喻家湖路到珞狮路,161
2026/4/27 19:34,1,畅通,35.2,100.00%,0.00%,0.00%,民族大道,畅通,50,从雄楚大道到珞喻路,83
2026/4/27 19:34,1,畅通,35.2,100.00%,0.00%,0.00%,民族大道,畅通,32,从珞喻路到大学园路,258
2026/4/27 19:34,1,畅通,35.2,100.00%,0.00%,0.00%,虎泉街,畅通,30,从卓刀泉南路到民族大道,341
2026/4/27 19:34,1,畅通,35.2,100.00%,0.00%,0.00%,虎泉街,畅通,30,从民族大道到卓刀泉南路,160
2026/4/27 19:34,1,畅通,35.2,100.00%,0.00%,0.00%,鲁磨路,畅通,30,从珞喻路到喻家山北路,67
2026/4/27 19:34,1,畅通,35.2,100.00%,0.00%,0.00%,鲁磨路,畅通,30,从团山路到珞喻路,243
2026/4/27 19:36,1,畅通,35.8,100.00%,0.00%,0.00%,珞喻路,畅通,35,从珞狮路到喻家湖路,341
2026/4/27 19:36,1,畅通,35.8,100.00%,0.00%,0.00%,珞喻路,畅通,40,从喻家湖路到珞狮路,161
2026/4/27 19:36,1,畅通,35.8,100.00%,0.00%,0.00%,民族大道,畅通,50,从雄楚大道到珞喻路,83
2026/4/27 19:36,1,畅通,35.8,100.00%,0.00%,0.00%,民族大道,畅通,36,从珞喻路到大学园路,258
2026/4/27 19:36,1,畅通,35.8,100.00%,0.00%,0.00%,虎泉街,畅通,30,从卓刀泉南路到民族大道,341
2026/4/27 19:36,1,畅通,35.8,100.00%,0.00%,0.00%,虎泉街,畅通,30,从民族大道到卓刀泉南路,160
2026/4/27 19:36,1,畅通,35.8,100.00%,0.00%,0.00%,鲁磨路,畅通,30,从珞喻路到喻家山北路,67
2026/4/27 19:36,1,畅通,35.8,100.00%,0.00%,0.00%,鲁磨路,畅通,35,从团山路到珞喻路,243
2026/4/27 19:38,1,畅通,35.8,100.00%,0.00%,0.00%,珞喻路,畅通,40,从珞狮路到喻家湖路,341
2026/4/27 19:38,1,畅通,35.8,100.00%,0.00%,0.00%,珞喻路,畅通,40,从喻家湖路到珞狮路,161
2026/4/27 19:38,1,畅通,35.8,100.00%,0.00%,0.00%,民族大道,畅通,50,从雄楚大道到珞喻路,83
2026/4/27 19:38,1,畅通,35.8,100.00%,0.00%,0.00%,民族大道,畅通,36,从珞喻路到大学园路,258
2026/4/27 19:38,1,畅通,35.8,100.00%,0.00%,0.00%,虎泉街,畅通,30,从卓刀泉南路到民族大道,341
2026/4/27 19:38,1,畅通,35.8,100.00%,0.00%,0.00%,虎泉街,畅通,30,从民族大道到卓刀泉南路,160
2026/4/27 19:38,1,畅通,35.8,100.00%,0.00%,0.00%,鲁磨路,畅通,30,从珞喻路到喻家山北路,67
2026/4/27 19:38,1,畅通,35.8,100.00%,0.00%,0.00%,鲁磨路,畅通,30,从团山路到珞喻路,243
2026/4/27 19:40,1,畅通,35.9,100.00%,0.00%,0.00%,珞喻路,畅通,40,从珞狮路到喻家湖路,341
2026/4/27 19:40,1,畅通,35.9,100.00%,0.00%,0.00%,珞喻路,畅通,40,从喻家湖路到珞狮路,161
2026/4/27 19:40,1,畅通,35.9,100.00%,0.00%,0.00%,民族大道,畅通,50,从雄楚大道到珞喻路,83
2026/4/27 19:40,1,畅通,35.9,100.00%,0.00%,0.00%,民族大道,畅通,37,从珞喻路到大学园路,258
2026/4/27 19:40,1,畅通,35.9,100.00%,0.00%,0.00%,虎泉街,畅通,30,从卓刀泉南路到民族大道,341
2026/4/27 19:40,1,畅通,35.9,100.00%,0.00%,0.00%,虎泉街,畅通,30,从民族大道到卓刀泉南路,160
2026/4/27 19:40,1,畅通,35.9,100.00%,0.00%,0.00%,鲁磨路,畅通,30,从珞喻路到喻家山北路,67
2026/4/27 19:40,1,畅通,35.9,100.00%,0.00%,0.00%,鲁磨路,畅通,30,从团山路到珞喻路,243
2026/4/27 19:42,1,畅通,35.9,100.00%,0.00%,0.00%,珞喻路,畅通,40,从珞狮路到喻家湖路,341
2026/4/27 19:42,1,畅通,35.9,100.00%,0.00%,0.00%,珞喻路,畅通,40,从喻家湖路到珞狮路,161
2026/4/27 19:42,1,畅通,35.9,100.00%,0.00%,0.00%,民族大道,畅通,50,从雄楚大道到珞喻路,83
2026/4/27 19:42,1,畅通,35.9,100.00%,0.00%,0.00%,民族大道,畅通,37,从珞喻路到大学园路,258
2026/4/27 19:42,1,畅通,35.9,100.00%,0.00%,0.00%,虎泉街,畅通,30,从卓刀泉南路到民族大道,341
2026/4/27 19:42,1,畅通,35.9,100.00%,0.00%,0.00%,虎泉街,畅通,30,从民族大道到卓刀泉南路,160
2026/4/27 19:42,1,畅通,35.9,100.00%,0.00%,0.00%,鲁磨路,畅通,30,从珞喻路到喻家山北路,67
2026/4/27 19:42,1,畅通,35.9,100.00%,0.00%,0.00%,鲁磨路,畅通,30,从团山路到珞喻路,243
2026/4/27 19:44,1,畅通,38.2,100.00%,0.00%,0.00%,珞喻路,畅通,40,从珞狮路到喻家湖路,341
2026/4/27 19:44,1,畅通,38.2,100.00%,0.00%,0.00%,珞喻路,畅通,40,从喻家湖路到珞狮路,161
2026/4/27 19:44,1,畅通,38.2,100.00%,0.00%,0.00%,民族大道,畅通,50,从雄楚大道到珞喻路,83
2026/4/27 19:44,1,畅通,38.2,100.00%,0.00%,0.00%,民族大道,畅通,36,从珞喻路到大学园路,258
2026/4/27 19:44,1,畅通,38.2,100.00%,0.00%,0.00%,虎泉街,畅通,50,从雄楚大道到民族大道,2
2026/4/27 19:44,1,畅通,38.2,100.00%,0.00%,0.00%,虎泉街,畅通,30,从民族大道到卓刀泉南路,160
2026/4/27 19:44,1,畅通,38.2,100.00%,0.00%,0.00%,鲁磨路,畅通,30,从珞喻路到喻家山北路,67
2026/4/27 19:44,1,畅通,38.2,100.00%,0.00%,0.00%,鲁磨路,畅通,30,从团山路到珞喻路,243
2026/4/27 19:46,1,畅通,34.6,100.00%,0.00%,0.00%,珞喻路,畅通,40,从珞狮路到喻家湖路,341
2026/4/27 19:46,1,畅通,34.6,100.00%,0.00%,0.00%,珞喻路,畅通,40,从喻家湖路到珞狮路,161
2026/4/27 19:46,1,畅通,34.6,100.00%,0.00%,0.00%,民族大道,畅通,50,从雄楚大道到珞喻路,83
2026/4/27 19:46,1,畅通,34.6,100.00%,0.00%,0.00%,民族大道,畅通,37,从珞喻路到大学园路,258
2026/4/27 19:46,1,畅通,34.6,100.00%,0.00%,0.00%,虎泉街,畅通,25,从卓刀泉南路到民族大道,341
2026/4/27 19:46,1,畅通,34.6,100.00%,0.00%,0.00%,虎泉街,畅通,25,从民族大道到卓刀泉南路,160
2026/4/27 19:46,1,畅通,34.6,100.00%,0.00%,0.00%,鲁磨路,畅通,30,从珞喻路到喻家山北路,67
2026/4/27 19:46,1,畅通,34.6,100.00%,0.00%,0.00%,鲁磨路,畅通,30,从团山路到珞喻路,243
2026/4/27 19:48,1,畅通,34.6,100.00%,0.00%,0.00%,珞喻路,畅通,40,从珞狮路到喻家湖路,341
2026/4/27 19:48,1,畅通,34.6,100.00%,0.00%,0.00%,珞喻路,畅通,40,从喻家湖路到珞狮路,161
2026/4/27 19:48,1,畅通,34.6,100.00%,0.00%,0.00%,民族大道,畅通,50,从雄楚大道到珞喻路,83
2026/4/27 19:48,1,畅通,34.6,100.00%,0.00%,0.00%,民族大道,畅通,37,从珞喻路到大学园路,258
2026/4/27 19:48,1,畅通,34.6,100.00%,0.00%,0.00%,虎泉街,畅通,25,从卓刀泉南路到民族大道,341
2026/4/27 19:48,1,畅通,34.6,100.00%,0.00%,0.00%,虎泉街,畅通,25,从民族大道到卓刀泉南路,160
2026/4/27 19:48,1,畅通,34.6,100.00%,0.00%,0.00%,鲁磨路,畅通,30,从珞喻路到喻家山北路,67
2026/4/27 19:48,1,畅通,34.6,100.00%,0.00%,0.00%,鲁磨路,畅通,30,从团山路到珞喻路,243
