采集时间,整体路况代码,整体路况描述,平均车速(km/h),畅通率(%),拥堵率(%),阻塞率(%),道路名称,道路状态,速度(km/h),行驶方向,方向角度
2026-04-27 07:25:41,2,缓行,38.9,90.00%,10.00%,0.00%,珞喻路,畅通,45,从珞狮路到喻家湖路,341
2026-04-27 07:25:41,2,缓行,38.9,90.00%,10.00%,0.00%,虎泉街,畅通,30,从卓刀泉南路到民族大道,341
2026-04-27 07:25:41,2,缓行,38.9,90.00%,10.00%,0.00%,虎泉街,畅通,30,从民族大道到卓刀泉南路,160
2026-04-27 07:25:41,2,缓行,38.9,90.00%,10.00%,0.00%,鲁磨路,畅通,30,从珞喻路到喻家山北路,67
2026-04-27 07:25:41,2,缓行,38.9,90.00%,10.00%,0.00%,鲁磨路,畅通,35,从团山路到珞喻路,243
2026-04-27 07:25:43,2,缓行,38.9,90.00%,10.00%,0.00%,珞喻路,畅通,45,从珞狮路到喻家湖路,341
2026-04-27 07:25:43,2,缓行,38.9,90.00%,10.00%,0.00%,虎泉街,畅通,30,从卓刀泉南路到民族大道,341
2026-04-27 07:25:43,2,缓行,38.9,90.00%,10.00%,0.00%,虎泉街,畅通,30,从民族大道到卓刀泉南路,160
2026-04-27 07:25:43,2,缓行,38.9,90.00%,10.00%,0.00%,鲁磨路,畅通,30,从珞喻路到喻家山北路,67
2026-04-27 07:25:43,2,缓行,38.9,90.00%,10.00%,0.00%,鲁磨路,畅通,35,从团山路到珞喻路,243
2026-04-27 07:26:13,2,缓行,40.9,80.00%,20.00%,0.00%,民族大道,缓行,25,从珞喻路到南湖大道,263
2026-04-27 07:26:13,2,缓行,40.9,80.00%,20.00%,0.00%,珞喻路,畅通,45,从珞狮路到喻家湖路,341
2026-04-27 07:26:13,2,缓行,40.9,80.00%,20.00%,0.00%,民族大道,畅通,50,从雄楚大道到珞喻路,83
2026-04-27 07:26:13,2,缓行,40.9,80.00%,20.00%,0.00%,虎泉街,畅通,35,从卓刀泉南路到民族大道,341
2026-04-27 07:26:13,2,缓行,40.9,80.00%,20.00%,0.00%,虎泉街,畅通,30,从民族大道到卓刀泉南路,160
2026-04-27 07:26:13,2,缓行,40.9,80.00%,20.00%,0.00%,鲁磨路,畅通,35,从珞喻路到喻家山北路,67
2026-04-27 07:26:13,2,缓行,40.9,80.00%,20.00%,0.00%,鲁磨路,畅通,35,从团山路到珞喻路,243
2026-04-27 07:26:16,2,缓行,40.9,80.00%,20.00%,0.00%,民族大道,缓行,25,从珞喻路到南湖大道,263
2026-04-27 07:26:16,2,缓行,40.9,80.00%,20.00%,0.00%,珞喻路,畅通,45,从珞狮路到喻家湖路,341
2026-04-27 07:26:16,2,缓行,40.9,80.00%,20.00%,0.00%,民族大道,畅通,50,从雄楚大道到珞喻路,83
2026-04-27 07:26:16,2,缓行,40.9,80.00%,20.00%,0.00%,虎泉街,畅通,35,从卓刀泉南路到民族大道,341
2026-04-27 07:26:16,2,缓行,40.9,80.00%,20.00%,0.00%,虎泉街,畅通,30,从民族大道到卓刀泉南路,160
2026-04-27 07:26:16,2,缓行,40.9,80.00%,20.00%,0.00%,鲁磨路,畅通,35,从珞喻路到喻家山北路,67
2026-04-27 07:26:16,2,缓行,40.9,80.00%,20.00%,0.00%,鲁磨路,畅通,35,从团山路到珞喻路,243
2026-04-27 07:28:16,2,缓行,40.9,80.00%,20.00%,0.00%,民族大道,缓行,25,从珞喻路到南湖大道,263
2026-04-27 07:28:16,2,缓行,40.9,80.00%,20.00%,0.00%,珞喻路,畅通,45,从珞狮路到喻家湖路,341
2026-04-27 07:28:16,2,缓行,40.9,80.00%,20.00%,0.00%,民族大道,畅通,50,从雄楚大道到珞喻路,83
2026-04-27 07:28:16,2,缓行,40.9,80.00%,20.00%,0.00%,虎泉街,畅通,35,从卓刀泉南路到民族大道,341
2026-04-27 07:28:16,2,缓行,40.9,80.00%,20.00%,0.00%,虎泉街,畅通,30,从民族大道到卓刀泉南路,160
2026-04-27 07:28:16,2,缓行,40.9,80.00%,20.00%,0.00%,鲁磨路,畅通,35,从珞喻路到喻家山北路,67
2026-04-27 07:28:16,2,缓行,40.9,80.00%,20.00%,0.00%,鲁磨路,畅通,35,从团山路到珞喻路,243
2026-04-27 07:30:17,2,缓行,39.4,80.00%,20.00%,0.00%,民族大道,缓行,20,从珞喻路到南湖大道,263
2026-04-27 07:30:17,2,缓行,39.4,80.00%,20.00%,0.00%,珞喻路,畅通,40,从珞狮路到喻家湖路,341
2026-04-27 07:30:17,2,缓行,39.4,80.00%,20.00%,0.00%,民族大道,畅通,50,从雄楚大道到珞喻路,83
2026-04-27 07:30:17,2,缓行,39.4,80.00%,20.00%,0.00%,虎泉街,畅通,30,从卓刀泉南路到民族大道,341
2026-04-27 07:30:17,2,缓行,39.4,80.00%,20.00%,0.00%,虎泉街,畅通,30,从民族大道到卓刀泉南路,160
2026-04-27 07:30:17,2,缓行,39.4,80.00%,20.00%,0.00%,鲁磨路,畅通,35,从珞喻路到喻家山北路,67
2026-04-27 07:30:17,2,缓行,39.4,80.00%,20.00%,0.00%,鲁磨路,畅通,35,从团山路到珞喻路,243
2026-04-27 07:32:18,2,缓行,40.4,80.00%,20.00%,0.00%,民族大道,缓行,25,从珞喻路到南湖大道,263
2026-04-27 07:32:18,2,缓行,40.4,80.00%,20.00%,0.00%,珞喻路,畅通,45,从珞狮路到喻家湖路,341
2026-04-27 07:32:18,2,缓行,40.4,80.00%,20.00%,0.00%,民族大道,畅通,50,从雄楚大道到珞喻路,83
2026-04-27 07:32:18,2,缓行,40.4,80.00%,20.00%,0.00%,虎泉街,畅通,30,从卓刀泉南路到民族大道,341
2026-04-27 07:32:18,2,缓行,40.4,80.00%,20.00%,0.00%,虎泉街,畅通,30,从民族大道到卓刀泉南路,160
2026-04-27 07:32:18,2,缓行,40.4,80.00%,20.00%,0.00%,鲁磨路,畅通,35,从珞喻路到喻家山北路,67
2026-04-27 07:32:18,2,缓行,40.4,80.00%,20.00%,0.00%,鲁磨路,畅通,35,从团山路到珞喻路,243
2026-04-27 07:34:19,2,缓行,39.9,80.00%,20.00%,0.00%,珞喻路,畅通,45,从珞狮路到喻家湖路,341
2026-04-27 07:34:19,2,缓行,39.9,80.00%,20.00%,0.00%,民族大道,畅通,50,从雄楚大道到珞喻路,83
2026-04-27 07:34:19,2,缓行,39.9,80.00%,20.00%,0.00%,虎泉街,畅通,35,从卓刀泉南路到民族大道,341
2026-04-27 07:34:19,2,缓行,39.9,80.00%,20.00%,0.00%,虎泉街,畅通,35,从民族大道到卓刀泉南路,160
2026-04-27 07:34:19,2,缓行,39.9,80.00%,20.00%,0.00%,鲁磨路,畅通,30,从珞喻路到喻家山北路,67
2026-04-27 07:34:19,2,缓行,39.9,80.00%,20.00%,0.00%,鲁磨路,畅通,35,从团山路到珞喻路,243
2026-04-27 07:36:20,2,缓行,39.9,80.00%,20.00%,0.00%,珞喻路,畅通,45,从珞狮路到喻家湖路,341
2026-04-27 07:36:20,2,缓行,39.9,80.00%,20.00%,0.00%,民族大道,畅通,50,从雄楚大道到珞喻路,83
2026-04-27 07:36:20,2,缓行,39.9,80.00%,20.00%,0.00%,虎泉街,畅通,35,从卓刀泉南路到民族大道,341
2026-04-27 07:36:20,2,缓行,39.9,80.00%,20.00%,0.00%,虎泉街,畅通,35,从民族大道到卓刀泉南路,160
2026-04-27 07:36:20,2,缓行,39.9,80.00%,20.00%,0.00%,鲁磨路,畅通,30,从珞喻路到喻家山北路,67
2026-04-27 07:36:20,2,缓行,39.9,80.00%,20.00%,0.00%,鲁磨路,畅通,35,从团山路到珞喻路,243
2026-04-27 07:38:20,2,缓行,34.4,77.78%,22.22%,0.00%,珞喻路,畅通,40,从珞狮路到喻家湖路,341
2026-04-27 07:38:20,2,缓行,34.4,77.78%,22.22%,0.00%,民族大道,畅通,50,从雄楚大道到珞喻路,83
2026-04-27 07:38:20,2,缓行,34.4,77.78%,22.22%,0.00%,虎泉街,畅通,30,从卓刀泉南路到民族大道,341
2026-04-27 07:38:20,2,缓行,34.4,77.78%,22.22%,0.00%,虎泉街,畅通,30,从民族大道到卓刀泉南路,160
2026-04-27 07:38:20,2,缓行,34.4,77.78%,22.22%,0.00%,鲁磨路,畅通,30,从珞喻路到喻家山北路,67
2026-04-27 07:38:20,2,缓行,34.4,77.78%,22.22%,0.00%,鲁磨路,畅通,30,从团山路到珞喻路,243
2026-04-27 07:40:21,2,缓行,34.4,77.78%,22.22%,0.00%,珞喻路,畅通,40,从珞狮路到喻家湖路,341
2026-04-27 07:40:21,2,缓行,34.4,77.78%,22.22%,0.00%,民族大道,畅通,50,从雄楚大道到珞喻路,83
2026-04-27 07:40:21,2,缓行,34.4,77.78%,22.22%,0.00%,虎泉街,畅通,30,从卓刀泉南路到民族大道,341
2026-04-27 07:40:21,2,缓行,34.4,77.78%,22.22%,0.00%,虎泉街,畅通,30,从民族大道到卓刀泉南路,160
2026-04-27 07:40:21,2,缓行,34.4,77.78%,22.22%,0.00%,鲁磨路,畅通,30,从珞喻路到喻家山北路,67
2026-04-27 07:40:21,2,缓行,34.4,77.78%,22.22%,0.00%,鲁磨路,畅通,30,从团山路到珞喻路,243
2026-04-27 07:42:22,2,缓行,38.9,80.00%,20.00%,0.00%,珞喻路,畅通,40,从珞狮路到喻家湖路,341
2026-04-27 07:42:22,2,缓行,38.9,80.00%,20.00%,0.00%,民族大道,畅通,50,从雄楚大道到珞喻路,83
2026-04-27 07:42:22,2,缓行,38.9,80.00%,20.00%,0.00%,虎泉街,畅通,30,从卓刀泉南路到民族大道,341
2026-04-27 07:42:22,2,缓行,38.9,80.00%,20.00%,0.00%,虎泉街,畅通,30,从民族大道到卓刀泉南路,160
2026-04-27 07:42:22,2,缓行,38.9,80.00%,20.00%,0.00%,鲁磨路,畅通,35,从珞喻路到喻家山北路,67
2026-04-27 07:42:22,2,缓行,38.9,80.00%,20.00%,0.00%,鲁磨路,畅通,30,从团山路到珞喻路,243
2026-04-27 07:44:22,2,缓行,38.4,80.00%,20.00%,0.00%,珞喻路,畅通,35,从珞狮路到喻家湖路,341
2026-04-27 07:44:22,2,缓行,38.4,80.00%,20.00%,0.00%,民族大道,畅通,50,从雄楚大道到珞喻路,83
2026-04-27 07:44:22,2,缓行,38.4,80.00%,20.00%,0.00%,虎泉街,畅通,30,从卓刀泉南路到民族大道,341
2026-04-27 07:44:22,2,缓行,38.4,80.00%,20.00%,0.00%,虎泉街,畅通,30,从民族大道到卓刀泉南路,160
2026-04-27 07:44:22,2,缓行,38.4,80.00%,20.00%,0.00%,鲁磨路,畅通,35,从珞喻路到喻家山北路,67
2026-04-27 07:44:22,2,缓行,38.4,80.00%,20.00%,0.00%,鲁磨路,畅通,30,从团山路到珞喻路,243
2026-04-27 07:46:23,2,缓行,37.6,72.73%,27.27%,0.00%,民族大道,缓行,20,从珞喻路到南湖大道,263
2026-04-27 07:46:23,2,缓行,37.6,72.73%,27.27%,0.00%,珞喻路,畅通,40,从珞狮路到喻家湖路,341
2026-04-27 07:46:23,2,缓行,37.6,72.73%,27.27%,0.00%,民族大道,畅通,50,从雄楚大道到珞喻路,83
2026-04-27 07:46:23,2,缓行,37.6,72.73%,27.27%,0.00%,虎泉街,畅通,30,从卓刀泉南路到民族大道,341
2026-04-27 07:46:23,2,缓行,37.6,72.73%,27.27%,0.00%,虎泉街,畅通,25,从民族大道到卓刀泉南路,160
2026-04-27 07:46:23,2,缓行,37.6,72.73%,27.27%,0.00%,鲁磨路,畅通,35,从珞喻路到喻家山北路,67
2026-04-27 07:46:23,2,缓行,37.6,72.73%,27.27%,0.00%,鲁磨路,畅通,30,从团山路到珞喻路,243
2026-04-27 07:48:23,2,缓行,37.6,72.73%,27.27%,0.00%,民族大道,缓行,20,从珞喻路到南湖大道,263
2026-04-27 07:48:23,2,缓行,37.6,72.73%,27.27%,0.00%,珞喻路,畅通,40,从珞狮路到喻家湖路,341
2026-04-27 07:48:23,2,缓行,37.6,72.73%,27.27%,0.00%,民族大道,畅通,50,从雄楚大道到珞喻路,83
2026-04-27 07:48:23,2,缓行,37.6,72.73%,27.27%,0.00%,虎泉街,畅通,30,从卓刀泉南路到民族大道,341
2026-04-27 07:48:23,2,缓行,37.6,72.73%,27.27%,0.00%,虎泉街,畅通,25,从民族大道到卓刀泉南路,160
2026-04-27 07:48:23,2,缓行,37.6,72.73%,27.27%,0.00%,鲁磨路,畅通,35,从珞喻路到喻家山北路,67
2026-04-27 07:48:23,2,缓行,37.6,72.73%,27.27%,0.00%,鲁磨路,畅通,30,从团山路到珞喻路,243
2026-04-27 07:50:24,2,缓行,34.5,72.73%,27.27%,0.00%,民族大道,缓行,20,从珞喻路到南湖大道,263
2026-04-27 07:50:24,2,缓行,34.5,72.73%,27.27%,0.00%,珞喻路,畅通,40,从珞狮路到喻家湖路,341
2026-04-27 07:50:24,2,缓行,34.5,72.73%,27.27%,0.00%,民族大道,畅通,50,从雄楚大道到珞喻路,83
2026-04-27 07:50:24,2,缓行,34.5,72.73%,27.27%,0.00%,虎泉街,畅通,30,从卓刀泉南路到民族大道,341
2026-04-27 07:50:24,2,缓行,34.5,72.73%,27.27%,0.00%,虎泉街,畅通,30,从民族大道到卓刀泉南路,160
2026-04-27 07:50:24,2,缓行,34.5,72.73%,27.27%,0.00%,鲁磨路,畅通,30,从珞喻路到喻家山北路,67
2026-04-27 07:50:24,2,缓行,34.5,72.73%,27.27%,0.00%,鲁磨路,畅通,30,从团山路到珞喻路,243
2026-04-27 07:52:25,2,缓行,35.4,80.00%,20.00%,0.00%,民族大道,缓行,15,从珞喻路到南湖大道,263
2026-04-27 07:52:25,2,缓行,35.4,80.00%,20.00%,0.00%,珞喻路,畅通,40,从珞狮路到喻家湖路,341
2026-04-27 07:52:25,2,缓行,35.4,80.00%,20.00%,0.00%,民族大道,畅通,50,从雄楚大道到珞喻路,83
2026-04-27 07:52:25,2,缓行,35.4,80.00%,20.00%,0.00%,虎泉街,畅通,25,从卓刀泉南路到民族大道,341
2026-04-27 07:52:25,2,缓行,35.4,80.00%,20.00%,0.00%,虎泉街,畅通,30,从民族大道到卓刀泉南路,160
2026-04-27 07:52:25,2,缓行,35.4,80.00%,20.00%,0.00%,鲁磨路,畅通,30,从珞喻路到喻家山北路,67
2026-04-27 07:52:25,2,缓行,35.4,80.00%,20.00%,0.00%,鲁磨路,畅通,30,从团山路到珞喻路,243
2026-04-27 07:54:25,2,缓行,38.4,80.00%,20.00%,0.00%,珞喻路,畅通,40,从珞狮路到喻家湖路,341
2026-04-27 07:54:25,2,缓行,38.4,80.00%,20.00%,0.00%,民族大道,畅通,50,从雄楚大道到珞喻路,83
2026-04-27 07:54:25,2,缓行,38.4,80.00%,20.00%,0.00%,虎泉街,畅通,50,从雄楚大道到民族大道,2
2026-04-27 07:54:25,2,缓行,38.4,80.00%,20.00%,0.00%,虎泉街,畅通,30,从民族大道到卓刀泉南路,160
2026-04-27 07:54:25,2,缓行,38.4,80.00%,20.00%,0.00%,鲁磨路,畅通,30,从珞喻路到喻家山北路,67
2026-04-27 07:56:26,2,缓行,37.0,80.00%,20.00%,0.00%,民族大道,缓行,20,从珞喻路到南湖大道,263
2026-04-27 07:56:26,2,缓行,37.0,80.00%,20.00%,0.00%,珞喻路,畅通,40,从珞狮路到喻家湖路,341
2026-04-27 07:56:26,2,缓行,37.0,80.00%,20.00%,0.00%,民族大道,畅通,50,从雄楚大道到珞喻路,83
2026-04-27 07:56:26,2,缓行,37.0,80.00%,20.00%,0.00%,虎泉街,畅通,30,从卓刀泉南路到民族大道,341
2026-04-27 07:56:26,2,缓行,37.0,80.00%,20.00%,0.00%,虎泉街,畅通,30,从民族大道到卓刀泉南路,160
2026-04-27 07:56:26,2,缓行,37.0,80.00%,20.00%,0.00%,鲁磨路,畅通,30,从珞喻路到喻家山北路,67
2026-04-27 07:56:26,2,缓行,37.0,80.00%,20.00%,0.00%,鲁磨路,畅通,30,从团山路到珞喻路,243
2026-04-27 07:58:27,2,缓行,36.0,80.00%,20.00%,0.00%,民族大道,缓行,20,从珞喻路到南湖大道,263
2026-04-27 07:58:27,2,缓行,36.0,80.00%,20.00%,0.00%,珞喻路,畅通,40,从珞狮路到喻家湖路,341
2026-04-27 07:58:27,2,缓行,36.0,80.00%,20.00%,0.00%,民族大道,畅通,50,从雄楚大道到珞喻路,83
2026-04-27 07:58:27,2,缓行,36.0,80.00%,20.00%,0.00%,虎泉街,畅通,25,从卓刀泉南路到民族大道,341
2026-04-27 07:58:27,2,缓行,36.0,80.00%,20.00%,0.00%,虎泉街,畅通,25,从民族大道到卓刀泉南路,160
2026-04-27 07:58:27,2,缓行,36.0,80.00%,20.00%,0.00%,鲁磨路,畅通,35,从珞喻路到喻家山北路,67
2026-04-27 07:58:27,2,缓行,36.0,80.00%,20.00%,0.00%,鲁磨路,畅通,30,从团山路到珞喻路,243
2026-04-27 08:00:27,2,缓行,36.0,80.00%,20.00%,0.00%,民族大道,缓行,20,从珞喻路到南湖大道,263
2026-04-27 08:00:27,2,缓行,36.0,80.00%,20.00%,0.00%,珞喻路,畅通,40,从珞狮路到喻家湖路,341
2026-04-27 08:00:27,2,缓行,36.0,80.00%,20.00%,0.00%,民族大道,畅通,50,从雄楚大道到珞喻路,83
2026-04-27 08:00:27,2,缓行,36.0,80.00%,20.00%,0.00%,虎泉街,畅通,25,从卓刀泉南路到民族大道,341
2026-04-27 08:00:27,2,缓行,36.0,80.00%,20.00%,0.00%,虎泉街,畅通,25,从民族大道到卓刀泉南路,160
2026-04-27 08:00:27,2,缓行,36.0,80.00%,20.00%,0.00%,鲁磨路,畅通,35,从珞喻路到喻家山北路,67
2026-04-27 08:00:27,2,缓行,36.0,80.00%,20.00%,0.00%,鲁磨路,畅通,30,从团山路到珞喻路,243
2026-04-27 08:02:28,2,缓行,31.1,77.78%,22.22%,0.00%,民族大道,缓行,20,从珞喻路到南湖大道,263
2026-04-27 08:02:28,2,缓行,31.1,77.78%,22.22%,0.00%,珞喻路,畅通,40,从珞狮路到喻家湖路,341
2026-04-27 08:02:28,2,缓行,31.1,77.78%,22.22%,0.00%,民族大道,畅通,50,从雄楚大道到珞喻路,83
2026-04-27 08:02:28,2,缓行,31.1,77.78%,22.22%,0.00%,虎泉街,畅通,30,从卓刀泉南路到民族大道,341
2026-04-27 08:02:28,2,缓行,31.1,77.78%,22.22%,0.00%,虎泉街,畅通,25,从民族大道到卓刀泉南路,160
2026-04-27 08:02:28,2,缓行,31.1,77.78%,22.22%,0.00%,鲁磨路,畅通,35,从珞喻路到喻家山北路,67
2026-04-27 08:02:28,2,缓行,31.1,77.78%,22.22%,0.00%,鲁磨路,畅通,30,从团山路到珞喻路,243
2026-04-27 08:04:28,2,缓行,31.1,77.78%,22.22%,0.00%,民族大道,缓行,20,从珞喻路到南湖大道,263
2026-04-27 08:04:28,2,缓行,31.1,77.78%,22.22%,0.00%,珞喻路,畅通,40,从珞狮路到喻家湖路,341
2026-04-27 08:04:28,2,缓行,31.1,77.78%,22.22%,0.00%,民族大道,畅通,50,从雄楚大道到珞喻路,83
2026-04-27 08:04:28,2,缓行,31.1,77.78%,22.22%,0.00%,虎泉街,畅通,30,从卓刀泉南路到民族大道,341
2026-04-27 08:04:28,2,缓行,31.1,77.78%,22.22%,0.00%,虎泉街,畅通,25,从民族大道到卓刀泉南路,160
2026-04-27 08:04:28,2,缓行,31.1,77.78%,22.22%,0.00%,鲁磨路,畅通,35,从珞喻路到喻家山北路,67
2026-04-27 08:04:28,2,缓行,31.1,77.78%,22.22%,0.00%,鲁磨路,畅通,30,从团山路到珞喻路,243
2026-04-27 08:06:29,2,缓行,30.6,70.00%,30.00%,0.00%,民族大道,缓行,20,从珞喻路到南湖大道,263
2026-04-27 08:06:29,2,缓行,30.6,70.00%,30.00%,0.00%,珞喻路,畅通,40,从珞狮路到喻家湖路,341
2026-04-27 08:06:29,2,缓行,30.6,70.00%,30.00%,0.00%,虎泉街,畅通,50,从雄楚大道到民族大道,2
2026-04-27 08:06:29,2,缓行,30.6,70.00%,30.00%,0.00%,虎泉街,畅通,30,从民族大道到卓刀泉南路,160
2026-04-27 08:06:29,2,缓行,30.6,70.00%,30.00%,0.00%,鲁磨路,畅通,35,从珞喻路到喻家山北路,67
2026-04-27 08:06:29,2,缓行,30.6,70.00%,30.00%,0.00%,鲁磨路,畅通,30,从团山路到珞喻路,243
2026-04-27 08:08:30,2,缓行,30.6,70.00%,30.00%,0.00%,民族大道,缓行,20,从珞喻路到南湖大道,263
2026-04-27 08:08:30,2,缓行,30.6,70.00%,30.00%,0.00%,珞喻路,畅通,40,从珞狮路到喻家湖路,341
2026-04-27 08:08:30,2,缓行,30.6,70.00%,30.00%,0.00%,虎泉街,畅通,50,从雄楚大道到民族大道,2
2026-04-27 08:08:30,2,缓行,30.6,70.00%,30.00%,0.00%,虎泉街,畅通,30,从民族大道到卓刀泉南路,160
2026-04-27 08:08:30,2,缓行,30.6,70.00%,30.00%,0.00%,鲁磨路,畅通,35,从珞喻路到喻家山北路,67
2026-04-27 08:08:30,2,缓行,30.6,70.00%,30.00%,0.00%,鲁磨路,畅通,30,从团山路到珞喻路,243
2026-04-27 08:10:30,2,缓行,37.2,77.78%,22.22%,0.00%,民族大道,缓行,20,从珞喻路到南湖大道,263
2026-04-27 08:10:30,2,缓行,37.2,77.78%,22.22%,0.00%,珞喻路,畅通,40,从珞狮路到喻家湖路,341
2026-04-27 08:10:30,2,缓行,37.2,77.78%,22.22%,0.00%,民族大道,畅通,50,从雄楚大道到珞喻路,83
2026-04-27 08:10:30,2,缓行,37.2,77.78%,22.22%,0.00%,虎泉街,畅通,50,从雄楚大道到民族大道,2
2026-04-27 08:10:30,2,缓行,37.2,77.78%,22.22%,0.00%,虎泉街,畅通,30,从民族大道到卓刀泉南路,160
2026-04-27 08:10:30,2,缓行,37.2,77.78%,22.22%,0.00%,鲁磨路,畅通,35,从珞喻路到喻家山北路,67
2026-04-27 08:10:30,2,缓行,37.2,77.78%,22.22%,0.00%,鲁磨路,畅通,30,从团山路到珞喻路,243
2026-04-27 08:12:31,2,缓行,39.4,70.00%,30.00%,0.00%,民族大道,缓行,20,从珞喻路到南湖大道,263
2026-04-27 08:12:31,2,缓行,39.4,70.00%,30.00%,0.00%,珞喻路,畅通,40,从珞狮路到喻家湖路,341
2026-04-27 08:12:31,2,缓行,39.4,70.00%,30.00%,0.00%,民族大道,畅通,50,从雄楚大道到珞喻路,83
2026-04-27 08:12:31,2,缓行,39.4,70.00%,30.00%,0.00%,虎泉街,畅通,50,从雄楚大道到民族大道,2
2026-04-27 08:12:31,2,缓行,39.4,70.00%,30.00%,0.00%,鲁磨路,畅通,35,从珞喻路到喻家山北路,67
2026-04-27 08:12:31,2,缓行,39.4,70.00%,30.00%,0.00%,鲁磨路,畅通,30,从团山路到珞喻路,243
2026-04-27 08:14:32,2,缓行,39.4,70.00%,30.00%,0.00%,民族大道,缓行,20,从珞喻路到南湖大道,263
2026-04-27 08:14:32,2,缓行,39.4,70.00%,30.00%,0.00%,珞喻路,畅通,40,从珞狮路到喻家湖路,341
2026-04-27 08:14:32,2,缓行,39.4,70.00%,30.00%,0.00%,民族大道,畅通,50,从雄楚大道到珞喻路,83
2026-04-27 08:14:32,2,缓行,39.4,70.00%,30.00%,0.00%,虎泉街,畅通,50,从雄楚大道到民族大道,2
2026-04-27 08:14:32,2,缓行,39.4,70.00%,30.00%,0.00%,鲁磨路,畅通,35,从珞喻路到喻家山北路,67
2026-04-27 08:14:32,2,缓行,39.4,70.00%,30.00%,0.00%,鲁磨路,畅通,30,从团山路到珞喻路,243
2026-04-27 08:16:32,2,缓行,40.9,70.00%,30.00%,0.00%,民族大道,缓行,20,从珞喻路到南湖大道,263
2026-04-27 08:16:32,2,缓行,40.9,70.00%,30.00%,0.00%,珞喻路,畅通,40,从珞狮路到喻家湖路,341
2026-04-27 08:16:32,2,缓行,40.9,70.00%,30.00%,0.00%,民族大道,畅通,50,从雄楚大道到珞喻路,83
2026-04-27 08:16:32,2,缓行,40.9,70.00%,30.00%,0.00%,虎泉街,畅通,50,从雄楚大道到民族大道,2
2026-04-27 08:16:32,2,缓行,40.9,70.00%,30.00%,0.00%,鲁磨路,畅通,35,从珞喻路到喻家山北路,67
2026-04-27 08:18:33,2,缓行,41.4,80.00%,20.00%,0.00%,民族大道,缓行,20,从珞喻路到南湖大道,263
2026-04-27 08:18:33,2,缓行,41.4,80.00%,20.00%,0.00%,珞喻路,畅通,40,从珞狮路到喻家湖路,341
2026-04-27 08:18:33,2,缓行,41.4,80.00%,20.00%,0.00%,民族大道,畅通,50,从雄楚大道到珞喻路,83
2026-04-27 08:18:33,2,缓行,41.4,80.00%,20.00%,0.00%,虎泉街,畅通,50,从雄楚大道到民族大道,2
2026-04-27 08:18:33,2,缓行,41.4,80.00%,20.00%,0.00%,虎泉街,畅通,25,从民族大道到卓刀泉南路,160
2026-04-27 08:18:33,2,缓行,41.4,80.00%,20.00%,0.00%,鲁磨路,畅通,35,从珞喻路到喻家山北路,67
2026-04-27 08:20:34,2,缓行,39.4,88.89%,11.11%,0.00%,珞喻路,畅通,40,从珞狮路到喻家湖路,341
2026-04-27 08:20:34,2,缓行,39.4,88.89%,11.11%,0.00%,民族大道,畅通,50,从雄楚大道到珞喻路,83
2026-04-27 08:20:34,2,缓行,39.4,88.89%,11.11%,0.00%,虎泉街,畅通,50,从雄楚大道到民族大道,2
2026-04-27 08:20:34,2,缓行,39.4,88.89%,11.11%,0.00%,虎泉街,畅通,30,从民族大道到卓刀泉南路,160
2026-04-27 08:20:34,2,缓行,39.4,88.89%,11.11%,0.00%,鲁磨路,畅通,35,从珞喻路到喻家山北路,67
2026-04-27 08:22:34,2,缓行,40.4,81.82%,18.18%,0.00%,珞喻路,畅通,40,从珞狮路到喻家湖路,341
2026-04-27 08:22:34,2,缓行,40.4,81.82%,18.18%,0.00%,民族大道,畅通,50,从雄楚大道到珞喻路,83
2026-04-27 08:22:34,2,缓行,40.4,81.82%,18.18%,0.00%,虎泉街,畅通,50,从雄楚大道到民族大道,2
2026-04-27 08:22:34,2,缓行,40.4,81.82%,18.18%,0.00%,虎泉街,畅通,25,从民族大道到卓刀泉南路,160
2026-04-27 08:22:34,2,缓行,40.4,81.82%,18.18%,0.00%,鲁磨路,畅通,35,从珞喻路到喻家山北路,67
2026-04-27 08:24:35,2,缓行,36.3,90.00%,10.00%,0.00%,珞喻路,畅通,40,从珞狮路到喻家湖路,341
2026-04-27 08:24:35,2,缓行,36.3,90.00%,10.00%,0.00%,民族大道,畅通,50,从雄楚大道到珞喻路,83
2026-04-27 08:24:35,2,缓行,36.3,90.00%,10.00%,0.00%,虎泉街,畅通,30,从卓刀泉南路到民族大道,341
2026-04-27 08:24:35,2,缓行,36.3,90.00%,10.00%,0.00%,虎泉街,畅通,30,从民族大道到卓刀泉南路,160
2026-04-27 08:24:35,2,缓行,36.3,90.00%,10.00%,0.00%,鲁磨路,畅通,35,从珞喻路到喻家山北路,67
2026-04-27 08:26:35,2,缓行,36.3,90.00%,10.00%,0.00%,珞喻路,畅通,40,从珞狮路到喻家湖路,341
2026-04-27 08:26:35,2,缓行,36.3,90.00%,10.00%,0.00%,民族大道,畅通,50,从雄楚大道到珞喻路,83
2026-04-27 08:26:35,2,缓行,36.3,90.00%,10.00%,0.00%,虎泉街,畅通,30,从卓刀泉南路到民族大道,341
2026-04-27 08:26:35,2,缓行,36.3,90.00%,10.00%,0.00%,虎泉街,畅通,30,从民族大道到卓刀泉南路,160
2026-04-27 08:26:35,2,缓行,36.3,90.00%,10.00%,0.00%,鲁磨路,畅通,35,从珞喻路到喻家山北路,67
2026-04-27 08:28:36,2,缓行,35.8,90.00%,10.00%,0.00%,珞喻路,畅通,40,从珞狮路到喻家湖路,341
2026-04-27 08:28:36,2,缓行,35.8,90.00%,10.00%,0.00%,民族大道,畅通,50,从雄楚大道到珞喻路,83
2026-04-27 08:28:36,2,缓行,35.8,90.00%,10.00%,0.00%,虎泉街,畅通,30,从卓刀泉南路到民族大道,341
2026-04-27 08:28:36,2,缓行,35.8,90.00%,10.00%,0.00%,虎泉街,畅通,30,从民族大道到卓刀泉南路,160
2026-04-27 08:28:36,2,缓行,35.8,90.00%,10.00%,0.00%,鲁磨路,畅通,35,从珞喻路到喻家山北路,67
2026-04-27 08:30:37,2,缓行,34.8,90.00%,10.00%,0.00%,珞喻路,畅通,40,从珞狮路到喻家湖路,341
2026-04-27 08:30:37,2,缓行,34.8,90.00%,10.00%,0.00%,民族大道,畅通,50,从雄楚大道到珞喻路,83
2026-04-27 08:30:37,2,缓行,34.8,90.00%,10.00%,0.00%,虎泉街,畅通,25,从卓刀泉南路到民族大道,341
2026-04-27 08:30:37,2,缓行,34.8,90.00%,10.00%,0.00%,虎泉街,畅通,30,从民族大道到卓刀泉南路,160
2026-04-27 08:30:37,2,缓行,34.8,90.00%,10.00%,0.00%,鲁磨路,畅通,35,从珞喻路到喻家山北路,67
2026-04-27 08:30:37,2,缓行,34.8,90.00%,10.00%,0.00%,鲁磨路,畅通,30,从团山路到珞喻路,243
2026-04-27 08:32:37,2,缓行,34.3,90.00%,10.00%,0.00%,珞喻路,畅通,40,从珞狮路到喻家湖路,341
2026-04-27 08:32:37,2,缓行,34.3,90.00%,10.00%,0.00%,民族大道,畅通,50,从雄楚大道到珞喻路,83
2026-04-27 08:32:37,2,缓行,34.3,90.00%,10.00%,0.00%,虎泉街,畅通,25,从卓刀泉南路到民族大道,341
2026-04-27 08:32:37,2,缓行,34.3,90.00%,10.00%,0.00%,虎泉街,畅通,30,从民族大道到卓刀泉南路,160
2026-04-27 08:32:37,2,缓行,34.3,90.00%,10.00%,0.00%,鲁磨路,畅通,35,从珞喻路到喻家山北路,67
2026-04-27 08:32:37,2,缓行,34.3,90.00%,10.00%,0.00%,鲁磨路,畅通,30,从团山路到珞喻路,243
2026-04-27 08:34:38,2,缓行,34.8,90.00%,10.00%,0.00%,珞喻路,畅通,40,从珞狮路到喻家湖路,341
2026-04-27 08:34:38,2,缓行,34.8,90.00%,10.00%,0.00%,民族大道,畅通,50,从雄楚大道到珞喻路,83
2026-04-27 08:34:38,2,缓行,34.8,90.00%,10.00%,0.00%,虎泉街,畅通,25,从卓刀泉南路到民族大道,341
2026-04-27 08:34:38,2,缓行,34.8,90.00%,10.00%,0.00%,虎泉街,畅通,30,从民族大道到卓刀泉南路,160
2026-04-27 08:34:38,2,缓行,34.8,90.00%,10.00%,0.00%,鲁磨路,畅通,35,从珞喻路到喻家山北路,67
2026-04-27 08:34:38,2,缓行,34.8,90.00%,10.00%,0.00%,鲁磨路,畅通,35,从团山路到珞喻路,243
2026-04-27 08:36:38,2,缓行,35.8,90.00%,10.00%,0.00%,珞喻路,畅通,45,从珞狮路到喻家湖路,341
2026-04-27 08:36:38,2,缓行,35.8,90.00%,10.00%,0.00%,民族大道,畅通,50,从雄楚大道到珞喻路,83
2026-04-27 08:36:38,2,缓行,35.8,90.00%,10.00%,0.00%,虎泉街,畅通,30,从卓刀泉南路到民族大道,341
2026-04-27 08:36:38,2,缓行,35.8,90.00%,10.00%,0.00%,虎泉街,畅通,30,从民族大道到卓刀泉南路,160
2026-04-27 08:36:38,2,缓行,35.8,90.00%,10.00%,0.00%,鲁磨路,畅通,35,从珞喻路到喻家山北路,67
2026-04-27 08:36:38,2,缓行,35.8,90.00%,10.00%,0.00%,鲁磨路,畅通,35,从团山路到珞喻路,243
2026-04-27 08:38:39,2,缓行,34.8,80.00%,20.00%,0.00%,民族大道,缓行,20,从珞喻路到南湖大道,263
2026-04-27 08:38:39,2,缓行,34.8,80.00%,20.00%,0.00%,珞喻路,畅通,40,从珞狮路到喻家湖路,341
2026-04-27 08:38:39,2,缓行,34.8,80.00%,20.00%,0.00%,民族大道,畅通,50,从雄楚大道到珞喻路,83
2026-04-27 08:38:39,2,缓行,34.8,80.00%,20.00%,0.00%,虎泉街,畅通,30,从卓刀泉南路到民族大道,341
2026-04-27 08:38:39,2,缓行,34.8,80.00%,20.00%,0.00%,虎泉街,畅通,30,从民族大道到卓刀泉南路,160
2026-04-27 08:38:39,2,缓行,34.8,80.00%,20.00%,0.00%,鲁磨路,畅通,35,从珞喻路到喻家山北路,67
2026-04-27 08:38:39,2,缓行,34.8,80.00%,20.00%,0.00%,鲁磨路,畅通,35,从团山路到珞喻路,243
2026-04-27 08:40:40,2,缓行,34.8,80.00%,20.00%,0.00%,民族大道,缓行,20,从珞喻路到南湖大道,263
2026-04-27 08:40:40,2,缓行,34.8,80.00%,20.00%,0.00%,珞喻路,畅通,40,从珞狮路到喻家湖路,341
2026-04-27 08:40:40,2,缓行,34.8,80.00%,20.00%,0.00%,民族大道,畅通,50,从雄楚大道到珞喻路,83
2026-04-27 08:40:40,2,缓行,34.8,80.00%,20.00%,0.00%,虎泉街,畅通,30,从卓刀泉南路到民族大道,341
2026-04-27 08:40:40,2,缓行,34.8,80.00%,20.00%,0.00%,虎泉街,畅通,30,从民族大道到卓刀泉南路,160
2026-04-27 08:40:40,2,缓行,34.8,80.00%,20.00%,0.00%,鲁磨路,畅通,35,从珞喻路到喻家山北路,67
2026-04-27 08:40:40,2,缓行,34.8,80.00%,20.00%,0.00%,鲁磨路,畅通,35,从团山路到珞喻路,243
2026-04-27 08:42:40,2,缓行,35.8,80.00%,20.00%,0.00%,民族大道,缓行,20,从珞喻路到南湖大道,263
2026-04-27 08:42:40,2,缓行,35.8,80.00%,20.00%,0.00%,珞喻路,畅通,45,从珞狮路到喻家湖路,341
2026-04-27 08:42:40,2,缓行,35.8,80.00%,20.00%,0.00%,民族大道,畅通,50,从雄楚大道到珞喻路,83
2026-04-27 08:42:40,2,缓行,35.8,80.00%,20.00%,0.00%,虎泉街,畅通,30,从卓刀泉南路到民族大道,341
2026-04-27 08:42:40,2,缓行,35.8,80.00%,20.00%,0.00%,虎泉街,畅通,30,从民族大道到卓刀泉南路,160
2026-04-27 08:42:40,2,缓行,35.8,80.00%,20.00%,0.00%,鲁磨路,畅通,35,从珞喻路到喻家山北路,67
2026-04-27 08:42:40,2,缓行,35.8,80.00%,20.00%,0.00%,鲁磨路,畅通,35,从团山路到珞喻路,243
2026-04-27 08:44:41,2,缓行,34.8,80.00%,20.00%,0.00%,民族大道,缓行,15,从珞喻路到南湖大道,263
2026-04-27 08:44:41,2,缓行,34.8,80.00%,20.00%,0.00%,珞喻路,畅通,45,从珞狮路到喻家湖路,341
2026-04-27 08:44:41,2,缓行,34.8,80.00%,20.00%,0.00%,民族大道,畅通,50,从雄楚大道到珞喻路,83
2026-04-27 08:44:41,2,缓行,34.8,80.00%,20.00%,0.00%,虎泉街,畅通,30,从卓刀泉南路到民族大道,341
2026-04-27 08:44:41,2,缓行,34.8,80.00%,20.00%,0.00%,虎泉街,畅通,30,从民族大道到卓刀泉南路,160
2026-04-27 08:44:41,2,缓行,34.8,80.00%,20.00%,0.00%,鲁磨路,畅通,35,从珞喻路到喻家山北路,67
2026-04-27 08:44:41,2,缓行,34.8,80.00%,20.00%,0.00%,鲁磨路,畅通,35,从团山路到珞喻路,243
2026-04-27 08:46:42,2,缓行,34.4,87.50%,12.50%,0.00%,民族大道,缓行,20,从珞喻路到南湖大道,263
2026-04-27 08:46:42,2,缓行,34.4,87.50%,12.50%,0.00%,珞喻路,畅通,40,从珞狮路到喻家湖路,341
2026-04-27 08:46:42,2,缓行,34.4,87.50%,12.50%,0.00%,珞喻路,畅通,30,从喻家湖路到珞狮路,161
2026-04-27 08:46:42,2,缓行,34.4,87.50%,12.50%,0.00%,民族大道,畅通,50,从雄楚大道到珞喻路,83
2026-04-27 08:46:42,2,缓行,34.4,87.50%,12.50%,0.00%,虎泉街,畅通,30,从卓刀泉南路到民族大道,341
2026-04-27 08:46:42,2,缓行,34.4,87.50%,12.50%,0.00%,虎泉街,畅通,35,从民族大道到卓刀泉南路,160
2026-04-27 08:46:42,2,缓行,34.4,87.50%,12.50%,0.00%,鲁磨路,畅通,35,从珞喻路到喻家山北路,67
2026-04-27 08:46:42,2,缓行,34.4,87.50%,12.50%,0.00%,鲁磨路,畅通,35,从团山路到珞喻路,243
2026-04-27 08:48:42,2,缓行,35.0,87.50%,12.50%,0.00%,民族大道,缓行,20,从珞喻路到南湖大道,263
2026-04-27 08:48:42,2,缓行,35.0,87.50%,12.50%,0.00%,珞喻路,畅通,45,从珞狮路到喻家湖路,341
2026-04-27 08:48:42,2,缓行,35.0,87.50%,12.50%,0.00%,珞喻路,畅通,35,从喻家湖路到珞狮路,161
2026-04-27 08:48:42,2,缓行,35.0,87.50%,12.50%,0.00%,民族大道,畅通,50,从雄楚大道到珞喻路,83
2026-04-27 08:48:42,2,缓行,35.0,87.50%,12.50%,0.00%,虎泉街,畅通,30,从卓刀泉南路到民族大道,341
2026-04-27 08:48:42,2,缓行,35.0,87.50%,12.50%,0.00%,虎泉街,畅通,30,从民族大道到卓刀泉南路,160
2026-04-27 08:48:42,2,缓行,35.0,87.50%,12.50%,0.00%,鲁磨路,畅通,35,从珞喻路到喻家山北路,67
2026-04-27 08:48:42,2,缓行,35.0,87.50%,12.50%,0.00%,鲁磨路,畅通,35,从团山路到珞喻路,243
2026-04-27 08:50:43,2,缓行,35.6,87.50%,12.50%,0.00%,民族大道,缓行,20,从珞喻路到南湖大道,263
2026-04-27 08:50:43,2,缓行,35.6,87.50%,12.50%,0.00%,珞喻路,畅通,45,从珞狮路到喻家湖路,341
2026-04-27 08:50:43,2,缓行,35.6,87.50%,12.50%,0.00%,珞喻路,畅通,35,从喻家湖路到珞狮路,161
2026-04-27 08:50:43,2,缓行,35.6,87.50%,12.50%,0.00%,民族大道,畅通,50,从雄楚大道到珞喻路,83
2026-04-27 08:50:43,2,缓行,35.6,87.50%,12.50%,0.00%,虎泉街,畅通,35,从卓刀泉南路到民族大道,341
2026-04-27 08:50:43,2,缓行,35.6,87.50%,12.50%,0.00%,虎泉街,畅通,30,从民族大道到卓刀泉南路,160
2026-04-27 08:50:43,2,缓行,35.6,87.50%,12.50%,0.00%,鲁磨路,畅通,35,从珞喻路到喻家山北路,67
2026-04-27 08:50:43,2,缓行,35.6,87.50%,12.50%,0.00%,鲁磨路,畅通,35,从团山路到珞喻路,243
2026-04-27 08:52:43,2,缓行,36.2,87.50%,12.50%,0.00%,民族大道,缓行,15,从珞喻路到南湖大道,263
2026-04-27 08:52:43,2,缓行,36.2,87.50%,12.50%,0.00%,珞喻路,畅通,45,从珞狮路到喻家湖路,341
2026-04-27 08:52:43,2,缓行,36.2,87.50%,12.50%,0.00%,珞喻路,畅通,40,从喻家湖路到珞狮路,161
2026-04-27 08:52:43,2,缓行,36.2,87.50%,12.50%,0.00%,民族大道,畅通,50,从雄楚大道到珞喻路,83
2026-04-27 08:52:43,2,缓行,36.2,87.50%,12.50%,0.00%,虎泉街,畅通,35,从卓刀泉南路到民族大道,341
2026-04-27 08:52:43,2,缓行,36.2,87.50%,12.50%,0.00%,虎泉街,畅通,30,从民族大道到卓刀泉南路,160
2026-04-27 08:52:43,2,缓行,36.2,87.50%,12.50%,0.00%,鲁磨路,畅通,35,从珞喻路到喻家山北路,67
2026-04-27 08:52:43,2,缓行,36.2,87.50%,12.50%,0.00%,鲁磨路,畅通,40,从团山路到珞喻路,243
2026-04-27 08:54:44,2,缓行,33.1,87.50%,12.50%,0.00%,民族大道,缓行,15,从珞喻路到南湖大道,263
2026-04-27 08:54:44,2,缓行,33.1,87.50%,12.50%,0.00%,珞喻路,畅通,45,从珞狮路到喻家湖路,341
2026-04-27 08:54:44,2,缓行,33.1,87.50%,12.50%,0.00%,珞喻路,畅通,40,从喻家湖路到珞狮路,161
2026-04-27 08:54:44,2,缓行,33.1,87.50%,12.50%,0.00%,民族大道,畅通,35,从汤逊湖北路到珞喻路,79
2026-04-27 08:54:44,2,缓行,33.1,87.50%,12.50%,0.00%,虎泉街,畅通,30,从卓刀泉南路到民族大道,341
2026-04-27 08:54:44,2,缓行,33.1,87.50%,12.50%,0.00%,虎泉街,畅通,30,从民族大道到卓刀泉南路,160
2026-04-27 08:54:44,2,缓行,33.1,87.50%,12.50%,0.00%,鲁磨路,畅通,35,从珞喻路到喻家山北路,67
2026-04-27 08:54:44,2,缓行,33.1,87.50%,12.50%,0.00%,鲁磨路,畅通,35,从团山路到珞喻路,243
2026-04-27 08:56:45,2,缓行,33.1,87.50%,12.50%,0.00%,民族大道,缓行,15,从珞喻路到南湖大道,263
2026-04-27 08:56:45,2,缓行,33.1,87.50%,12.50%,0.00%,珞喻路,畅通,45,从珞狮路到喻家湖路,341
2026-04-27 08:56:45,2,缓行,33.1,87.50%,12.50%,0.00%,珞喻路,畅通,40,从喻家湖路到珞狮路,161
2026-04-27 08:56:45,2,缓行,33.1,87.50%,12.50%,0.00%,民族大道,畅通,35,从汤逊湖北路到珞喻路,79
2026-04-27 08:56:45,2,缓行,33.1,87.50%,12.50%,0.00%,虎泉街,畅通,30,从卓刀泉南路到民族大道,341
2026-04-27 08:56:45,2,缓行,33.1,87.50%,12.50%,0.00%,虎泉街,畅通,30,从民族大道到卓刀泉南路,160
2026-04-27 08:56:45,2,缓行,33.1,87.50%,12.50%,0.00%,鲁磨路,畅通,35,从珞喻路到喻家山北路,67
2026-04-27 08:56:45,2,缓行,33.1,87.50%,12.50%,0.00%,鲁磨路,畅通,35,从团山路到珞喻路,243
2026-04-27 08:58:45,2,缓行,33.8,87.50%,12.50%,0.00%,民族大道,缓行,15,从珞喻路到南湖大道,263
2026-04-27 08:58:45,2,缓行,33.8,87.50%,12.50%,0.00%,珞喻路,畅通,45,从珞狮路到喻家湖路,341
2026-04-27 08:58:45,2,缓行,33.8,87.50%,12.50%,0.00%,珞喻路,畅通,40,从喻家湖路到珞狮路,161
2026-04-27 08:58:45,2,缓行,33.8,87.50%,12.50%,0.00%,民族大道,畅通,35,从汤逊湖北路到珞喻路,79
2026-04-27 08:58:45,2,缓行,33.8,87.50%,12.50%,0.00%,虎泉街,畅通,30,从卓刀泉南路到民族大道,341
2026-04-27 08:58:45,2,缓行,33.8,87.50%,12.50%,0.00%,虎泉街,畅通,35,从民族大道到卓刀泉南路,160
2026-04-27 08:58:45,2,缓行,33.8,87.50%,12.50%,0.00%,鲁磨路,畅通,35,从珞喻路到喻家山北路,67
2026-04-27 08:58:45,2,缓行,33.8,87.50%,12.50%,0.00%,鲁磨路,畅通,35,从团山路到珞喻路,243
2026-04-27 09:00:46,2,缓行,34.4,87.50%,12.50%,0.00%,民族大道,缓行,20,从珞喻路到南湖大道,263
2026-04-27 09:00:46,2,缓行,34.4,87.50%,12.50%,0.00%,珞喻路,畅通,45,从珞狮路到喻家湖路,341
2026-04-27 09:00:46,2,缓行,34.4,87.50%,12.50%,0.00%,珞喻路,畅通,40,从喻家湖路到珞狮路,161
2026-04-27 09:00:46,2,缓行,34.4,87.50%,12.50%,0.00%,民族大道,畅通,35,从汤逊湖北路到珞喻路,79
2026-04-27 09:00:46,2,缓行,34.4,87.50%,12.50%,0.00%,虎泉街,畅通,35,从卓刀泉南路到民族大道,341
2026-04-27 09:00:46,2,缓行,34.4,87.50%,12.50%,0.00%,虎泉街,畅通,30,从民族大道到卓刀泉南路,160
2026-04-27 09:00:46,2,缓行,34.4,87.50%,12.50%,0.00%,鲁磨路,畅通,35,从珞喻路到喻家山北路,67
2026-04-27 09:00:46,2,缓行,34.4,87.50%,12.50%,0.00%,鲁磨路,畅通,35,从团山路到珞喻路,243
2026-04-27 09:02:47,2,缓行,34.4,87.50%,12.50%,0.00%,民族大道,缓行,20,从珞喻路到南湖大道,263
2026-04-27 09:02:47,2,缓行,34.4,87.50%,12.50%,0.00%,珞喻路,畅通,45,从珞狮路到喻家湖路,341
2026-04-27 09:02:47,2,缓行,34.4,87.50%,12.50%,0.00%,珞喻路,畅通,40,从喻家湖路到珞狮路,161
2026-04-27 09:02:47,2,缓行,34.4,87.50%,12.50%,0.00%,民族大道,畅通,35,从汤逊湖北路到珞喻路,79
2026-04-27 09:02:47,2,缓行,34.4,87.50%,12.50%,0.00%,虎泉街,畅通,35,从卓刀泉南路到民族大道,341
2026-04-27 09:02:47,2,缓行,34.4,87.50%,12.50%,0.00%,虎泉街,畅通,30,从民族大道到卓刀泉南路,160
2026-04-27 09:02:47,2,缓行,34.4,87.50%,12.50%,0.00%,鲁磨路,畅通,35,从珞喻路到喻家山北路,67
2026-04-27 09:02:47,2,缓行,34.4,87.50%,12.50%,0.00%,鲁磨路,畅通,35,从团山路到珞喻路,243
2026-04-27 09:04:47,2,缓行,33.8,87.50%,12.50%,0.00%,珞喻路,畅通,45,从珞狮路到喻家湖路,341
2026-04-27 09:04:47,2,缓行,33.8,87.50%,12.50%,0.00%,珞喻路,畅通,40,从喻家湖路到珞狮路,161
2026-04-27 09:04:47,2,缓行,33.8,87.50%,12.50%,0.00%,民族大道,畅通,35,从汤逊湖北路到珞喻路,79
2026-04-27 09:04:47,2,缓行,33.8,87.50%,12.50%,0.00%,虎泉街,畅通,35,从卓刀泉南路到民族大道,341
2026-04-27 09:04:47,2,缓行,33.8,87.50%,12.50%,0.00%,虎泉街,畅通,30,从民族大道到卓刀泉南路,160
2026-04-27 09:04:47,2,缓行,33.8,87.50%,12.50%,0.00%,鲁磨路,畅通,35,从珞喻路到喻家山北路,67
2026-04-27 09:04:47,2,缓行,33.8,87.50%,12.50%,0.00%,鲁磨路,畅通,35,从团山路到珞喻路,243
2026-04-27 09:06:48,2,缓行,33.8,87.50%,12.50%,0.00%,珞喻路,畅通,45,从珞狮路到喻家湖路,341
2026-04-27 09:06:48,2,缓行,33.8,87.50%,12.50%,0.00%,珞喻路,畅通,40,从喻家湖路到珞狮路,161
2026-04-27 09:06:48,2,缓行,33.8,87.50%,12.50%,0.00%,民族大道,畅通,35,从汤逊湖北路到珞喻路,79
2026-04-27 09:06:48,2,缓行,33.8,87.50%,12.50%,0.00%,虎泉街,畅通,35,从卓刀泉南路到民族大道,341
2026-04-27 09:06:48,2,缓行,33.8,87.50%,12.50%,0.00%,虎泉街,畅通,30,从民族大道到卓刀泉南路,160
2026-04-27 09:06:48,2,缓行,33.8,87.50%,12.50%,0.00%,鲁磨路,畅通,35,从珞喻路到喻家山北路,67
2026-04-27 09:06:48,2,缓行,33.8,87.50%,12.50%,0.00%,鲁磨路,畅通,35,从团山路到珞喻路,243
2026-04-27 09:08:49,2,缓行,34.4,87.50%,12.50%,0.00%,珞喻路,畅通,45,从珞狮路到喻家湖路,341
2026-04-27 09:08:49,2,缓行,34.4,87.50%,12.50%,0.00%,珞喻路,畅通,40,从喻家湖路到珞狮路,161
2026-04-27 09:08:49,2,缓行,34.4,87.50%,12.50%,0.00%,民族大道,畅通,35,从汤逊湖北路到珞喻路,79
2026-04-27 09:08:49,2,缓行,34.4,87.50%,12.50%,0.00%,虎泉街,畅通,30,从卓刀泉南路到民族大道,341
2026-04-27 09:08:49,2,缓行,34.4,87.50%,12.50%,0.00%,虎泉街,畅通,35,从民族大道到卓刀泉南路,160
2026-04-27 09:08:49,2,缓行,34.4,87.50%,12.50%,0.00%,鲁磨路,畅通,35,从珞喻路到喻家山北路,67
2026-04-27 09:08:49,2,缓行,34.4,87.50%,12.50%,0.00%,鲁磨路,畅通,35,从团山路到珞喻路,243
2026-04-27 09:10:49,2,缓行,35.6,87.50%,12.50%,0.00%,珞喻路,畅通,45,从珞狮路到喻家湖路,341
2026-04-27 09:10:49,2,缓行,35.6,87.50%,12.50%,0.00%,珞喻路,畅通,35,从喻家湖路到珞狮路,161
2026-04-27 09:10:49,2,缓行,35.6,87.50%,12.50%,0.00%,民族大道,畅通,50,从雄楚大道到珞喻路,83
2026-04-27 09:10:49,2,缓行,35.6,87.50%,12.50%,0.00%,虎泉街,畅通,30,从卓刀泉南路到民族大道,341
2026-04-27 09:10:49,2,缓行,35.6,87.50%,12.50%,0.00%,虎泉街,畅通,30,从民族大道到卓刀泉南路,160
2026-04-27 09:10:49,2,缓行,35.6,87.50%,12.50%,0.00%,鲁磨路,畅通,35,从珞喻路到喻家山北路,67
2026-04-27 09:10:49,2,缓行,35.6,87.50%,12.50%,0.00%,鲁磨路,畅通,35,从团山路到珞喻路,243
2026-04-27 09:12:50,2,缓行,35.6,87.50%,12.50%,0.00%,珞喻路,畅通,45,从珞狮路到喻家湖路,341
2026-04-27 09:12:50,2,缓行,35.6,87.50%,12.50%,0.00%,珞喻路,畅通,35,从喻家湖路到珞狮路,161
2026-04-27 09:12:50,2,缓行,35.6,87.50%,12.50%,0.00%,民族大道,畅通,50,从雄楚大道到珞喻路,83
2026-04-27 09:12:50,2,缓行,35.6,87.50%,12.50%,0.00%,虎泉街,畅通,30,从卓刀泉南路到民族大道,341
2026-04-27 09:12:50,2,缓行,35.6,87.50%,12.50%,0.00%,虎泉街,畅通,30,从民族大道到卓刀泉南路,160
2026-04-27 09:12:50,2,缓行,35.6,87.50%,12.50%,0.00%,鲁磨路,畅通,35,从珞喻路到喻家山北路,67
2026-04-27 09:12:50,2,缓行,35.6,87.50%,12.50%,0.00%,鲁磨路,畅通,35,从团山路到珞喻路,243
2026-04-27 09:14:50,2,缓行,35.6,87.50%,12.50%,0.00%,珞喻路,畅通,45,从珞狮路到喻家湖路,341
2026-04-27 09:14:50,2,缓行,35.6,87.50%,12.50%,0.00%,珞喻路,畅通,40,从喻家湖路到珞狮路,161
2026-04-27 09:14:50,2,缓行,35.6,87.50%,12.50%,0.00%,民族大道,畅通,35,从汤逊湖北路到珞喻路,79
2026-04-27 09:14:50,2,缓行,35.6,87.50%,12.50%,0.00%,虎泉街,畅通,35,从卓刀泉南路到民族大道,341
2026-04-27 09:14:50,2,缓行,35.6,87.50%,12.50%,0.00%,虎泉街,畅通,35,从民族大道到卓刀泉南路,160
2026-04-27 09:14:50,2,缓行,35.6,87.50%,12.50%,0.00%,鲁磨路,畅通,35,从珞喻路到喻家山北路,67
2026-04-27 09:14:50,2,缓行,35.6,87.50%,12.50%,0.00%,鲁磨路,畅通,35,从团山路到珞喻路,243
2026-04-27 09:16:51,2,缓行,35.6,87.50%,12.50%,0.00%,珞喻路,畅通,45,从珞狮路到喻家湖路,341
2026-04-27 09:16:51,2,缓行,35.6,87.50%,12.50%,0.00%,珞喻路,畅通,40,从喻家湖路到珞狮路,161
2026-04-27 09:16:51,2,缓行,35.6,87.50%,12.50%,0.00%,民族大道,畅通,35,从汤逊湖北路到珞喻路,79
2026-04-27 09:16:51,2,缓行,35.6,87.50%,12.50%,0.00%,虎泉街,畅通,35,从卓刀泉南路到民族大道,341
2026-04-27 09:16:51,2,缓行,35.6,87.50%,12.50%,0.00%,虎泉街,畅通,35,从民族大道到卓刀泉南路,160
2026-04-27 09:16:51,2,缓行,35.6,87.50%,12.50%,0.00%,鲁磨路,畅通,35,从珞喻路到喻家山北路,67
2026-04-27 09:16:51,2,缓行,35.6,87.50%,12.50%,0.00%,鲁磨路,畅通,35,从团山路到珞喻路,243
2026-04-27 09:18:52,2,缓行,33.8,87.50%,12.50%,0.00%,珞喻路,畅通,45,从珞狮路到喻家湖路,341
2026-04-27 09:18:52,2,缓行,33.8,87.50%,12.50%,0.00%,珞喻路,畅通,40,从喻家湖路到珞狮路,161
2026-04-27 09:18:52,2,缓行,33.8,87.50%,12.50%,0.00%,民族大道,畅通,35,从汤逊湖北路到珞喻路,79
2026-04-27 09:18:52,2,缓行,33.8,87.50%,12.50%,0.00%,虎泉街,畅通,30,从卓刀泉南路到民族大道,341
2026-04-27 09:18:52,2,缓行,33.8,87.50%,12.50%,0.00%,虎泉街,畅通,30,从民族大道到卓刀泉南路,160
2026-04-27 09:18:52,2,缓行,33.8,87.50%,12.50%,0.00%,鲁磨路,畅通,35,从珞喻路到喻家山北路,67
2026-04-27 09:18:52,2,缓行,33.8,87.50%,12.50%,0.00%,鲁磨路,畅通,35,从团山路到珞喻路,243
2026-04-27 09:20:52,2,缓行,33.1,87.50%,12.50%,0.00%,珞喻路,畅通,45,从珞狮路到喻家湖路,341
2026-04-27 09:20:52,2,缓行,33.1,87.50%,12.50%,0.00%,珞喻路,畅通,35,从喻家湖路到珞狮路,161
2026-04-27 09:20:52,2,缓行,33.1,87.50%,12.50%,0.00%,民族大道,畅通,35,从汤逊湖北路到珞喻路,79
2026-04-27 09:20:52,2,缓行,33.1,87.50%,12.50%,0.00%,虎泉街,畅通,30,从卓刀泉南路到民族大道,341
2026-04-27 09:20:52,2,缓行,33.1,87.50%,12.50%,0.00%,虎泉街,畅通,30,从民族大道到卓刀泉南路,160
2026-04-27 09:20:52,2,缓行,33.1,87.50%,12.50%,0.00%,鲁磨路,畅通,35,从珞喻路到喻家山北路,67
2026-04-27 09:20:52,2,缓行,33.1,87.50%,12.50%,0.00%,鲁磨路,畅通,30,从团山路到珞喻路,243
2026-04-27 09:22:53,1,畅通,34.5,100.00%,0.00%,0.00%,珞喻路,畅通,40,从珞狮路到喻家湖路,341
2026-04-27 09:22:53,1,畅通,34.5,100.00%,0.00%,0.00%,珞喻路,畅通,40,从喻家湖路到珞狮路,161
2026-04-27 09:22:53,1,畅通,34.5,100.00%,0.00%,0.00%,民族大道,畅通,40,从汤逊湖北路到珞喻路,79
2026-04-27 09:22:53,1,畅通,34.5,100.00%,0.00%,0.00%,民族大道,畅通,31,从珞喻路到大学园路,258
2026-04-27 09:22:53,1,畅通,34.5,100.00%,0.00%,0.00%,虎泉街,畅通,30,从卓刀泉南路到民族大道,341
2026-04-27 09:22:53,1,畅通,34.5,100.00%,0.00%,0.00%,虎泉街,畅通,30,从民族大道到卓刀泉南路,160
2026-04-27 09:22:53,1,畅通,34.5,100.00%,0.00%,0.00%,鲁磨路,畅通,30,从珞喻路到喻家山北路,67
2026-04-27 09:22:53,1,畅通,34.5,100.00%,0.00%,0.00%,鲁磨路,畅通,35,从团山路到珞喻路,243
2026-04-27 09:24:54,1,畅通,35.1,100.00%,0.00%,0.00%,珞喻路,畅通,45,从珞狮路到喻家湖路,341
2026-04-27 09:24:54,1,畅通,35.1,100.00%,0.00%,0.00%,珞喻路,畅通,40,从喻家湖路到珞狮路,161
2026-04-27 09:24:54,1,畅通,35.1,100.00%,0.00%,0.00%,民族大道,畅通,35,从汤逊湖北路到珞喻路,79
2026-04-27 09:24:54,1,畅通,35.1,100.00%,0.00%,0.00%,民族大道,畅通,31,从珞喻路到大学园路,258
2026-04-27 09:24:54,1,畅通,35.1,100.00%,0.00%,0.00%,虎泉街,畅通,30,从卓刀泉南路到民族大道,341
2026-04-27 09:24:54,1,畅通,35.1,100.00%,0.00%,0.00%,虎泉街,畅通,30,从民族大道到卓刀泉南路,160
2026-04-27 09:24:54,1,畅通,35.1,100.00%,0.00%,0.00%,鲁磨路,畅通,35,从珞喻路到喻家山北路,67
2026-04-27 09:24:54,1,畅通,35.1,100.00%,0.00%,0.00%,鲁磨路,畅通,35,从团山路到珞喻路,243
2026-04-27 09:26:54,1,畅通,35.6,100.00%,0.00%,0.00%,珞喻路,畅通,40,从珞狮路到喻家湖路,341
2026-04-27 09:26:54,1,畅通,35.6,100.00%,0.00%,0.00%,珞喻路,畅通,40,从喻家湖路到珞狮路,161
2026-04-27 09:26:54,1,畅通,35.6,100.00%,0.00%,0.00%,民族大道,畅通,35,从汤逊湖北路到珞喻路,79
2026-04-27 09:26:54,1,畅通,35.6,100.00%,0.00%,0.00%,民族大道,畅通,35,从珞喻路到大学园路,258
2026-04-27 09:26:54,1,畅通,35.6,100.00%,0.00%,0.00%,虎泉街,畅通,35,从卓刀泉南路到民族大道,341
2026-04-27 09:26:54,1,畅通,35.6,100.00%,0.00%,0.00%,虎泉街,畅通,30,从民族大道到卓刀泉南路,160
2026-04-27 09:26:54,1,畅通,35.6,100.00%,0.00%,0.00%,鲁磨路,畅通,35,从珞喻路到喻家山北路,67
2026-04-27 09:26:54,1,畅通,35.6,100.00%,0.00%,0.00%,鲁磨路,畅通,35,从团山路到珞喻路,243
2026-04-27 09:28:55,1,畅通,35.9,100.00%,0.00%,0.00%,珞喻路,畅通,40,从珞狮路到喻家湖路,341
2026-04-27 09:28:55,1,畅通,35.9,100.00%,0.00%,0.00%,珞喻路,畅通,40,从喻家湖路到珞狮路,161
2026-04-27 09:28:55,1,畅通,35.9,100.00%,0.00%,0.00%,民族大道,畅通,35,从汤逊湖北路到珞喻路,79
2026-04-27 09:28:55,1,畅通,35.9,100.00%,0.00%,0.00%,民族大道,畅通,37,从珞喻路到大学园路,258
2026-04-27 09:28:55,1,畅通,35.9,100.00%,0.00%,0.00%,虎泉街,畅通,35,从卓刀泉南路到民族大道,341
2026-04-27 09:28:55,1,畅通,35.9,100.00%,0.00%,0.00%,虎泉街,畅通,30,从民族大道到卓刀泉南路,160
2026-04-27 09:28:55,1,畅通,35.9,100.00%,0.00%,0.00%,鲁磨路,畅通,35,从珞喻路到喻家山北路,67
2026-04-27 09:28:55,1,畅通,35.9,100.00%,0.00%,0.00%,鲁磨路,畅通,35,从团山路到珞喻路,243
2026-04-27 09:30:56,1,畅通,35.9,100.00%,0.00%,0.00%,珞喻路,畅通,40,从珞狮路到喻家湖路,341
2026-04-27 09:30:56,1,畅通,35.9,100.00%,0.00%,0.00%,珞喻路,畅通,40,从喻家湖路到珞狮路,161
2026-04-27 09:30:56,1,畅通,35.9,100.00%,0.00%,0.00%,民族大道,畅通,35,从汤逊湖北路到珞喻路,79
2026-04-27 09:30:56,1,畅通,35.9,100.00%,0.00%,0.00%,民族大道,畅通,37,从珞喻路到大学园路,258
2026-04-27 09:30:56,1,畅通,35.9,100.00%,0.00%,0.00%,虎泉街,畅通,35,从卓刀泉南路到民族大道,341
2026-04-27 09:30:56,1,畅通,35.9,100.00%,0.00%,0.00%,虎泉街,畅通,30,从民族大道到卓刀泉南路,160
2026-04-27 09:30:56,1,畅通,35.9,100.00%,0.00%,0.00%,鲁磨路,畅通,35,从珞喻路到喻家山北路,67
2026-04-27 09:30:56,1,畅通,35.9,100.00%,0.00%,0.00%,鲁磨路,畅通,35,从团山路到珞喻路,243
2026-04-27 09:32:56,1,畅通,35.9,100.00%,0.00%,0.00%,珞喻路,畅通,45,从珞狮路到喻家湖路,341
2026-04-27 09:32:56,1,畅通,35.9,100.00%,0.00%,0.00%,珞喻路,畅通,40,从喻家湖路到珞狮路,161
2026-04-27 09:32:56,1,畅通,35.9,100.00%,0.00%,0.00%,民族大道,畅通,35,从汤逊湖北路到珞喻路,79
2026-04-27 09:32:56,1,畅通,35.9,100.00%,0.00%,0.00%,民族大道,畅通,37,从珞喻路到大学园路,258
2026-04-27 09:32:56,1,畅通,35.9,100.00%,0.00%,0.00%,虎泉街,畅通,30,从卓刀泉南路到民族大道,341
2026-04-27 09:32:56,1,畅通,35.9,100.00%,0.00%,0.00%,虎泉街,畅通,30,从民族大道到卓刀泉南路,160
2026-04-27 09:32:56,1,畅通,35.9,100.00%,0.00%,0.00%,鲁磨路,畅通,35,从珞喻路到喻家山北路,67
2026-04-27 09:32:56,1,畅通,35.9,100.00%,0.00%,0.00%,鲁磨路,畅通,35,从团山路到珞喻路,243
2026-04-27 09:34:57,1,畅通,36.2,100.00%,0.00%,0.00%,珞喻路,畅通,45,从珞狮路到喻家湖路,341
2026-04-27 09:34:57,1,畅通,36.2,100.00%,0.00%,0.00%,珞喻路,畅通,45,从喻家湖路到珞狮路,161
2026-04-27 09:34:57,1,畅通,36.2,100.00%,0.00%,0.00%,民族大道,畅通,35,从汤逊湖北路到珞喻路,79
2026-04-27 09:34:57,1,畅通,36.2,100.00%,0.00%,0.00%,民族大道,畅通,35,从珞喻路到大学园路,258
2026-04-27 09:34:57,1,畅通,36.2,100.00%,0.00%,0.00%,虎泉街,畅通,30,从卓刀泉南路到民族大道,341
2026-04-27 09:34:57,1,畅通,36.2,100.00%,0.00%,0.00%,虎泉街,畅通,35,从民族大道到卓刀泉南路,160
2026-04-27 09:34:57,1,畅通,36.2,100.00%,0.00%,0.00%,鲁磨路,畅通,35,从珞喻路到喻家山北路,67
2026-04-27 09:34:57,1,畅通,36.2,100.00%,0.00%,0.00%,鲁磨路,畅通,30,从团山路到珞喻路,243
2026-04-27 09:36:57,1,畅通,35.6,100.00%,0.00%,0.00%,珞喻路,畅通,40,从珞狮路到喻家湖路,341
2026-04-27 09:36:57,1,畅通,35.6,100.00%,0.00%,0.00%,珞喻路,畅通,40,从喻家湖路到珞狮路,161
2026-04-27 09:36:57,1,畅通,35.6,100.00%,0.00%,0.00%,民族大道,畅通,40,从汤逊湖北路到珞喻路,79
2026-04-27 09:36:57,1,畅通,35.6,100.00%,0.00%,0.00%,民族大道,畅通,35,从珞喻路到大学园路,258
2026-04-27 09:36:57,1,畅通,35.6,100.00%,0.00%,0.00%,虎泉街,畅通,30,从卓刀泉南路到民族大道,341
2026-04-27 09:36:57,1,畅通,35.6,100.00%,0.00%,0.00%,虎泉街,畅通,30,从民族大道到卓刀泉南路,160
2026-04-27 09:36:57,1,畅通,35.6,100.00%,0.00%,0.00%,鲁磨路,畅通,35,从珞喻路到喻家山北路,67
2026-04-27 09:36:57,1,畅通,35.6,100.00%,0.00%,0.00%,鲁磨路,畅通,35,从团山路到珞喻路,243
2026-04-27 09:38:58,1,畅通,35.6,100.00%,0.00%,0.00%,珞喻路,畅通,40,从珞狮路到喻家湖路,341
2026-04-27 09:38:58,1,畅通,35.6,100.00%,0.00%,0.00%,珞喻路,畅通,40,从喻家湖路到珞狮路,161
2026-04-27 09:38:58,1,畅通,35.6,100.00%,0.00%,0.00%,民族大道,畅通,40,从汤逊湖北路到珞喻路,79
2026-04-27 09:38:58,1,畅通,35.6,100.00%,0.00%,0.00%,民族大道,畅通,35,从珞喻路到大学园路,258
2026-04-27 09:38:58,1,畅通,35.6,100.00%,0.00%,0.00%,虎泉街,畅通,30,从卓刀泉南路到民族大道,341
2026-04-27 09:38:58,1,畅通,35.6,100.00%,0.00%,0.00%,虎泉街,畅通,30,从民族大道到卓刀泉南路,160
2026-04-27 09:38:58,1,畅通,35.6,100.00%,0.00%,0.00%,鲁磨路,畅通,35,从珞喻路到喻家山北路,67
2026-04-27 09:38:58,1,畅通,35.6,100.00%,0.00%,0.00%,鲁磨路,畅通,35,从团山路到珞喻路,243
2026-04-27 09:40:59,1,畅通,35.6,100.00%,0.00%,0.00%,珞喻路,畅通,45,从珞狮路到喻家湖路,341
2026-04-27 09:40:59,1,畅通,35.6,100.00%,0.00%,0.00%,珞喻路,畅通,35,从喻家湖路到珞狮路,161
2026-04-27 09:40:59,1,畅通,35.6,100.00%,0.00%,0.00%,民族大道,畅通,40,从汤逊湖北路到珞喻路,79
2026-04-27 09:40:59,1,畅通,35.6,100.00%,0.00%,0.00%,民族大道,畅通,35,从珞喻路到大学园路,258
2026-04-27 09:40:59,1,畅通,35.6,100.00%,0.00%,0.00%,虎泉街,畅通,30,从卓刀泉南路到民族大道,341
2026-04-27 09:40:59,1,畅通,35.6,100.00%,0.00%,0.00%,虎泉街,畅通,30,从民族大道到卓刀泉南路,160
2026-04-27 09:40:59,1,畅通,35.6,100.00%,0.00%,0.00%,鲁磨路,畅通,35,从珞喻路到喻家山北路,67
2026-04-27 09:40:59,1,畅通,35.6,100.00%,0.00%,0.00%,鲁磨路,畅通,35,从团山路到珞喻路,243
2026-04-27 09:42:59,1,畅通,35.6,100.00%,0.00%,0.00%,珞喻路,畅通,45,从珞狮路到喻家湖路,341
2026-04-27 09:42:59,1,畅通,35.6,100.00%,0.00%,0.00%,珞喻路,畅通,35,从喻家湖路到珞狮路,161
2026-04-27 09:42:59,1,畅通,35.6,100.00%,0.00%,0.00%,民族大道,畅通,40,从汤逊湖北路到珞喻路,79
2026-04-27 09:42:59,1,畅通,35.6,100.00%,0.00%,0.00%,民族大道,畅通,35,从珞喻路到大学园路,258
2026-04-27 09:42:59,1,畅通,35.6,100.00%,0.00%,0.00%,虎泉街,畅通,30,从卓刀泉南路到民族大道,341
2026-04-27 09:42:59,1,畅通,35.6,100.00%,0.00%,0.00%,虎泉街,畅通,30,从民族大道到卓刀泉南路,160
2026-04-27 09:42:59,1,畅通,35.6,100.00%,0.00%,0.00%,鲁磨路,畅通,35,从珞喻路到喻家山北路,67
2026-04-27 09:42:59,1,畅通,35.6,100.00%,0.00%,0.00%,鲁磨路,畅通,35,从团山路到珞喻路,243
2026-04-27 09:45:00,1,畅通,34.6,100.00%,0.00%,0.00%,珞喻路,畅通,40,从珞狮路到喻家湖路,341
2026-04-27 09:45:00,1,畅通,34.6,100.00%,0.00%,0.00%,珞喻路,畅通,35,从喻家湖路到珞狮路,161
2026-04-27 09:45:00,1,畅通,34.6,100.00%,0.00%,0.00%,民族大道,畅通,35,从汤逊湖北路到珞喻路,79
2026-04-27 09:45:00,1,畅通,34.6,100.00%,0.00%,0.00%,民族大道,畅通,37,从珞喻路到大学园路,258
2026-04-27 09:45:00,1,畅通,34.6,100.00%,0.00%,0.00%,虎泉街,畅通,30,从卓刀泉南路到民族大道,341
2026-04-27 09:45:00,1,畅通,34.6,100.00%,0.00%,0.00%,虎泉街,畅通,30,从民族大道到卓刀泉南路,160
2026-04-27 09:45:00,1,畅通,34.6,100.00%,0.00%,0.00%,鲁磨路,畅通,35,从珞喻路到喻家山北路,67
2026-04-27 09:45:00,1,畅通,34.6,100.00%,0.00%,0.00%,鲁磨路,畅通,35,从团山路到珞喻路,243
2026-04-27 09:47:00,1,畅通,34.6,100.00%,0.00%,0.00%,珞喻路,畅通,40,从珞狮路到喻家湖路,341
2026-04-27 09:47:00,1,畅通,34.6,100.00%,0.00%,0.00%,珞喻路,畅通,35,从喻家湖路到珞狮路,161
2026-04-27 09:47:00,1,畅通,34.6,100.00%,0.00%,0.00%,民族大道,畅通,35,从汤逊湖北路到珞喻路,79
2026-04-27 09:47:00,1,畅通,34.6,100.00%,0.00%,0.00%,民族大道,畅通,37,从珞喻路到大学园路,258
2026-04-27 09:47:00,1,畅通,34.6,100.00%,0.00%,0.00%,虎泉街,畅通,30,从卓刀泉南路到民族大道,341
2026-04-27 09:47:00,1,畅通,34.6,100.00%,0.00%,0.00%,虎泉街,畅通,30,从民族大道到卓刀泉南路,160
2026-04-27 09:47:00,1,畅通,34.6,100.00%,0.00%,0.00%,鲁磨路,畅通,35,从珞喻路到喻家山北路,67
2026-04-27 09:47:00,1,畅通,34.6,100.00%,0.00%,0.00%,鲁磨路,畅通,35,从团山路到珞喻路,243
2026-04-27 09:49:01,1,畅通,34.6,100.00%,0.00%,0.00%,珞喻路,畅通,40,从珞狮路到喻家湖路,341
2026-04-27 09:49:01,1,畅通,34.6,100.00%,0.00%,0.00%,珞喻路,畅通,35,从喻家湖路到珞狮路,161
2026-04-27 09:49:01,1,畅通,34.6,100.00%,0.00%,0.00%,民族大道,畅通,35,从汤逊湖北路到珞喻路,79
2026-04-27 09:49:01,1,畅通,34.6,100.00%,0.00%,0.00%,民族大道,畅通,37,从珞喻路到大学园路,258
2026-04-27 09:49:01,1,畅通,34.6,100.00%,0.00%,0.00%,虎泉街,畅通,30,从卓刀泉南路到民族大道,341
2026-04-27 09:49:01,1,畅通,34.6,100.00%,0.00%,0.00%,虎泉街,畅通,30,从民族大道到卓刀泉南路,160
2026-04-27 09:49:01,1,畅通,34.6,100.00%,0.00%,0.00%,鲁磨路,畅通,35,从珞喻路到喻家山北路,67
2026-04-27 09:49:01,1,畅通,34.6,100.00%,0.00%,0.00%,鲁磨路,畅通,35,从团山路到珞喻路,243
2026-04-27 09:51:02,1,畅通,35.6,100.00%,0.00%,0.00%,珞喻路,畅通,45,从珞狮路到喻家湖路,341
2026-04-27 09:51:02,1,畅通,35.6,100.00%,0.00%,0.00%,珞喻路,畅通,45,从喻家湖路到珞狮路,161
2026-04-27 09:51:02,1,畅通,35.6,100.00%,0.00%,0.00%,民族大道,畅通,35,从汤逊湖北路到珞喻路,79
2026-04-27 09:51:02,1,畅通,35.6,100.00%,0.00%,0.00%,虎泉街,畅通,30,从卓刀泉南路到民族大道,341
2026-04-27 09:51:02,1,畅通,35.6,100.00%,0.00%,0.00%,虎泉街,畅通,30,从民族大道到卓刀泉南路,160
2026-04-27 09:51:02,1,畅通,35.6,100.00%,0.00%,0.00%,鲁磨路,畅通,35,从珞喻路到喻家山北路,67
2026-04-27 09:51:02,1,畅通,35.6,100.00%,0.00%,0.00%,鲁磨路,畅通,35,从团山路到珞喻路,243
2026-04-27 09:53:02,1,畅通,35.4,100.00%,0.00%,0.00%,珞喻路,畅通,45,从珞狮路到喻家湖路,341
2026-04-27 09:53:02,1,畅通,35.4,100.00%,0.00%,0.00%,珞喻路,畅通,40,从喻家湖路到珞狮路,161
2026-04-27 09:53:02,1,畅通,35.4,100.00%,0.00%,0.00%,民族大道,畅通,35,从汤逊湖北路到珞喻路,79
2026-04-27 09:53:02,1,畅通,35.4,100.00%,0.00%,0.00%,民族大道,畅通,33,从珞喻路到大学园路,258
2026-04-27 09:53:02,1,畅通,35.4,100.00%,0.00%,0.00%,虎泉街,畅通,35,从卓刀泉南路到民族大道,341
2026-04-27 09:53:02,1,畅通,35.4,100.00%,0.00%,0.00%,虎泉街,畅通,30,从民族大道到卓刀泉南路,160
2026-04-27 09:53:02,1,畅通,35.4,100.00%,0.00%,0.00%,鲁磨路,畅通,35,从珞喻路到喻家山北路,67
2026-04-27 09:53:02,1,畅通,35.4,100.00%,0.00%,0.00%,鲁磨路,畅通,30,从团山路到珞喻路,243
2026-04-27 09:55:03,1,畅通,35.4,100.00%,0.00%,0.00%,珞喻路,畅通,45,从珞狮路到喻家湖路,341
2026-04-27 09:55:03,1,畅通,35.4,100.00%,0.00%,0.00%,珞喻路,畅通,40,从喻家湖路到珞狮路,161
2026-04-27 09:55:03,1,畅通,35.4,100.00%,0.00%,0.00%,民族大道,畅通,35,从汤逊湖北路到珞喻路,79
2026-04-27 09:55:03,1,畅通,35.4,100.00%,0.00%,0.00%,民族大道,畅通,33,从珞喻路到大学园路,258
2026-04-27 09:55:03,1,畅通,35.4,100.00%,0.00%,0.00%,虎泉街,畅通,35,从卓刀泉南路到民族大道,341
2026-04-27 09:55:03,1,畅通,35.4,100.00%,0.00%,0.00%,虎泉街,畅通,30,从民族大道到卓刀泉南路,160
2026-04-27 09:55:03,1,畅通,35.4,100.00%,0.00%,0.00%,鲁磨路,畅通,35,从珞喻路到喻家山北路,67
2026-04-27 09:55:03,1,畅通,35.4,100.00%,0.00%,0.00%,鲁磨路,畅通,30,从团山路到珞喻路,243
2026-04-27 09:57:04,1,畅通,40.7,100.00%,0.00%,0.00%,珞喻路,畅通,45,从珞狮路到喻家湖路,341
2026-04-27 09:57:04,1,畅通,40.7,100.00%,0.00%,0.00%,珞喻路,畅通,45,从喻家湖路到珞狮路,161
2026-04-27 09:57:04,1,畅通,40.7,100.00%,0.00%,0.00%,民族大道,畅通,35,从汤逊湖北路到珞喻路,79
2026-04-27 09:57:04,1,畅通,40.7,100.00%,0.00%,0.00%,民族大道,畅通,37,从珞喻路到大学园路,258
2026-04-27 09:57:04,1,畅通,40.7,100.00%,0.00%,0.00%,虎泉街,畅通,30,从卓刀泉南路到民族大道,341
2026-04-27 09:57:04,1,畅通,40.7,100.00%,0.00%,0.00%,虎泉街,畅通,30,从民族大道到卓刀泉南路,160
2026-04-27 09:57:04,1,畅通,40.7,100.00%,0.00%,0.00%,鲁磨路,畅通,35,从珞喻路到喻家山北路,67
2026-04-27 09:57:04,1,畅通,40.7,100.00%,0.00%,0.00%,鲁磨路,畅通,30,从团山路到珞喻路,243
2026-04-27 09:59:04,1,畅通,37.1,100.00%,0.00%,0.00%,珞喻路,畅通,45,从珞狮路到喻家湖路,341
2026-04-27 09:59:04,1,畅通,37.1,100.00%,0.00%,0.00%,珞喻路,畅通,45,从喻家湖路到珞狮路,161
2026-04-27 09:59:04,1,畅通,37.1,100.00%,0.00%,0.00%,民族大道,畅通,35,从汤逊湖北路到珞喻路,79
2026-04-27 09:59:04,1,畅通,37.1,100.00%,0.00%,0.00%,民族大道,畅通,37,从珞喻路到大学园路,258
2026-04-27 09:59:04,1,畅通,37.1,100.00%,0.00%,0.00%,虎泉街,畅通,35,从卓刀泉南路到民族大道,341
2026-04-27 09:59:04,1,畅通,37.1,100.00%,0.00%,0.00%,虎泉街,畅通,30,从民族大道到卓刀泉南路,160
2026-04-27 09:59:04,1,畅通,37.1,100.00%,0.00%,0.00%,鲁磨路,畅通,35,从珞喻路到喻家山北路,67
2026-04-27 09:59:04,1,畅通,37.1,100.00%,0.00%,0.00%,鲁磨路,畅通,35,从团山路到珞喻路,243
2026-04-27 10:01:05,1,畅通,37.1,100.00%,0.00%,0.00%,珞喻路,畅通,45,从珞狮路到喻家湖路,341
2026-04-27 10:01:05,1,畅通,37.1,100.00%,0.00%,0.00%,珞喻路,畅通,45,从喻家湖路到珞狮路,161
2026-04-27 10:01:05,1,畅通,37.1,100.00%,0.00%,0.00%,民族大道,畅通,35,从汤逊湖北路到珞喻路,79
2026-04-27 10:01:05,1,畅通,37.1,100.00%,0.00%,0.00%,民族大道,畅通,37,从珞喻路到大学园路,258
2026-04-27 10:01:05,1,畅通,37.1,100.00%,0.00%,0.00%,虎泉街,畅通,35,从卓刀泉南路到民族大道,341
2026-04-27 10:01:05,1,畅通,37.1,100.00%,0.00%,0.00%,虎泉街,畅通,35,从民族大道到卓刀泉南路,160
2026-04-27 10:01:05,1,畅通,37.1,100.00%,0.00%,0.00%,鲁磨路,畅通,35,从珞喻路到喻家山北路,67
2026-04-27 10:01:05,1,畅通,37.1,100.00%,0.00%,0.00%,鲁磨路,畅通,30,从团山路到珞喻路,243
2026-04-27 10:03:05,1,畅通,37.1,100.00%,0.00%,0.00%,珞喻路,畅通,45,从珞狮路到喻家湖路,341
2026-04-27 10:03:05,1,畅通,37.1,100.00%,0.00%,0.00%,珞喻路,畅通,45,从喻家湖路到珞狮路,161
2026-04-27 10:03:05,1,畅通,37.1,100.00%,0.00%,0.00%,民族大道,畅通,35,从汤逊湖北路到珞喻路,79
2026-04-27 10:03:05,1,畅通,37.1,100.00%,0.00%,0.00%,民族大道,畅通,37,从珞喻路到大学园路,258
2026-04-27 10:03:05,1,畅通,37.1,100.00%,0.00%,0.00%,虎泉街,畅通,35,从卓刀泉南路到民族大道,341
2026-04-27 10:03:05,1,畅通,37.1,100.00%,0.00%,0.00%,虎泉街,畅通,35,从民族大道到卓刀泉南路,160
2026-04-27 10:03:05,1,畅通,37.1,100.00%,0.00%,0.00%,鲁磨路,畅通,35,从珞喻路到喻家山北路,67
2026-04-27 10:03:05,1,畅通,37.1,100.00%,0.00%,0.00%,鲁磨路,畅通,30,从团山路到珞喻路,243
2026-04-27 10:05:06,1,畅通,37.1,100.00%,0.00%,0.00%,珞喻路,畅通,45,从珞狮路到喻家湖路,341
2026-04-27 10:05:06,1,畅通,37.1,100.00%,0.00%,0.00%,珞喻路,畅通,45,从喻家湖路到珞狮路,161
2026-04-27 10:05:06,1,畅通,37.1,100.00%,0.00%,0.00%,民族大道,畅通,35,从汤逊湖北路到珞喻路,79
2026-04-27 10:05:06,1,畅通,37.1,100.00%,0.00%,0.00%,民族大道,畅通,37,从珞喻路到大学园路,258
2026-04-27 10:05:06,1,畅通,37.1,100.00%,0.00%,0.00%,虎泉街,畅通,35,从卓刀泉南路到民族大道,341
2026-04-27 10:05:06,1,畅通,37.1,100.00%,0.00%,0.00%,虎泉街,畅通,30,从民族大道到卓刀泉南路,160
2026-04-27 10:05:06,1,畅通,37.1,100.00%,0.00%,0.00%,鲁磨路,畅通,35,从珞喻路到喻家山北路,67
2026-04-27 10:05:06,1,畅通,37.1,100.00%,0.00%,0.00%,鲁磨路,畅通,35,从团山路到珞喻路,243
2026-04-27 10:07:07,1,畅通,35.9,100.00%,0.00%,0.00%,珞喻路,畅通,45,从珞狮路到喻家湖路,341
2026-04-27 10:07:07,1,畅通,35.9,100.00%,0.00%,0.00%,珞喻路,畅通,45,从喻家湖路到珞狮路,161
2026-04-27 10:07:07,1,畅通,35.9,100.00%,0.00%,0.00%,民族大道,畅通,35,从汤逊湖北路到珞喻路,79
2026-04-27 10:07:07,1,畅通,35.9,100.00%,0.00%,0.00%,民族大道,畅通,37,从珞喻路到大学园路,258
2026-04-27 10:07:07,1,畅通,35.9,100.00%,0.00%,0.00%,虎泉街,畅通,30,从卓刀泉南路到民族大道,341
2026-04-27 10:07:07,1,畅通,35.9,100.00%,0.00%,0.00%,虎泉街,畅通,30,从民族大道到卓刀泉南路,160
2026-04-27 10:07:07,1,畅通,35.9,100.00%,0.00%,0.00%,鲁磨路,畅通,35,从珞喻路到喻家山北路,67
2026-04-27 10:07:07,1,畅通,35.9,100.00%,0.00%,0.00%,鲁磨路,畅通,30,从团山路到珞喻路,243
2026-04-27 10:09:07,1,畅通,36.5,100.00%,0.00%,0.00%,珞喻路,畅通,45,从珞狮路到喻家湖路,341
2026-04-27 10:09:07,1,畅通,36.5,100.00%,0.00%,0.00%,珞喻路,畅通,45,从喻家湖路到珞狮路,161
2026-04-27 10:09:07,1,畅通,36.5,100.00%,0.00%,0.00%,民族大道,畅通,35,从汤逊湖北路到珞喻路,79
2026-04-27 10:09:07,1,畅通,36.5,100.00%,0.00%,0.00%,民族大道,畅通,37,从珞喻路到大学园路,258
2026-04-27 10:09:07,1,畅通,36.5,100.00%,0.00%,0.00%,虎泉街,畅通,35,从卓刀泉南路到民族大道,341
2026-04-27 10:09:07,1,畅通,36.5,100.00%,0.00%,0.00%,虎泉街,畅通,30,从民族大道到卓刀泉南路,160
2026-04-27 10:09:07,1,畅通,36.5,100.00%,0.00%,0.00%,鲁磨路,畅通,35,从珞喻路到喻家山北路,67
2026-04-27 10:09:07,1,畅通,36.5,100.00%,0.00%,0.00%,鲁磨路,畅通,30,从团山路到珞喻路,243
2026-04-27 10:11:08,1,畅通,36.5,100.00%,0.00%,0.00%,珞喻路,畅通,45,从珞狮路到喻家湖路,341
2026-04-27 10:11:08,1,畅通,36.5,100.00%,0.00%,0.00%,珞喻路,畅通,45,从喻家湖路到珞狮路,161
2026-04-27 10:11:08,1,畅通,36.5,100.00%,0.00%,0.00%,民族大道,畅通,35,从汤逊湖北路到珞喻路,79
2026-04-27 10:11:08,1,畅通,36.5,100.00%,0.00%,0.00%,民族大道,畅通,37,从珞喻路到大学园路,258
2026-04-27 10:11:08,1,畅通,36.5,100.00%,0.00%,0.00%,虎泉街,畅通,35,从卓刀泉南路到民族大道,341
2026-04-27 10:11:08,1,畅通,36.5,100.00%,0.00%,0.00%,虎泉街,畅通,30,从民族大道到卓刀泉南路,160
2026-04-27 10:11:08,1,畅通,36.5,100.00%,0.00%,0.00%,鲁磨路,畅通,35,从珞喻路到喻家山北路,67
2026-04-27 10:11:08,1,畅通,36.5,100.00%,0.00%,0.00%,鲁磨路,畅通,30,从团山路到珞喻路,243
2026-04-27 10:13:09,1,畅通,36.5,100.00%,0.00%,0.00%,珞喻路,畅通,45,从珞狮路到喻家湖路,341
2026-04-27 10:13:09,1,畅通,36.5,100.00%,0.00%,0.00%,珞喻路,畅通,45,从喻家湖路到珞狮路,161
2026-04-27 10:13:09,1,畅通,36.5,100.00%,0.00%,0.00%,民族大道,畅通,35,从汤逊湖北路到珞喻路,79
2026-04-27 10:13:09,1,畅通,36.5,100.00%,0.00%,0.00%,民族大道,畅通,37,从珞喻路到大学园路,258
2026-04-27 10:13:09,1,畅通,36.5,100.00%,0.00%,0.00%,虎泉街,畅通,30,从卓刀泉南路到民族大道,341
2026-04-27 10:13:09,1,畅通,36.5,100.00%,0.00%,0.00%,虎泉街,畅通,30,从民族大道到卓刀泉南路,160
2026-04-27 10:13:09,1,畅通,36.5,100.00%,0.00%,0.00%,鲁磨路,畅通,35,从珞喻路到喻家山北路,67
2026-04-27 10:13:09,1,畅通,36.5,100.00%,0.00%,0.00%,鲁磨路,畅通,35,从团山路到珞喻路,243
2026-04-27 10:15:10,1,畅通,36.5,100.00%,0.00%,0.00%,珞喻路,畅通,45,从珞狮路到喻家湖路,341
2026-04-27 10:15:10,1,畅通,36.5,100.00%,0.00%,0.00%,珞喻路,畅通,45,从喻家湖路到珞狮路,161
2026-04-27 10:15:10,1,畅通,36.5,100.00%,0.00%,0.00%,民族大道,畅通,35,从汤逊湖北路到珞喻路,79
2026-04-27 10:15:10,1,畅通,36.5,100.00%,0.00%,0.00%,民族大道,畅通,37,从珞喻路到大学园路,258
2026-04-27 10:15:10,1,畅通,36.5,100.00%,0.00%,0.00%,虎泉街,畅通,30,从卓刀泉南路到民族大道,341
2026-04-27 10:15:10,1,畅通,36.5,100.00%,0.00%,0.00%,虎泉街,畅通,30,从民族大道到卓刀泉南路,160
2026-04-27 10:15:10,1,畅通,36.5,100.00%,0.00%,0.00%,鲁磨路,畅通,35,从珞喻路到喻家山北路,67
2026-04-27 10:15:10,1,畅通,36.5,100.00%,0.00%,0.00%,鲁磨路,畅通,35,从团山路到珞喻路,243
2026-04-27 10:17:10,1,畅通,36.5,100.00%,0.00%,0.00%,珞喻路,畅通,45,从珞狮路到喻家湖路,341
2026-04-27 10:17:10,1,畅通,36.5,100.00%,0.00%,0.00%,珞喻路,畅通,45,从喻家湖路到珞狮路,161
2026-04-27 10:17:10,1,畅通,36.5,100.00%,0.00%,0.00%,民族大道,畅通,35,从汤逊湖北路到珞喻路,79
2026-04-27 10:17:10,1,畅通,36.5,100.00%,0.00%,0.00%,民族大道,畅通,37,从珞喻路到大学园路,258
2026-04-27 10:17:10,1,畅通,36.5,100.00%,0.00%,0.00%,虎泉街,畅通,30,从卓刀泉南路到民族大道,341
2026-04-27 10:17:10,1,畅通,36.5,100.00%,0.00%,0.00%,虎泉街,畅通,30,从民族大道到卓刀泉南路,160
2026-04-27 10:17:10,1,畅通,36.5,100.00%,0.00%,0.00%,鲁磨路,畅通,35,从珞喻路到喻家山北路,67
2026-04-27 10:17:10,1,畅通,36.5,100.00%,0.00%,0.00%,鲁磨路,畅通,35,从团山路到珞喻路,243
2026-04-27 10:19:11,1,畅通,36.6,100.00%,0.00%,0.00%,珞喻路,畅通,45,从珞狮路到喻家湖路,341
2026-04-27 10:19:11,1,畅通,36.6,100.00%,0.00%,0.00%,珞喻路,畅通,45,从喻家湖路到珞狮路,161
2026-04-27 10:19:11,1,畅通,36.6,100.00%,0.00%,0.00%,民族大道,畅通,35,从汤逊湖北路到珞喻路,79
2026-04-27 10:19:11,1,畅通,36.6,100.00%,0.00%,0.00%,民族大道,畅通,38,从珞喻路到大学园路,258
2026-04-27 10:19:11,1,畅通,36.6,100.00%,0.00%,0.00%,虎泉街,畅通,30,从卓刀泉南路到民族大道,341
2026-04-27 10:19:11,1,畅通,36.6,100.00%,0.00%,0.00%,虎泉街,畅通,30,从民族大道到卓刀泉南路,160
2026-04-27 10:19:11,1,畅通,36.6,100.00%,0.00%,0.00%,鲁磨路,畅通,35,从珞喻路到喻家山北路,67
2026-04-27 10:19:11,1,畅通,36.6,100.00%,0.00%,0.00%,鲁磨路,畅通,35,从团山路到珞喻路,243
2026-04-27 10:21:11,1,畅通,36.5,100.00%,0.00%,0.00%,珞喻路,畅通,45,从珞狮路到喻家湖路,341
2026-04-27 10:21:11,1,畅通,36.5,100.00%,0.00%,0.00%,珞喻路,畅通,45,从喻家湖路到珞狮路,161
2026-04-27 10:21:11,1,畅通,36.5,100.00%,0.00%,0.00%,民族大道,畅通,40,从汤逊湖北路到珞喻路,79
2026-04-27 10:21:11,1,畅通,36.5,100.00%,0.00%,0.00%,民族大道,畅通,37,从珞喻路到大学园路,258
2026-04-27 10:21:11,1,畅通,36.5,100.00%,0.00%,0.00%,虎泉街,畅通,30,从卓刀泉南路到民族大道,341
2026-04-27 10:21:11,1,畅通,36.5,100.00%,0.00%,0.00%,虎泉街,畅通,30,从民族大道到卓刀泉南路,160
2026-04-27 10:21:11,1,畅通,36.5,100.00%,0.00%,0.00%,鲁磨路,畅通,35,从珞喻路到喻家山北路,67
2026-04-27 10:21:11,1,畅通,36.5,100.00%,0.00%,0.00%,鲁磨路,畅通,30,从团山路到珞喻路,243
2026-04-27 10:23:12,1,畅通,36.5,100.00%,0.00%,0.00%,珞喻路,畅通,45,从珞狮路到喻家湖路,341
2026-04-27 10:23:12,1,畅通,36.5,100.00%,0.00%,0.00%,珞喻路,畅通,45,从喻家湖路到珞狮路,161
2026-04-27 10:23:12,1,畅通,36.5,100.00%,0.00%,0.00%,民族大道,畅通,40,从汤逊湖北路到珞喻路,79
2026-04-27 10:23:12,1,畅通,36.5,100.00%,0.00%,0.00%,民族大道,畅通,37,从珞喻路到大学园路,258
2026-04-27 10:23:12,1,畅通,36.5,100.00%,0.00%,0.00%,虎泉街,畅通,30,从卓刀泉南路到民族大道,341
2026-04-27 10:23:12,1,畅通,36.5,100.00%,0.00%,0.00%,虎泉街,畅通,30,从民族大道到卓刀泉南路,160
2026-04-27 10:23:12,1,畅通,36.5,100.00%,0.00%,0.00%,鲁磨路,畅通,35,从珞喻路到喻家山北路,67
2026-04-27 10:23:12,1,畅通,36.5,100.00%,0.00%,0.00%,鲁磨路,畅通,30,从团山路到珞喻路,243
2026-04-27 10:25:13,1,畅通,37.0,100.00%,0.00%,0.00%,珞喻路,畅通,45,从珞狮路到喻家湖路,341
2026-04-27 10:25:13,1,畅通,37.0,100.00%,0.00%,0.00%,珞喻路,畅通,45,从喻家湖路到珞狮路,161
2026-04-27 10:25:13,1,畅通,37.0,100.00%,0.00%,0.00%,民族大道,畅通,40,从汤逊湖北路到珞喻路,79
2026-04-27 10:25:13,1,畅通,37.0,100.00%,0.00%,0.00%,民族大道,畅通,41,从珞喻路到大学园路,258
2026-04-27 10:25:13,1,畅通,37.0,100.00%,0.00%,0.00%,虎泉街,畅通,30,从卓刀泉南路到民族大道,341
2026-04-27 10:25:13,1,畅通,37.0,100.00%,0.00%,0.00%,虎泉街,畅通,30,从民族大道到卓刀泉南路,160
2026-04-27 10:25:13,1,畅通,37.0,100.00%,0.00%,0.00%,鲁磨路,畅通,30,从珞喻路到喻家山北路,67
2026-04-27 10:25:13,1,畅通,37.0,100.00%,0.00%,0.00%,鲁磨路,畅通,35,从团山路到珞喻路,243
2026-04-27 10:27:13,1,畅通,35.9,100.00%,0.00%,0.00%,珞喻路,畅通,45,从珞狮路到喻家湖路,341
2026-04-27 10:27:13,1,畅通,35.9,100.00%,0.00%,0.00%,珞喻路,畅通,40,从喻家湖路到珞狮路,161
2026-04-27 10:27:13,1,畅通,35.9,100.00%,0.00%,0.00%,民族大道,畅通,35,从汤逊湖北路到珞喻路,79
2026-04-27 10:27:13,1,畅通,35.9,100.00%,0.00%,0.00%,民族大道,畅通,37,从珞喻路到大学园路,258
2026-04-27 10:27:13,1,畅通,35.9,100.00%,0.00%,0.00%,虎泉街,畅通,30,从卓刀泉南路到民族大道,341
2026-04-27 10:27:13,1,畅通,35.9,100.00%,0.00%,0.00%,虎泉街,畅通,30,从民族大道到卓刀泉南路,160
2026-04-27 10:27:13,1,畅通,35.9,100.00%,0.00%,0.00%,鲁磨路,畅通,35,从珞喻路到喻家山北路,67
2026-04-27 10:27:13,1,畅通,35.9,100.00%,0.00%,0.00%,鲁磨路,畅通,35,从团山路到珞喻路,243
2026-04-27 10:29:14,1,畅通,36.5,100.00%,0.00%,0.00%,珞喻路,畅通,45,从珞狮路到喻家湖路,341
2026-04-27 10:29:14,1,畅通,36.5,100.00%,0.00%,0.00%,珞喻路,畅通,45,从喻家湖路到珞狮路,161
2026-04-27 10:29:14,1,畅通,36.5,100.00%,0.00%,0.00%,民族大道,畅通,35,从汤逊湖北路到珞喻路,79
2026-04-27 10:29:14,1,畅通,36.5,100.00%,0.00%,0.00%,民族大道,畅通,37,从珞喻路到大学园路,258
2026-04-27 10:29:14,1,畅通,36.5,100.00%,0.00%,0.00%,虎泉街,畅通,30,从卓刀泉南路到民族大道,341
2026-04-27 10:29:14,1,畅通,36.5,100.00%,0.00%,0.00%,虎泉街,畅通,30,从民族大道到卓刀泉南路,160
2026-04-27 10:29:14,1,畅通,36.5,100.00%,0.00%,0.00%,鲁磨路,畅通,35,从珞喻路到喻家山北路,67
2026-04-27 10:29:14,1,畅通,36.5,100.00%,0.00%,0.00%,鲁磨路,畅通,35,从团山路到珞喻路,243
2026-04-27 10:31:14,1,畅通,36.5,100.00%,0.00%,0.00%,珞喻路,畅通,45,从珞狮路到喻家湖路,341
2026-04-27 10:31:14,1,畅通,36.5,100.00%,0.00%,0.00%,珞喻路,畅通,45,从喻家湖路到珞狮路,161
2026-04-27 10:31:14,1,畅通,36.5,100.00%,0.00%,0.00%,民族大道,畅通,35,从汤逊湖北路到珞喻路,79
2026-04-27 10:31:14,1,畅通,36.5,100.00%,0.00%,0.00%,民族大道,畅通,37,从珞喻路到大学园路,258
2026-04-27 10:31:14,1,畅通,36.5,100.00%,0.00%,0.00%,虎泉街,畅通,30,从卓刀泉南路到民族大道,341
2026-04-27 10:31:14,1,畅通,36.5,100.00%,0.00%,0.00%,虎泉街,畅通,30,从民族大道到卓刀泉南路,160
2026-04-27 10:31:14,1,畅通,36.5,100.00%,0.00%,0.00%,鲁磨路,畅通,35,从珞喻路到喻家山北路,67
2026-04-27 10:31:14,1,畅通,36.5,100.00%,0.00%,0.00%,鲁磨路,畅通,35,从团山路到珞喻路,243
2026-04-27 11:12:14,1,畅通,36.6,100.00%,0.00%,0.00%,珞喻路,畅通,40,从珞狮路到喻家湖路,341
2026-04-27 11:12:14,1,畅通,36.6,100.00%,0.00%,0.00%,珞喻路,畅通,45,从喻家湖路到珞狮路,161
2026-04-27 11:12:14,1,畅通,36.6,100.00%,0.00%,0.00%,民族大道,畅通,35,从汤逊湖北路到珞喻路,79
2026-04-27 11:12:14,1,畅通,36.6,100.00%,0.00%,0.00%,民族大道,畅通,38,从珞喻路到大学园路,258
2026-04-27 11:12:14,1,畅通,36.6,100.00%,0.00%,0.00%,虎泉街,畅通,35,从卓刀泉南路到民族大道,341
2026-04-27 11:12:14,1,畅通,36.6,100.00%,0.00%,0.00%,虎泉街,畅通,30,从民族大道到卓刀泉南路,160
2026-04-27 11:12:14,1,畅通,36.6,100.00%,0.00%,0.00%,鲁磨路,畅通,35,从珞喻路到喻家山北路,67
2026-04-27 11:12:14,1,畅通,36.6,100.00%,0.00%,0.00%,鲁磨路,畅通,35,从团山路到珞喻路,243
2026-04-27 11:12:16,1,畅通,36.6,100.00%,0.00%,0.00%,珞喻路,畅通,40,从珞狮路到喻家湖路,341
2026-04-27 11:12:16,1,畅通,36.6,100.00%,0.00%,0.00%,珞喻路,畅通,45,从喻家湖路到珞狮路,161
2026-04-27 11:12:16,1,畅通,36.6,100.00%,0.00%,0.00%,民族大道,畅通,35,从汤逊湖北路到珞喻路,79
2026-04-27 11:12:16,1,畅通,36.6,100.00%,0.00%,0.00%,民族大道,畅通,38,从珞喻路到大学园路,258
2026-04-27 11:12:16,1,畅通,36.6,100.00%,0.00%,0.00%,虎泉街,畅通,35,从卓刀泉南路到民族大道,341
2026-04-27 11:12:16,1,畅通,36.6,100.00%,0.00%,0.00%,虎泉街,畅通,30,从民族大道到卓刀泉南路,160
2026-04-27 11:12:16,1,畅通,36.6,100.00%,0.00%,0.00%,鲁磨路,畅通,35,从珞喻路到喻家山北路,67
2026-04-27 11:12:16,1,畅通,36.6,100.00%,0.00%,0.00%,鲁磨路,畅通,35,从团山路到珞喻路,243
2026-04-27 11:14:17,1,畅通,36.6,100.00%,0.00%,0.00%,珞喻路,畅通,45,从珞狮路到喻家湖路,341
2026-04-27 11:14:17,1,畅通,36.6,100.00%,0.00%,0.00%,珞喻路,畅通,45,从喻家湖路到珞狮路,161
2026-04-27 11:14:17,1,畅通,36.6,100.00%,0.00%,0.00%,民族大道,畅通,35,从汤逊湖北路到珞喻路,79
2026-04-27 11:14:17,1,畅通,36.6,100.00%,0.00%,0.00%,民族大道,畅通,38,从珞喻路到大学园路,258
2026-04-27 11:14:17,1,畅通,36.6,100.00%,0.00%,0.00%,虎泉街,畅通,30,从卓刀泉南路到民族大道,341
2026-04-27 11:14:17,1,畅通,36.6,100.00%,0.00%,0.00%,虎泉街,畅通,30,从民族大道到卓刀泉南路,160
2026-04-27 11:14:17,1,畅通,36.6,100.00%,0.00%,0.00%,鲁磨路,畅通,35,从珞喻路到喻家山北路,67
2026-04-27 11:14:17,1,畅通,36.6,100.00%,0.00%,0.00%,鲁磨路,畅通,35,从团山路到珞喻路,243
2026-04-27 11:16:18,1,畅通,36.6,100.00%,0.00%,0.00%,珞喻路,畅通,45,从珞狮路到喻家湖路,341
2026-04-27 11:16:18,1,畅通,36.6,100.00%,0.00%,0.00%,珞喻路,畅通,45,从喻家湖路到珞狮路,161
2026-04-27 11:16:18,1,畅通,36.6,100.00%,0.00%,0.00%,民族大道,畅通,35,从汤逊湖北路到珞喻路,79
2026-04-27 11:16:18,1,畅通,36.6,100.00%,0.00%,0.00%,民族大道,畅通,38,从珞喻路到大学园路,258
2026-04-27 11:16:18,1,畅通,36.6,100.00%,0.00%,0.00%,虎泉街,畅通,30,从卓刀泉南路到民族大道,341
2026-04-27 11:16:18,1,畅通,36.6,100.00%,0.00%,0.00%,虎泉街,畅通,30,从民族大道到卓刀泉南路,160
2026-04-27 11:16:18,1,畅通,36.6,100.00%,0.00%,0.00%,鲁磨路,畅通,35,从珞喻路到喻家山北路,67
2026-04-27 11:16:18,1,畅通,36.6,100.00%,0.00%,0.00%,鲁磨路,畅通,35,从团山路到珞喻路,243
2026-04-27 11:18:18,2,缓行,33.8,87.50%,12.50%,0.00%,珞喻路,畅通,40,从珞狮路到喻家湖路,341
2026-04-27 11:18:18,2,缓行,33.8,87.50%,12.50%,0.00%,珞喻路,畅通,45,从喻家湖路到珞狮路,161
2026-04-27 11:18:18,2,缓行,33.8,87.50%,12.50%,0.00%,民族大道,畅通,35,从汤逊湖北路到珞喻路,79
2026-04-27 11:18:18,2,缓行,33.8,87.50%,12.50%,0.00%,虎泉街,畅通,30,从卓刀泉南路到民族大道,341
2026-04-27 11:18:18,2,缓行,33.8,87.50%,12.50%,0.00%,虎泉街,畅通,30,从民族大道到卓刀泉南路,160
2026-04-27 11:18:18,2,缓行,33.8,87.50%,12.50%,0.00%,鲁磨路,畅通,30,从珞喻路到喻家山北路,67
2026-04-27 11:18:18,2,缓行,33.8,87.50%,12.50%,0.00%,鲁磨路,畅通,35,从团山路到珞喻路,243
2026-04-27 11:20:19,1,畅通,34.8,100.00%,0.00%,0.00%,珞喻路,畅通,45,从珞狮路到喻家湖路,341
2026-04-27 11:20:19,1,畅通,34.8,100.00%,0.00%,0.00%,珞喻路,畅通,45,从喻家湖路到珞狮路,161
2026-04-27 11:20:19,1,畅通,34.8,100.00%,0.00%,0.00%,民族大道,畅通,35,从汤逊湖北路到珞喻路,79
2026-04-27 11:20:19,1,畅通,34.8,100.00%,0.00%,0.00%,民族大道,畅通,33,从珞喻路到大学园路,258
2026-04-27 11:20:19,1,畅通,34.8,100.00%,0.00%,0.00%,虎泉街,畅通,30,从卓刀泉南路到民族大道,341
2026-04-27 11:20:19,1,畅通,34.8,100.00%,0.00%,0.00%,虎泉街,畅通,30,从民族大道到卓刀泉南路,160
2026-04-27 11:20:19,1,畅通,34.8,100.00%,0.00%,0.00%,鲁磨路,畅通,30,从珞喻路到喻家山北路,67
2026-04-27 11:20:19,1,畅通,34.8,100.00%,0.00%,0.00%,鲁磨路,畅通,30,从团山路到珞喻路,243
2026-04-27 11:22:19,1,畅通,34.8,100.00%,0.00%,0.00%,珞喻路,畅通,45,从珞狮路到喻家湖路,341
2026-04-27 11:22:19,1,畅通,34.8,100.00%,0.00%,0.00%,珞喻路,畅通,45,从喻家湖路到珞狮路,161
2026-04-27 11:22:19,1,畅通,34.8,100.00%,0.00%,0.00%,民族大道,畅通,35,从汤逊湖北路到珞喻路,79
2026-04-27 11:22:19,1,畅通,34.8,100.00%,0.00%,0.00%,民族大道,畅通,33,从珞喻路到大学园路,258
2026-04-27 11:22:19,1,畅通,34.8,100.00%,0.00%,0.00%,虎泉街,畅通,30,从卓刀泉南路到民族大道,341
2026-04-27 11:22:19,1,畅通,34.8,100.00%,0.00%,0.00%,虎泉街,畅通,30,从民族大道到卓刀泉南路,160
2026-04-27 11:22:19,1,畅通,34.8,100.00%,0.00%,0.00%,鲁磨路,畅通,30,从珞喻路到喻家山北路,67
2026-04-27 11:22:19,1,畅通,34.8,100.00%,0.00%,0.00%,鲁磨路,畅通,30,从团山路到珞喻路,243
2026-04-27 11:24:20,1,畅通,35.9,100.00%,0.00%,0.00%,珞喻路,畅通,45,从珞狮路到喻家湖路,341
2026-04-27 11:24:20,1,畅通,35.9,100.00%,0.00%,0.00%,珞喻路,畅通,45,从喻家湖路到珞狮路,161
2026-04-27 11:24:20,1,畅通,35.9,100.00%,0.00%,0.00%,民族大道,畅通,35,从汤逊湖北路到珞喻路,79
2026-04-27 11:24:20,1,畅通,35.9,100.00%,0.00%,0.00%,民族大道,畅通,37,从珞喻路到大学园路,258
2026-04-27 11:24:20,1,畅通,35.9,100.00%,0.00%,0.00%,虎泉街,畅通,30,从卓刀泉南路到民族大道,341
2026-04-27 11:24:20,1,畅通,35.9,100.00%,0.00%,0.00%,虎泉街,畅通,30,从民族大道到卓刀泉南路,160
2026-04-27 11:24:20,1,畅通,35.9,100.00%,0.00%,0.00%,鲁磨路,畅通,35,从珞喻路到喻家山北路,67
2026-04-27 11:24:20,1,畅通,35.9,100.00%,0.00%,0.00%,鲁磨路,畅通,30,从团山路到珞喻路,243
2026-04-27 11:26:21,1,畅通,35.9,100.00%,0.00%,0.00%,珞喻路,畅通,45,从珞狮路到喻家湖路,341
2026-04-27 11:26:21,1,畅通,35.9,100.00%,0.00%,0.00%,珞喻路,畅通,45,从喻家湖路到珞狮路,161
2026-04-27 11:26:21,1,畅通,35.9,100.00%,0.00%,0.00%,民族大道,畅通,35,从汤逊湖北路到珞喻路,79
2026-04-27 11:26:21,1,畅通,35.9,100.00%,0.00%,0.00%,民族大道,畅通,37,从珞喻路到大学园路,258
2026-04-27 11:26:21,1,畅通,35.9,100.00%,0.00%,0.00%,虎泉街,畅通,30,从卓刀泉南路到民族大道,341
2026-04-27 11:26:21,1,畅通,35.9,100.00%,0.00%,0.00%,虎泉街,畅通,30,从民族大道到卓刀泉南路,160
2026-04-27 11:26:21,1,畅通,35.9,100.00%,0.00%,0.00%,鲁磨路,畅通,35,从珞喻路到喻家山北路,67
2026-04-27 11:26:21,1,畅通,35.9,100.00%,0.00%,0.00%,鲁磨路,畅通,30,从团山路到珞喻路,243
2026-04-27 11:28:21,1,畅通,34.6,100.00%,0.00%,0.00%,珞喻路,畅通,40,从珞狮路到喻家湖路,341
2026-04-27 11:28:21,1,畅通,34.6,100.00%,0.00%,0.00%,珞喻路,畅通,40,从喻家湖路到珞狮路,161
2026-04-27 11:28:21,1,畅通,34.6,100.00%,0.00%,0.00%,民族大道,畅通,35,从汤逊湖北路到珞喻路,79
2026-04-27 11:28:21,1,畅通,34.6,100.00%,0.00%,0.00%,民族大道,畅通,37,从珞喻路到大学园路,258
2026-04-27 11:28:21,1,畅通,34.6,100.00%,0.00%,0.00%,虎泉街,畅通,30,从卓刀泉南路到民族大道,341
2026-04-27 11:28:21,1,畅通,34.6,100.00%,0.00%,0.00%,虎泉街,畅通,30,从民族大道到卓刀泉南路,160
2026-04-27 11:28:21,1,畅通,34.6,100.00%,0.00%,0.00%,鲁磨路,畅通,35,从珞喻路到喻家山北路,67
2026-04-27 11:28:21,1,畅通,34.6,100.00%,0.00%,0.00%,鲁磨路,畅通,30,从团山路到珞喻路,243
2026-04-27 11:30:22,1,畅通,35.2,100.00%,0.00%,0.00%,珞喻路,畅通,45,从珞狮路到喻家湖路,341
2026-04-27 11:30:22,1,畅通,35.2,100.00%,0.00%,0.00%,珞喻路,畅通,40,从喻家湖路到珞狮路,161
2026-04-27 11:30:22,1,畅通,35.2,100.00%,0.00%,0.00%,民族大道,畅通,35,从汤逊湖北路到珞喻路,79
2026-04-27 11:30:22,1,畅通,35.2,100.00%,0.00%,0.00%,民族大道,畅通,37,从珞喻路到大学园路,258
2026-04-27 11:30:22,1,畅通,35.2,100.00%,0.00%,0.00%,虎泉街,畅通,30,从卓刀泉南路到民族大道,341
2026-04-27 11:30:22,1,畅通,35.2,100.00%,0.00%,0.00%,虎泉街,畅通,30,从民族大道到卓刀泉南路,160
2026-04-27 11:30:22,1,畅通,35.2,100.00%,0.00%,0.00%,鲁磨路,畅通,35,从珞喻路到喻家山北路,67
2026-04-27 11:30:22,1,畅通,35.2,100.00%,0.00%,0.00%,鲁磨路,畅通,30,从团山路到珞喻路,243
2026-04-27 11:32:22,1,畅通,34.0,100.00%,0.00%,0.00%,珞喻路,畅通,40,从珞狮路到喻家湖路,341
2026-04-27 11:32:22,1,畅通,34.0,100.00%,0.00%,0.00%,珞喻路,畅通,40,从喻家湖路到珞狮路,161
2026-04-27 11:32:22,1,畅通,34.0,100.00%,0.00%,0.00%,民族大道,畅通,35,从汤逊湖北路到珞喻路,79
2026-04-27 11:32:22,1,畅通,34.0,100.00%,0.00%,0.00%,民族大道,畅通,37,从珞喻路到大学园路,258
2026-04-27 11:32:22,1,畅通,34.0,100.00%,0.00%,0.00%,虎泉街,畅通,30,从卓刀泉南路到民族大道,341
2026-04-27 11:32:22,1,畅通,34.0,100.00%,0.00%,0.00%,虎泉街,畅通,30,从民族大道到卓刀泉南路,160
2026-04-27 11:32:22,1,畅通,34.0,100.00%,0.00%,0.00%,鲁磨路,畅通,30,从珞喻路到喻家山北路,67
2026-04-27 11:32:22,1,畅通,34.0,100.00%,0.00%,0.00%,鲁磨路,畅通,30,从团山路到珞喻路,243
2026-04-27 11:34:23,1,畅通,34.0,100.00%,0.00%,0.00%,珞喻路,畅通,40,从珞狮路到喻家湖路,341
2026-04-27 11:34:23,1,畅通,34.0,100.00%,0.00%,0.00%,珞喻路,畅通,40,从喻家湖路到珞狮路,161
2026-04-27 11:34:23,1,畅通,34.0,100.00%,0.00%,0.00%,民族大道,畅通,35,从汤逊湖北路到珞喻路,79
2026-04-27 11:34:23,1,畅通,34.0,100.00%,0.00%,0.00%,民族大道,畅通,37,从珞喻路到大学园路,258
2026-04-27 11:34:23,1,畅通,34.0,100.00%,0.00%,0.00%,虎泉街,畅通,30,从卓刀泉南路到民族大道,341
2026-04-27 11:34:23,1,畅通,34.0,100.00%,0.00%,0.00%,虎泉街,畅通,30,从民族大道到卓刀泉南路,160
2026-04-27 11:34:23,1,畅通,34.0,100.00%,0.00%,0.00%,鲁磨路,畅通,30,从珞喻路到喻家山北路,67
2026-04-27 11:34:23,1,畅通,34.0,100.00%,0.00%,0.00%,鲁磨路,畅通,30,从团山路到珞喻路,243
2026-04-27 11:36:24,1,畅通,35.9,100.00%,0.00%,0.00%,珞喻路,畅通,45,从珞狮路到喻家湖路,341
2026-04-27 11:36:24,1,畅通,35.9,100.00%,0.00%,0.00%,珞喻路,畅通,45,从喻家湖路到珞狮路,161
2026-04-27 11:36:24,1,畅通,35.9,100.00%,0.00%,0.00%,民族大道,畅通,35,从汤逊湖北路到珞喻路,79
2026-04-27 11:36:24,1,畅通,35.9,100.00%,0.00%,0.00%,民族大道,畅通,37,从珞喻路到大学园路,258
2026-04-27 11:36:24,1,畅通,35.9,100.00%,0.00%,0.00%,虎泉街,畅通,30,从卓刀泉南路到民族大道,341
2026-04-27 11:36:24,1,畅通,35.9,100.00%,0.00%,0.00%,虎泉街,畅通,30,从民族大道到卓刀泉南路,160
2026-04-27 11:36:24,1,畅通,35.9,100.00%,0.00%,0.00%,鲁磨路,畅通,35,从珞喻路到喻家山北路,67
2026-04-27 11:36:24,1,畅通,35.9,100.00%,0.00%,0.00%,鲁磨路,畅通,30,从团山路到珞喻路,243
2026-04-27 11:38:24,1,畅通,34.6,100.00%,0.00%,0.00%,珞喻路,畅通,45,从珞狮路到喻家湖路,341
2026-04-27 11:38:24,1,畅通,34.6,100.00%,0.00%,0.00%,珞喻路,畅通,40,从喻家湖路到珞狮路,161
2026-04-27 11:38:24,1,畅通,34.6,100.00%,0.00%,0.00%,民族大道,畅通,30,从汤逊湖北路到珞喻路,79
2026-04-27 11:38:24,1,畅通,34.6,100.00%,0.00%,0.00%,民族大道,畅通,37,从珞喻路到大学园路,258
2026-04-27 11:38:24,1,畅通,34.6,100.00%,0.00%,0.00%,虎泉街,畅通,30,从卓刀泉南路到民族大道,341
2026-04-27 11:38:24,1,畅通,34.6,100.00%,0.00%,0.00%,虎泉街,畅通,30,从民族大道到卓刀泉南路,160
2026-04-27 11:38:24,1,畅通,34.6,100.00%,0.00%,0.00%,鲁磨路,畅通,35,从珞喻路到喻家山北路,67
2026-04-27 11:38:24,1,畅通,34.6,100.00%,0.00%,0.00%,鲁磨路,畅通,30,从团山路到珞喻路,243
2026-04-27 11:40:25,1,畅通,34.6,100.00%,0.00%,0.00%,珞喻路,畅通,45,从珞狮路到喻家湖路,341
2026-04-27 11:40:25,1,畅通,34.6,100.00%,0.00%,0.00%,珞喻路,畅通,40,从喻家湖路到珞狮路,161
2026-04-27 11:40:25,1,畅通,34.6,100.00%,0.00%,0.00%,民族大道,畅通,30,从汤逊湖北路到珞喻路,79
2026-04-27 11:40:25,1,畅通,34.6,100.00%,0.00%,0.00%,民族大道,畅通,37,从珞喻路到大学园路,258
2026-04-27 11:40:25,1,畅通,34.6,100.00%,0.00%,0.00%,虎泉街,畅通,30,从卓刀泉南路到民族大道,341
2026-04-27 11:40:25,1,畅通,34.6,100.00%,0.00%,0.00%,虎泉街,畅通,30,从民族大道到卓刀泉南路,160
2026-04-27 11:40:25,1,畅通,34.6,100.00%,0.00%,0.00%,鲁磨路,畅通,35,从珞喻路到喻家山北路,67
2026-04-27 11:40:25,1,畅通,34.6,100.00%,0.00%,0.00%,鲁磨路,畅通,30,从团山路到珞喻路,243
2026-04-27 11:42:25,1,畅通,34.8,100.00%,0.00%,0.00%,珞喻路,畅通,40,从珞狮路到喻家湖路,341
2026-04-27 11:42:25,1,畅通,34.8,100.00%,0.00%,0.00%,珞喻路,畅通,45,从喻家湖路到珞狮路,161
2026-04-27 11:42:25,1,畅通,34.8,100.00%,0.00%,0.00%,民族大道,畅通,30,从汤逊湖北路到珞喻路,79
2026-04-27 11:42:25,1,畅通,34.8,100.00%,0.00%,0.00%,民族大道,畅通,38,从珞喻路到大学园路,258
2026-04-27 11:42:25,1,畅通,34.8,100.00%,0.00%,0.00%,虎泉街,畅通,30,从卓刀泉南路到民族大道,341
2026-04-27 11:42:25,1,畅通,34.8,100.00%,0.00%,0.00%,虎泉街,畅通,30,从民族大道到卓刀泉南路,160
2026-04-27 11:42:25,1,畅通,34.8,100.00%,0.00%,0.00%,鲁磨路,畅通,30,从珞喻路到喻家山北路,67
2026-04-27 11:42:25,1,畅通,34.8,100.00%,0.00%,0.00%,鲁磨路,畅通,35,从团山路到珞喻路,243
2026-04-27 11:44:26,1,畅通,34.8,100.00%,0.00%,0.00%,珞喻路,畅通,40,从珞狮路到喻家湖路,341
2026-04-27 11:44:26,1,畅通,34.8,100.00%,0.00%,0.00%,珞喻路,畅通,45,从喻家湖路到珞狮路,161
2026-04-27 11:44:26,1,畅通,34.8,100.00%,0.00%,0.00%,民族大道,畅通,30,从汤逊湖北路到珞喻路,79
2026-04-27 11:44:26,1,畅通,34.8,100.00%,0.00%,0.00%,民族大道,畅通,38,从珞喻路到大学园路,258
2026-04-27 11:44:26,1,畅通,34.8,100.00%,0.00%,0.00%,虎泉街,畅通,30,从卓刀泉南路到民族大道,341
2026-04-27 11:44:26,1,畅通,34.8,100.00%,0.00%,0.00%,虎泉街,畅通,30,从民族大道到卓刀泉南路,160
2026-04-27 11:44:26,1,畅通,34.8,100.00%,0.00%,0.00%,鲁磨路,畅通,30,从珞喻路到喻家山北路,67
2026-04-27 11:44:26,1,畅通,34.8,100.00%,0.00%,0.00%,鲁磨路,畅通,35,从团山路到珞喻路,243
2026-04-27 11:46:27,1,畅通,34.6,100.00%,0.00%,0.00%,珞喻路,畅通,45,从珞狮路到喻家湖路,341
2026-04-27 11:46:27,1,畅通,34.6,100.00%,0.00%,0.00%,珞喻路,畅通,40,从喻家湖路到珞狮路,161
2026-04-27 11:46:27,1,畅通,34.6,100.00%,0.00%,0.00%,民族大道,畅通,35,从汤逊湖北路到珞喻路,79
2026-04-27 11:46:27,1,畅通,34.6,100.00%,0.00%,0.00%,民族大道,畅通,37,从珞喻路到大学园路,258
2026-04-27 11:46:27,1,畅通,34.6,100.00%,0.00%,0.00%,虎泉街,畅通,30,从卓刀泉南路到民族大道,341
2026-04-27 11:46:27,1,畅通,34.6,100.00%,0.00%,0.00%,虎泉街,畅通,30,从民族大道到卓刀泉南路,160
2026-04-27 11:46:27,1,畅通,34.6,100.00%,0.00%,0.00%,鲁磨路,畅通,30,从珞喻路到喻家山北路,67
2026-04-27 11:46:27,1,畅通,34.6,100.00%,0.00%,0.00%,鲁磨路,畅通,30,从团山路到珞喻路,243
2026-04-27 11:48:27,1,畅通,34.6,100.00%,0.00%,0.00%,珞喻路,畅通,45,从珞狮路到喻家湖路,341
2026-04-27 11:48:27,1,畅通,34.6,100.00%,0.00%,0.00%,珞喻路,畅通,40,从喻家湖路到珞狮路,161
2026-04-27 11:48:27,1,畅通,34.6,100.00%,0.00%,0.00%,民族大道,畅通,35,从汤逊湖北路到珞喻路,79
2026-04-27 11:48:27,1,畅通,34.6,100.00%,0.00%,0.00%,民族大道,畅通,37,从珞喻路到大学园路,258
2026-04-27 11:48:27,1,畅通,34.6,100.00%,0.00%,0.00%,虎泉街,畅通,30,从卓刀泉南路到民族大道,341
2026-04-27 11:48:27,1,畅通,34.6,100.00%,0.00%,0.00%,虎泉街,畅通,30,从民族大道到卓刀泉南路,160
2026-04-27 11:48:27,1,畅通,34.6,100.00%,0.00%,0.00%,鲁磨路,畅通,30,从珞喻路到喻家山北路,67
2026-04-27 11:48:27,1,畅通,34.6,100.00%,0.00%,0.00%,鲁磨路,畅通,30,从团山路到珞喻路,243
2026-04-27 11:50:28,1,畅通,35.2,100.00%,0.00%,0.00%,珞喻路,畅通,45,从珞狮路到喻家湖路,341
2026-04-27 11:50:28,1,畅通,35.2,100.00%,0.00%,0.00%,珞喻路,畅通,45,从喻家湖路到珞狮路,161
2026-04-27 11:50:28,1,畅通,35.2,100.00%,0.00%,0.00%,民族大道,畅通,35,从汤逊湖北路到珞喻路,79
2026-04-27 11:50:28,1,畅通,35.2,100.00%,0.00%,0.00%,民族大道,畅通,37,从珞喻路到大学园路,258
2026-04-27 11:50:28,1,畅通,35.2,100.00%,0.00%,0.00%,虎泉街,畅通,30,从卓刀泉南路到民族大道,341
2026-04-27 11:50:28,1,畅通,35.2,100.00%,0.00%,0.00%,虎泉街,畅通,30,从民族大道到卓刀泉南路,160
2026-04-27 11:50:28,1,畅通,35.2,100.00%,0.00%,0.00%,鲁磨路,畅通,30,从珞喻路到喻家山北路,67
2026-04-27 11:50:28,1,畅通,35.2,100.00%,0.00%,0.00%,鲁磨路,畅通,30,从团山路到珞喻路,243
2026-04-27 11:52:29,1,畅通,34.0,100.00%,0.00%,0.00%,珞喻路,畅通,40,从珞狮路到喻家湖路,341
2026-04-27 11:52:29,1,畅通,34.0,100.00%,0.00%,0.00%,珞喻路,畅通,45,从喻家湖路到珞狮路,161
2026-04-27 11:52:29,1,畅通,34.0,100.00%,0.00%,0.00%,民族大道,畅通,35,从汤逊湖北路到珞喻路,79
2026-04-27 11:52:29,1,畅通,34.0,100.00%,0.00%,0.00%,民族大道,畅通,32,从珞喻路到大学园路,258
2026-04-27 11:52:29,1,畅通,34.0,100.00%,0.00%,0.00%,虎泉街,畅通,30,从卓刀泉南路到民族大道,341
2026-04-27 11:52:29,1,畅通,34.0,100.00%,0.00%,0.00%,虎泉街,畅通,30,从民族大道到卓刀泉南路,160
2026-04-27 11:52:29,1,畅通,34.0,100.00%,0.00%,0.00%,鲁磨路,畅通,30,从珞喻路到喻家山北路,67
2026-04-27 11:52:29,1,畅通,34.0,100.00%,0.00%,0.00%,鲁磨路,畅通,30,从团山路到珞喻路,243
2026-04-27 11:54:29,1,畅通,34.0,100.00%,0.00%,0.00%,珞喻路,畅通,40,从珞狮路到喻家湖路,341
2026-04-27 11:54:29,1,畅通,34.0,100.00%,0.00%,0.00%,珞喻路,畅通,45,从喻家湖路到珞狮路,161
2026-04-27 11:54:29,1,畅通,34.0,100.00%,0.00%,0.00%,民族大道,畅通,35,从汤逊湖北路到珞喻路,79
2026-04-27 11:54:29,1,畅通,34.0,100.00%,0.00%,0.00%,民族大道,畅通,32,从珞喻路到大学园路,258
2026-04-27 11:54:29,1,畅通,34.0,100.00%,0.00%,0.00%,虎泉街,畅通,30,从卓刀泉南路到民族大道,341
2026-04-27 11:54:29,1,畅通,34.0,100.00%,0.00%,0.00%,虎泉街,畅通,30,从民族大道到卓刀泉南路,160
2026-04-27 11:54:29,1,畅通,34.0,100.00%,0.00%,0.00%,鲁磨路,畅通,30,从珞喻路到喻家山北路,67
2026-04-27 11:54:29,1,畅通,34.0,100.00%,0.00%,0.00%,鲁磨路,畅通,30,从团山路到珞喻路,243
2026-04-27 11:56:30,1,畅通,34.6,100.00%,0.00%,0.00%,珞喻路,畅通,40,从珞狮路到喻家湖路,341
2026-04-27 11:56:30,1,畅通,34.6,100.00%,0.00%,0.00%,珞喻路,畅通,45,从喻家湖路到珞狮路,161
2026-04-27 11:56:30,1,畅通,34.6,100.00%,0.00%,0.00%,民族大道,畅通,35,从汤逊湖北路到珞喻路,79
2026-04-27 11:56:30,1,畅通,34.6,100.00%,0.00%,0.00%,民族大道,畅通,37,从珞喻路到大学园路,258
2026-04-27 11:56:30,1,畅通,34.6,100.00%,0.00%,0.00%,虎泉街,畅通,30,从卓刀泉南路到民族大道,341
2026-04-27 11:56:30,1,畅通,34.6,100.00%,0.00%,0.00%,虎泉街,畅通,30,从民族大道到卓刀泉南路,160
2026-04-27 11:56:30,1,畅通,34.6,100.00%,0.00%,0.00%,鲁磨路,畅通,30,从珞喻路到喻家山北路,67
2026-04-27 11:56:30,1,畅通,34.6,100.00%,0.00%,0.00%,鲁磨路,畅通,30,从团山路到珞喻路,243
2026-04-27 11:58:31,1,畅通,34.6,100.00%,0.00%,0.00%,珞喻路,畅通,40,从珞狮路到喻家湖路,341
2026-04-27 11:58:31,1,畅通,34.6,100.00%,0.00%,0.00%,珞喻路,畅通,45,从喻家湖路到珞狮路,161
2026-04-27 11:58:31,1,畅通,34.6,100.00%,0.00%,0.00%,民族大道,畅通,35,从汤逊湖北路到珞喻路,79
2026-04-27 11:58:31,1,畅通,34.6,100.00%,0.00%,0.00%,民族大道,畅通,37,从珞喻路到大学园路,258
2026-04-27 11:58:31,1,畅通,34.6,100.00%,0.00%,0.00%,虎泉街,畅通,30,从卓刀泉南路到民族大道,341
2026-04-27 11:58:31,1,畅通,34.6,100.00%,0.00%,0.00%,虎泉街,畅通,30,从民族大道到卓刀泉南路,160
2026-04-27 11:58:31,1,畅通,34.6,100.00%,0.00%,0.00%,鲁磨路,畅通,30,从珞喻路到喻家山北路,67
2026-04-27 11:58:31,1,畅通,34.6,100.00%,0.00%,0.00%,鲁磨路,畅通,30,从团山路到珞喻路,243
2026-04-27 12:00:32,1,畅通,34.0,100.00%,0.00%,0.00%,珞喻路,畅通,40,从珞狮路到喻家湖路,341
2026-04-27 12:00:32,1,畅通,34.0,100.00%,0.00%,0.00%,珞喻路,畅通,40,从喻家湖路到珞狮路,161
2026-04-27 12:00:32,1,畅通,34.0,100.00%,0.00%,0.00%,民族大道,畅通,35,从汤逊湖北路到珞喻路,79
2026-04-27 12:00:32,1,畅通,34.0,100.00%,0.00%,0.00%,民族大道,畅通,37,从珞喻路到大学园路,258
2026-04-27 12:00:32,1,畅通,34.0,100.00%,0.00%,0.00%,虎泉街,畅通,30,从卓刀泉南路到民族大道,341
2026-04-27 12:00:32,1,畅通,34.0,100.00%,0.00%,0.00%,虎泉街,畅通,30,从民族大道到卓刀泉南路,160
2026-04-27 12:00:32,1,畅通,34.0,100.00%,0.00%,0.00%,鲁磨路,畅通,30,从珞喻路到喻家山北路,67
2026-04-27 12:00:32,1,畅通,34.0,100.00%,0.00%,0.00%,鲁磨路,畅通,30,从团山路到珞喻路,243
2026-04-27 12:02:32,1,畅通,34.0,100.00%,0.00%,0.00%,珞喻路,畅通,40,从珞狮路到喻家湖路,341
2026-04-27 12:02:32,1,畅通,34.0,100.00%,0.00%,0.00%,珞喻路,畅通,40,从喻家湖路到珞狮路,161
2026-04-27 12:02:32,1,畅通,34.0,100.00%,0.00%,0.00%,民族大道,畅通,35,从汤逊湖北路到珞喻路,79
2026-04-27 12:02:32,1,畅通,34.0,100.00%,0.00%,0.00%,民族大道,畅通,37,从珞喻路到大学园路,258
2026-04-27 12:02:32,1,畅通,34.0,100.00%,0.00%,0.00%,虎泉街,畅通,30,从卓刀泉南路到民族大道,341
2026-04-27 12:02:32,1,畅通,34.0,100.00%,0.00%,0.00%,虎泉街,畅通,30,从民族大道到卓刀泉南路,160
2026-04-27 12:02:32,1,畅通,34.0,100.00%,0.00%,0.00%,鲁磨路,畅通,30,从珞喻路到喻家山北路,67
2026-04-27 12:02:32,1,畅通,34.0,100.00%,0.00%,0.00%,鲁磨路,畅通,30,从团山路到珞喻路,243
2026-04-27 12:04:33,1,畅通,34.0,100.00%,0.00%,0.00%,珞喻路,畅通,40,从珞狮路到喻家湖路,341
2026-04-27 12:04:33,1,畅通,34.0,100.00%,0.00%,0.00%,珞喻路,畅通,40,从喻家湖路到珞狮路,161
2026-04-27 12:04:33,1,畅通,34.0,100.00%,0.00%,0.00%,民族大道,畅通,35,从汤逊湖北路到珞喻路,79
2026-04-27 12:04:33,1,畅通,34.0,100.00%,0.00%,0.00%,民族大道,畅通,37,从珞喻路到大学园路,258
2026-04-27 12:04:33,1,畅通,34.0,100.00%,0.00%,0.00%,虎泉街,畅通,30,从卓刀泉南路到民族大道,341
2026-04-27 12:04:33,1,畅通,34.0,100.00%,0.00%,0.00%,虎泉街,畅通,30,从民族大道到卓刀泉南路,160
2026-04-27 12:04:33,1,畅通,34.0,100.00%,0.00%,0.00%,鲁磨路,畅通,30,从珞喻路到喻家山北路,67
2026-04-27 12:04:33,1,畅通,34.0,100.00%,0.00%,0.00%,鲁磨路,畅通,30,从团山路到珞喻路,243
2026-04-27 12:06:33,1,畅通,34.0,100.00%,0.00%,0.00%,珞喻路,畅通,40,从珞狮路到喻家湖路,341
2026-04-27 12:06:33,1,畅通,34.0,100.00%,0.00%,0.00%,珞喻路,畅通,40,从喻家湖路到珞狮路,161
2026-04-27 12:06:33,1,畅通,34.0,100.00%,0.00%,0.00%,民族大道,畅通,35,从汤逊湖北路到珞喻路,79
2026-04-27 12:06:33,1,畅通,34.0,100.00%,0.00%,0.00%,民族大道,畅通,37,从珞喻路到大学园路,258
2026-04-27 12:06:33,1,畅通,34.0,100.00%,0.00%,0.00%,虎泉街,畅通,30,从卓刀泉南路到民族大道,341
2026-04-27 12:06:33,1,畅通,34.0,100.00%,0.00%,0.00%,虎泉街,畅通,30,从民族大道到卓刀泉南路,160
2026-04-27 12:06:33,1,畅通,34.0,100.00%,0.00%,0.00%,鲁磨路,畅通,30,从珞喻路到喻家山北路,67
2026-04-27 12:06:33,1,畅通,34.0,100.00%,0.00%,0.00%,鲁磨路,畅通,30,从团山路到珞喻路,243
2026-04-27 12:08:34,1,畅通,34.6,100.00%,0.00%,0.00%,珞喻路,畅通,40,从珞狮路到喻家湖路,341
2026-04-27 12:08:34,1,畅通,34.6,100.00%,0.00%,0.00%,珞喻路,畅通,40,从喻家湖路到珞狮路,161
2026-04-27 12:08:34,1,畅通,34.6,100.00%,0.00%,0.00%,民族大道,畅通,35,从汤逊湖北路到珞喻路,79
2026-04-27 12:08:34,1,畅通,34.6,100.00%,0.00%,0.00%,民族大道,畅通,37,从珞喻路到大学园路,258
2026-04-27 12:08:34,1,畅通,34.6,100.00%,0.00%,0.00%,虎泉街,畅通,30,从卓刀泉南路到民族大道,341
2026-04-27 12:08:34,1,畅通,34.6,100.00%,0.00%,0.00%,虎泉街,畅通,30,从民族大道到卓刀泉南路,160
2026-04-27 12:08:34,1,畅通,34.6,100.00%,0.00%,0.00%,鲁磨路,畅通,35,从珞喻路到喻家山北路,67
2026-04-27 12:08:34,1,畅通,34.6,100.00%,0.00%,0.00%,鲁磨路,畅通,30,从团山路到珞喻路,243
2026-04-27 12:10:35,1,畅通,34.6,100.00%,0.00%,0.00%,珞喻路,畅通,40,从珞狮路到喻家湖路,341
2026-04-27 12:10:35,1,畅通,34.6,100.00%,0.00%,0.00%,珞喻路,畅通,40,从喻家湖路到珞狮路,161
2026-04-27 12:10:35,1,畅通,34.6,100.00%,0.00%,0.00%,民族大道,畅通,35,从汤逊湖北路到珞喻路,79
2026-04-27 12:10:35,1,畅通,34.6,100.00%,0.00%,0.00%,民族大道,畅通,37,从珞喻路到大学园路,258
2026-04-27 12:10:35,1,畅通,34.6,100.00%,0.00%,0.00%,虎泉街,畅通,30,从卓刀泉南路到民族大道,341
2026-04-27 12:10:35,1,畅通,34.6,100.00%,0.00%,0.00%,虎泉街,畅通,30,从民族大道到卓刀泉南路,160
2026-04-27 12:10:35,1,畅通,34.6,100.00%,0.00%,0.00%,鲁磨路,畅通,30,从珞喻路到喻家山北路,67
2026-04-27 12:10:35,1,畅通,34.6,100.00%,0.00%,0.00%,鲁磨路,畅通,35,从团山路到珞喻路,243
2026-04-27 12:12:35,1,畅通,34.6,100.00%,0.00%,0.00%,珞喻路,畅通,40,从珞狮路到喻家湖路,341
2026-04-27 12:12:35,1,畅通,34.6,100.00%,0.00%,0.00%,珞喻路,畅通,40,从喻家湖路到珞狮路,161
2026-04-27 12:12:35,1,畅通,34.6,100.00%,0.00%,0.00%,民族大道,畅通,35,从汤逊湖北路到珞喻路,79
2026-04-27 12:12:35,1,畅通,34.6,100.00%,0.00%,0.00%,民族大道,畅通,37,从珞喻路到大学园路,258
2026-04-27 12:12:35,1,畅通,34.6,100.00%,0.00%,0.00%,虎泉街,畅通,30,从卓刀泉南路到民族大道,341
2026-04-27 12:12:35,1,畅通,34.6,100.00%,0.00%,0.00%,虎泉街,畅通,30,从民族大道到卓刀泉南路,160
2026-04-27 12:12:35,1,畅通,34.6,100.00%,0.00%,0.00%,鲁磨路,畅通,35,从珞喻路到喻家山北路,67
2026-04-27 12:12:35,1,畅通,34.6,100.00%,0.00%,0.00%,鲁磨路,畅通,30,从团山路到珞喻路,243
2026-04-27 12:14:36,1,畅通,34.6,100.00%,0.00%,0.00%,珞喻路,畅通,40,从珞狮路到喻家湖路,341
2026-04-27 12:14:36,1,畅通,34.6,100.00%,0.00%,0.00%,珞喻路,畅通,40,从喻家湖路到珞狮路,161
2026-04-27 12:14:36,1,畅通,34.6,100.00%,0.00%,0.00%,民族大道,畅通,35,从汤逊湖北路到珞喻路,79
2026-04-27 12:14:36,1,畅通,34.6,100.00%,0.00%,0.00%,民族大道,畅通,37,从珞喻路到大学园路,258
2026-04-27 12:14:36,1,畅通,34.6,100.00%,0.00%,0.00%,虎泉街,畅通,30,从卓刀泉南路到民族大道,341
2026-04-27 12:14:36,1,畅通,34.6,100.00%,0.00%,0.00%,虎泉街,畅通,30,从民族大道到卓刀泉南路,160
2026-04-27 12:14:36,1,畅通,34.6,100.00%,0.00%,0.00%,鲁磨路,畅通,35,从珞喻路到喻家山北路,67
2026-04-27 12:14:36,1,畅通,34.6,100.00%,0.00%,0.00%,鲁磨路,畅通,30,从团山路到珞喻路,243
2026-04-27 12:16:37,1,畅通,35.2,100.00%,0.00%,0.00%,珞喻路,畅通,40,从珞狮路到喻家湖路,341
2026-04-27 12:16:37,1,畅通,35.2,100.00%,0.00%,0.00%,珞喻路,畅通,40,从喻家湖路到珞狮路,161
2026-04-27 12:16:37,1,畅通,35.2,100.00%,0.00%,0.00%,民族大道,畅通,35,从汤逊湖北路到珞喻路,79
2026-04-27 12:16:37,1,畅通,35.2,100.00%,0.00%,0.00%,民族大道,畅通,37,从珞喻路到大学园路,258
2026-04-27 12:16:37,1,畅通,35.2,100.00%,0.00%,0.00%,虎泉街,畅通,30,从卓刀泉南路到民族大道,341
2026-04-27 12:16:37,1,畅通,35.2,100.00%,0.00%,0.00%,虎泉街,畅通,30,从民族大道到卓刀泉南路,160
2026-04-27 12:16:37,1,畅通,35.2,100.00%,0.00%,0.00%,鲁磨路,畅通,35,从珞喻路到喻家山北路,67
2026-04-27 12:16:37,1,畅通,35.2,100.00%,0.00%,0.00%,鲁磨路,畅通,35,从团山路到珞喻路,243
2026-04-27 12:18:38,1,畅通,35.2,100.00%,0.00%,0.00%,珞喻路,畅通,40,从珞狮路到喻家湖路,341
2026-04-27 12:18:38,1,畅通,35.2,100.00%,0.00%,0.00%,珞喻路,畅通,40,从喻家湖路到珞狮路,161
2026-04-27 12:18:38,1,畅通,35.2,100.00%,0.00%,0.00%,民族大道,畅通,35,从汤逊湖北路到珞喻路,79
2026-04-27 12:18:38,1,畅通,35.2,100.00%,0.00%,0.00%,民族大道,畅通,37,从珞喻路到大学园路,258
2026-04-27 12:18:38,1,畅通,35.2,100.00%,0.00%,0.00%,虎泉街,畅通,30,从卓刀泉南路到民族大道,341
2026-04-27 12:18:38,1,畅通,35.2,100.00%,0.00%,0.00%,虎泉街,畅通,30,从民族大道到卓刀泉南路,160
2026-04-27 12:18:38,1,畅通,35.2,100.00%,0.00%,0.00%,鲁磨路,畅通,35,从珞喻路到喻家山北路,67
2026-04-27 12:18:38,1,畅通,35.2,100.00%,0.00%,0.00%,鲁磨路,畅通,35,从团山路到珞喻路,243
2026-04-27 12:20:38,1,畅通,36.5,100.00%,0.00%,0.00%,珞喻路,畅通,45,从珞狮路到喻家湖路,341
2026-04-27 12:20:38,1,畅通,36.5,100.00%,0.00%,0.00%,珞喻路,畅通,45,从喻家湖路到珞狮路,161
2026-04-27 12:20:38,1,畅通,36.5,100.00%,0.00%,0.00%,民族大道,畅通,35,从汤逊湖北路到珞喻路,79
2026-04-27 12:20:38,1,畅通,36.5,100.00%,0.00%,0.00%,民族大道,畅通,37,从珞喻路到大学园路,258
2026-04-27 12:20:38,1,畅通,36.5,100.00%,0.00%,0.00%,虎泉街,畅通,30,从卓刀泉南路到民族大道,341
2026-04-27 12:20:38,1,畅通,36.5,100.00%,0.00%,0.00%,虎泉街,畅通,30,从民族大道到卓刀泉南路,160
2026-04-27 12:20:38,1,畅通,36.5,100.00%,0.00%,0.00%,鲁磨路,畅通,35,从珞喻路到喻家山北路,67
2026-04-27 12:20:38,1,畅通,36.5,100.00%,0.00%,0.00%,鲁磨路,畅通,35,从团山路到珞喻路,243
2026-04-27 12:22:39,1,畅通,36.5,100.00%,0.00%,0.00%,珞喻路,畅通,45,从珞狮路到喻家湖路,341
2026-04-27 12:22:39,1,畅通,36.5,100.00%,0.00%,0.00%,珞喻路,畅通,45,从喻家湖路到珞狮路,161
2026-04-27 12:22:39,1,畅通,36.5,100.00%,0.00%,0.00%,民族大道,畅通,35,从汤逊湖北路到珞喻路,79
2026-04-27 12:22:39,1,畅通,36.5,100.00%,0.00%,0.00%,民族大道,畅通,37,从珞喻路到大学园路,258
2026-04-27 12:22:39,1,畅通,36.5,100.00%,0.00%,0.00%,虎泉街,畅通,30,从卓刀泉南路到民族大道,341
2026-04-27 12:22:39,1,畅通,36.5,100.00%,0.00%,0.00%,虎泉街,畅通,30,从民族大道到卓刀泉南路,160
2026-04-27 12:22:39,1,畅通,36.5,100.00%,0.00%,0.00%,鲁磨路,畅通,35,从珞喻路到喻家山北路,67
2026-04-27 12:22:39,1,畅通,36.5,100.00%,0.00%,0.00%,鲁磨路,畅通,35,从团山路到珞喻路,243
2026-04-27 12:24:39,1,畅通,35.2,100.00%,0.00%,0.00%,珞喻路,畅通,45,从珞狮路到喻家湖路,341
2026-04-27 12:24:39,1,畅通,35.2,100.00%,0.00%,0.00%,珞喻路,畅通,45,从喻家湖路到珞狮路,161
2026-04-27 12:24:39,1,畅通,35.2,100.00%,0.00%,0.00%,民族大道,畅通,35,从汤逊湖北路到珞喻路,79
2026-04-27 12:24:39,1,畅通,35.2,100.00%,0.00%,0.00%,民族大道,畅通,37,从珞喻路到大学园路,258
2026-04-27 12:24:39,1,畅通,35.2,100.00%,0.00%,0.00%,虎泉街,畅通,30,从卓刀泉南路到民族大道,341
2026-04-27 12:24:39,1,畅通,35.2,100.00%,0.00%,0.00%,虎泉街,畅通,30,从民族大道到卓刀泉南路,160
2026-04-27 12:24:39,1,畅通,35.2,100.00%,0.00%,0.00%,鲁磨路,畅通,30,从珞喻路到喻家山北路,67
2026-04-27 12:24:39,1,畅通,35.2,100.00%,0.00%,0.00%,鲁磨路,畅通,30,从团山路到珞喻路,243
2026-04-27 12:26:40,1,畅通,35.2,100.00%,0.00%,0.00%,珞喻路,畅通,45,从珞狮路到喻家湖路,341
2026-04-27 12:26:40,1,畅通,35.2,100.00%,0.00%,0.00%,珞喻路,畅通,45,从喻家湖路到珞狮路,161
2026-04-27 12:26:40,1,畅通,35.2,100.00%,0.00%,0.00%,民族大道,畅通,35,从汤逊湖北路到珞喻路,79
2026-04-27 12:26:40,1,畅通,35.2,100.00%,0.00%,0.00%,民族大道,畅通,37,从珞喻路到大学园路,258
2026-04-27 12:26:40,1,畅通,35.2,100.00%,0.00%,0.00%,虎泉街,畅通,30,从卓刀泉南路到民族大道,341
2026-04-27 12:26:40,1,畅通,35.2,100.00%,0.00%,0.00%,虎泉街,畅通,30,从民族大道到卓刀泉南路,160
2026-04-27 12:26:40,1,畅通,35.2,100.00%,0.00%,0.00%,鲁磨路,畅通,30,从珞喻路到喻家山北路,67
2026-04-27 12:26:40,1,畅通,35.2,100.00%,0.00%,0.00%,鲁磨路,畅通,30,从团山路到珞喻路,243
2026-04-27 12:28:41,1,畅通,35.9,100.00%,0.00%,0.00%,珞喻路,畅通,45,从珞狮路到喻家湖路,341
2026-04-27 12:28:41,1,畅通,35.9,100.00%,0.00%,0.00%,珞喻路,畅通,45,从喻家湖路到珞狮路,161
2026-04-27 12:28:41,1,畅通,35.9,100.00%,0.00%,0.00%,民族大道,畅通,35,从汤逊湖北路到珞喻路,79
2026-04-27 12:28:41,1,畅通,35.9,100.00%,0.00%,0.00%,民族大道,畅通,37,从珞喻路到大学园路,258
2026-04-27 12:28:41,1,畅通,35.9,100.00%,0.00%,0.00%,虎泉街,畅通,30,从卓刀泉南路到民族大道,341
2026-04-27 12:28:41,1,畅通,35.9,100.00%,0.00%,0.00%,虎泉街,畅通,30,从民族大道到卓刀泉南路,160
2026-04-27 12:28:41,1,畅通,35.9,100.00%,0.00%,0.00%,鲁磨路,畅通,30,从珞喻路到喻家山北路,67
2026-04-27 12:28:41,1,畅通,35.9,100.00%,0.00%,0.00%,鲁磨路,畅通,35,从团山路到珞喻路,243
2026-04-27 12:30:41,1,畅通,35.9,100.00%,0.00%,0.00%,珞喻路,畅通,45,从珞狮路到喻家湖路,341
2026-04-27 12:30:41,1,畅通,35.9,100.00%,0.00%,0.00%,珞喻路,畅通,45,从喻家湖路到珞狮路,161
2026-04-27 12:30:41,1,畅通,35.9,100.00%,0.00%,0.00%,民族大道,畅通,35,从汤逊湖北路到珞喻路,79
2026-04-27 12:30:41,1,畅通,35.9,100.00%,0.00%,0.00%,民族大道,畅通,37,从珞喻路到大学园路,258
2026-04-27 12:30:41,1,畅通,35.9,100.00%,0.00%,0.00%,虎泉街,畅通,30,从卓刀泉南路到民族大道,341
2026-04-27 12:30:41,1,畅通,35.9,100.00%,0.00%,0.00%,虎泉街,畅通,30,从民族大道到卓刀泉南路,160
2026-04-27 12:30:41,1,畅通,35.9,100.00%,0.00%,0.00%,鲁磨路,畅通,30,从珞喻路到喻家山北路,67
2026-04-27 12:30:41,1,畅通,35.9,100.00%,0.00%,0.00%,鲁磨路,畅通,35,从团山路到珞喻路,243
2026-04-27 12:32:42,1,畅通,36.5,100.00%,0.00%,0.00%,珞喻路,畅通,45,从珞狮路到喻家湖路,341
2026-04-27 12:32:42,1,畅通,36.5,100.00%,0.00%,0.00%,珞喻路,畅通,45,从喻家湖路到珞狮路,161
2026-04-27 12:32:42,1,畅通,36.5,100.00%,0.00%,0.00%,民族大道,畅通,35,从汤逊湖北路到珞喻路,79
2026-04-27 12:32:42,1,畅通,36.5,100.00%,0.00%,0.00%,民族大道,畅通,37,从珞喻路到大学园路,258
2026-04-27 12:32:42,1,畅通,36.5,100.00%,0.00%,0.00%,虎泉街,畅通,30,从卓刀泉南路到民族大道,341
2026-04-27 12:32:42,1,畅通,36.5,100.00%,0.00%,0.00%,虎泉街,畅通,30,从民族大道到卓刀泉南路,160
2026-04-27 12:32:42,1,畅通,36.5,100.00%,0.00%,0.00%,鲁磨路,畅通,35,从珞喻路到喻家山北路,67
2026-04-27 12:32:42,1,畅通,36.5,100.00%,0.00%,0.00%,鲁磨路,畅通,35,从团山路到珞喻路,243
2026-04-27 12:34:43,1,畅通,35.9,100.00%,0.00%,0.00%,珞喻路,畅通,45,从珞狮路到喻家湖路,341
2026-04-27 12:34:43,1,畅通,35.9,100.00%,0.00%,0.00%,珞喻路,畅通,45,从喻家湖路到珞狮路,161
2026-04-27 12:34:43,1,畅通,35.9,100.00%,0.00%,0.00%,民族大道,畅通,35,从汤逊湖北路到珞喻路,79
2026-04-27 12:34:43,1,畅通,35.9,100.00%,0.00%,0.00%,民族大道,畅通,37,从珞喻路到大学园路,258
2026-04-27 12:34:43,1,畅通,35.9,100.00%,0.00%,0.00%,虎泉街,畅通,30,从卓刀泉南路到民族大道,341
2026-04-27 12:34:43,1,畅通,35.9,100.00%,0.00%,0.00%,虎泉街,畅通,30,从民族大道到卓刀泉南路,160
2026-04-27 12:34:43,1,畅通,35.9,100.00%,0.00%,0.00%,鲁磨路,畅通,35,从珞喻路到喻家山北路,67
2026-04-27 12:34:43,1,畅通,35.9,100.00%,0.00%,0.00%,鲁磨路,畅通,30,从团山路到珞喻路,243
2026-04-27 12:36:43,1,畅通,35.9,100.00%,0.00%,0.00%,珞喻路,畅通,45,从珞狮路到喻家湖路,341
2026-04-27 12:36:43,1,畅通,35.9,100.00%,0.00%,0.00%,珞喻路,畅通,45,从喻家湖路到珞狮路,161
2026-04-27 12:36:43,1,畅通,35.9,100.00%,0.00%,0.00%,民族大道,畅通,35,从汤逊湖北路到珞喻路,79
2026-04-27 12:36:43,1,畅通,35.9,100.00%,0.00%,0.00%,民族大道,畅通,37,从珞喻路到大学园路,258
2026-04-27 12:36:43,1,畅通,35.9,100.00%,0.00%,0.00%,虎泉街,畅通,30,从卓刀泉南路到民族大道,341
2026-04-27 12:36:43,1,畅通,35.9,100.00%,0.00%,0.00%,虎泉街,畅通,30,从民族大道到卓刀泉南路,160
2026-04-27 12:36:43,1,畅通,35.9,100.00%,0.00%,0.00%,鲁磨路,畅通,35,从珞喻路到喻家山北路,67
2026-04-27 12:36:43,1,畅通,35.9,100.00%,0.00%,0.00%,鲁磨路,畅通,30,从团山路到珞喻路,243
2026-04-27 12:38:44,1,畅通,36.5,100.00%,0.00%,0.00%,珞喻路,畅通,45,从珞狮路到喻家湖路,341
2026-04-27 12:38:44,1,畅通,36.5,100.00%,0.00%,0.00%,珞喻路,畅通,45,从喻家湖路到珞狮路,161
2026-04-27 12:38:44,1,畅通,36.5,100.00%,0.00%,0.00%,民族大道,畅通,35,从汤逊湖北路到珞喻路,79
2026-04-27 12:38:44,1,畅通,36.5,100.00%,0.00%,0.00%,民族大道,畅通,37,从珞喻路到大学园路,258
2026-04-27 12:38:44,1,畅通,36.5,100.00%,0.00%,0.00%,虎泉街,畅通,30,从卓刀泉南路到民族大道,341
2026-04-27 12:38:44,1,畅通,36.5,100.00%,0.00%,0.00%,虎泉街,畅通,30,从民族大道到卓刀泉南路,160
2026-04-27 12:38:44,1,畅通,36.5,100.00%,0.00%,0.00%,鲁磨路,畅通,35,从珞喻路到喻家山北路,67
2026-04-27 12:38:44,1,畅通,36.5,100.00%,0.00%,0.00%,鲁磨路,畅通,35,从团山路到珞喻路,243
2026-04-27 12:40:44,1,畅通,35.9,100.00%,0.00%,0.00%,珞喻路,畅通,45,从珞狮路到喻家湖路,341
2026-04-27 12:40:44,1,畅通,35.9,100.00%,0.00%,0.00%,珞喻路,畅通,45,从喻家湖路到珞狮路,161
2026-04-27 12:40:44,1,畅通,35.9,100.00%,0.00%,0.00%,民族大道,畅通,35,从汤逊湖北路到珞喻路,79
2026-04-27 12:40:44,1,畅通,35.9,100.00%,0.00%,0.00%,民族大道,畅通,37,从珞喻路到大学园路,258
2026-04-27 12:40:44,1,畅通,35.9,100.00%,0.00%,0.00%,虎泉街,畅通,30,从卓刀泉南路到民族大道,341
2026-04-27 12:40:44,1,畅通,35.9,100.00%,0.00%,0.00%,虎泉街,畅通,30,从民族大道到卓刀泉南路,160
2026-04-27 12:40:44,1,畅通,35.9,100.00%,0.00%,0.00%,鲁磨路,畅通,35,从珞喻路到喻家山北路,67
2026-04-27 12:40:44,1,畅通,35.9,100.00%,0.00%,0.00%,鲁磨路,畅通,30,从团山路到珞喻路,243
2026-04-27 12:42:45,1,畅通,36.5,100.00%,0.00%,0.00%,珞喻路,畅通,45,从珞狮路到喻家湖路,341
2026-04-27 12:42:45,1,畅通,36.5,100.00%,0.00%,0.00%,珞喻路,畅通,50,从喻家湖路到珞狮路,161
2026-04-27 12:42:45,1,畅通,36.5,100.00%,0.00%,0.00%,民族大道,畅通,35,从汤逊湖北路到珞喻路,79
2026-04-27 12:42:45,1,畅通,36.5,100.00%,0.00%,0.00%,民族大道,畅通,37,从珞喻路到大学园路,258
2026-04-27 12:42:45,1,畅通,36.5,100.00%,0.00%,0.00%,虎泉街,畅通,30,从卓刀泉南路到民族大道,341
2026-04-27 12:42:45,1,畅通,36.5,100.00%,0.00%,0.00%,虎泉街,畅通,30,从民族大道到卓刀泉南路,160
2026-04-27 12:42:45,1,畅通,36.5,100.00%,0.00%,0.00%,鲁磨路,畅通,35,从珞喻路到喻家山北路,67
2026-04-27 12:42:45,1,畅通,36.5,100.00%,0.00%,0.00%,鲁磨路,畅通,30,从团山路到珞喻路,243
2026-04-27 12:44:46,1,畅通,36.5,100.00%,0.00%,0.00%,珞喻路,畅通,45,从珞狮路到喻家湖路,341
2026-04-27 12:44:46,1,畅通,36.5,100.00%,0.00%,0.00%,珞喻路,畅通,45,从喻家湖路到珞狮路,161
2026-04-27 12:44:46,1,畅通,36.5,100.00%,0.00%,0.00%,民族大道,畅通,35,从汤逊湖北路到珞喻路,79
2026-04-27 12:44:46,1,畅通,36.5,100.00%,0.00%,0.00%,民族大道,畅通,37,从珞喻路到大学园路,258
2026-04-27 12:44:46,1,畅通,36.5,100.00%,0.00%,0.00%,虎泉街,畅通,30,从卓刀泉南路到民族大道,341
2026-04-27 12:44:46,1,畅通,36.5,100.00%,0.00%,0.00%,虎泉街,畅通,30,从民族大道到卓刀泉南路,160
2026-04-27 12:44:46,1,畅通,36.5,100.00%,0.00%,0.00%,鲁磨路,畅通,35,从珞喻路到喻家山北路,67
2026-04-27 12:44:46,1,畅通,36.5,100.00%,0.00%,0.00%,鲁磨路,畅通,35,从团山路到珞喻路,243
2026-04-27 12:46:46,1,畅通,36.5,100.00%,0.00%,0.00%,珞喻路,畅通,45,从珞狮路到喻家湖路,341
2026-04-27 12:46:46,1,畅通,36.5,100.00%,0.00%,0.00%,珞喻路,畅通,45,从喻家湖路到珞狮路,161
2026-04-27 12:46:46,1,畅通,36.5,100.00%,0.00%,0.00%,民族大道,畅通,35,从汤逊湖北路到珞喻路,79
2026-04-27 12:46:46,1,畅通,36.5,100.00%,0.00%,0.00%,民族大道,畅通,37,从珞喻路到大学园路,258
2026-04-27 12:46:46,1,畅通,36.5,100.00%,0.00%,0.00%,虎泉街,畅通,30,从卓刀泉南路到民族大道,341
2026-04-27 12:46:46,1,畅通,36.5,100.00%,0.00%,0.00%,虎泉街,畅通,30,从民族大道到卓刀泉南路,160
2026-04-27 12:46:46,1,畅通,36.5,100.00%,0.00%,0.00%,鲁磨路,畅通,35,从珞喻路到喻家山北路,67
2026-04-27 12:46:46,1,畅通,36.5,100.00%,0.00%,0.00%,鲁磨路,畅通,35,从团山路到珞喻路,243
2026-04-27 12:48:47,1,畅通,36.5,100.00%,0.00%,0.00%,珞喻路,畅通,45,从珞狮路到喻家湖路,341
2026-04-27 12:48:47,1,畅通,36.5,100.00%,0.00%,0.00%,珞喻路,畅通,45,从喻家湖路到珞狮路,161
2026-04-27 12:48:47,1,畅通,36.5,100.00%,0.00%,0.00%,民族大道,畅通,35,从汤逊湖北路到珞喻路,79
2026-04-27 12:48:47,1,畅通,36.5,100.00%,0.00%,0.00%,民族大道,畅通,37,从珞喻路到大学园路,258
2026-04-27 12:48:47,1,畅通,36.5,100.00%,0.00%,0.00%,虎泉街,畅通,30,从卓刀泉南路到民族大道,341
2026-04-27 12:48:47,1,畅通,36.5,100.00%,0.00%,0.00%,虎泉街,畅通,30,从民族大道到卓刀泉南路,160
2026-04-27 12:48:47,1,畅通,36.5,100.00%,0.00%,0.00%,鲁磨路,畅通,35,从珞喻路到喻家山北路,67
2026-04-27 12:48:47,1,畅通,36.5,100.00%,0.00%,0.00%,鲁磨路,畅通,35,从团山路到珞喻路,243
2026-04-27 12:50:48,1,畅通,35.9,100.00%,0.00%,0.00%,珞喻路,畅通,40,从珞狮路到喻家湖路,341
2026-04-27 12:50:48,1,畅通,35.9,100.00%,0.00%,0.00%,珞喻路,畅通,45,从喻家湖路到珞狮路,161
2026-04-27 12:50:48,1,畅通,35.9,100.00%,0.00%,0.00%,民族大道,畅通,35,从汤逊湖北路到珞喻路,79
2026-04-27 12:50:48,1,畅通,35.9,100.00%,0.00%,0.00%,民族大道,畅通,37,从珞喻路到大学园路,258
2026-04-27 12:50:48,1,畅通,35.9,100.00%,0.00%,0.00%,虎泉街,畅通,30,从卓刀泉南路到民族大道,341
2026-04-27 12:50:48,1,畅通,35.9,100.00%,0.00%,0.00%,虎泉街,畅通,30,从民族大道到卓刀泉南路,160
2026-04-27 12:50:48,1,畅通,35.9,100.00%,0.00%,0.00%,鲁磨路,畅通,35,从珞喻路到喻家山北路,67
2026-04-27 12:50:48,1,畅通,35.9,100.00%,0.00%,0.00%,鲁磨路,畅通,35,从团山路到珞喻路,243
2026-04-27 12:52:48,1,畅通,36.5,100.00%,0.00%,0.00%,珞喻路,畅通,45,从珞狮路到喻家湖路,341
2026-04-27 12:52:48,1,畅通,36.5,100.00%,0.00%,0.00%,珞喻路,畅通,45,从喻家湖路到珞狮路,161
2026-04-27 12:52:48,1,畅通,36.5,100.00%,0.00%,0.00%,民族大道,畅通,35,从汤逊湖北路到珞喻路,79
2026-04-27 12:52:48,1,畅通,36.5,100.00%,0.00%,0.00%,民族大道,畅通,37,从珞喻路到大学园路,258
2026-04-27 12:52:48,1,畅通,36.5,100.00%,0.00%,0.00%,虎泉街,畅通,30,从卓刀泉南路到民族大道,341
2026-04-27 12:52:48,1,畅通,36.5,100.00%,0.00%,0.00%,虎泉街,畅通,35,从民族大道到卓刀泉南路,160
2026-04-27 12:52:48,1,畅通,36.5,100.00%,0.00%,0.00%,鲁磨路,畅通,35,从珞喻路到喻家山北路,67
2026-04-27 12:52:48,1,畅通,36.5,100.00%,0.00%,0.00%,鲁磨路,畅通,30,从团山路到珞喻路,243
2026-04-27 12:54:49,1,畅通,35.4,100.00%,0.00%,0.00%,珞喻路,畅通,45,从珞狮路到喻家湖路,341
2026-04-27 12:54:49,1,畅通,35.4,100.00%,0.00%,0.00%,珞喻路,畅通,40,从喻家湖路到珞狮路,161
2026-04-27 12:54:49,1,畅通,35.4,100.00%,0.00%,0.00%,民族大道,畅通,35,从汤逊湖北路到珞喻路,79
2026-04-27 12:54:49,1,畅通,35.4,100.00%,0.00%,0.00%,民族大道,畅通,38,从珞喻路到大学园路,258
2026-04-27 12:54:49,1,畅通,35.4,100.00%,0.00%,0.00%,虎泉街,畅通,30,从卓刀泉南路到民族大道,341
2026-04-27 12:54:49,1,畅通,35.4,100.00%,0.00%,0.00%,虎泉街,畅通,30,从民族大道到卓刀泉南路,160
2026-04-27 12:54:49,1,畅通,35.4,100.00%,0.00%,0.00%,鲁磨路,畅通,35,从珞喻路到喻家山北路,67
2026-04-27 12:54:49,1,畅通,35.4,100.00%,0.00%,0.00%,鲁磨路,畅通,30,从团山路到珞喻路,243
2026-04-27 12:56:50,1,畅通,35.4,100.00%,0.00%,0.00%,珞喻路,畅通,45,从珞狮路到喻家湖路,341
2026-04-27 12:56:50,1,畅通,35.4,100.00%,0.00%,0.00%,珞喻路,畅通,40,从喻家湖路到珞狮路,161
2026-04-27 12:56:50,1,畅通,35.4,100.00%,0.00%,0.00%,民族大道,畅通,35,从汤逊湖北路到珞喻路,79
2026-04-27 12:56:50,1,畅通,35.4,100.00%,0.00%,0.00%,民族大道,畅通,38,从珞喻路到大学园路,258
2026-04-27 12:56:50,1,畅通,35.4,100.00%,0.00%,0.00%,虎泉街,畅通,30,从卓刀泉南路到民族大道,341
2026-04-27 12:56:50,1,畅通,35.4,100.00%,0.00%,0.00%,虎泉街,畅通,30,从民族大道到卓刀泉南路,160
2026-04-27 12:56:50,1,畅通,35.4,100.00%,0.00%,0.00%,鲁磨路,畅通,35,从珞喻路到喻家山北路,67
2026-04-27 12:56:50,1,畅通,35.4,100.00%,0.00%,0.00%,鲁磨路,畅通,30,从团山路到珞喻路,243
2026-04-27 12:58:50,1,畅通,36.6,100.00%,0.00%,0.00%,珞喻路,畅通,45,从珞狮路到喻家湖路,341
2026-04-27 12:58:50,1,畅通,36.6,100.00%,0.00%,0.00%,珞喻路,畅通,45,从喻家湖路到珞狮路,161
2026-04-27 12:58:50,1,畅通,36.6,100.00%,0.00%,0.00%,民族大道,畅通,35,从汤逊湖北路到珞喻路,79
2026-04-27 12:58:50,1,畅通,36.6,100.00%,0.00%,0.00%,民族大道,畅通,38,从珞喻路到大学园路,258
2026-04-27 12:58:50,1,畅通,36.6,100.00%,0.00%,0.00%,虎泉街,畅通,30,从卓刀泉南路到民族大道,341
2026-04-27 12:58:50,1,畅通,36.6,100.00%,0.00%,0.00%,虎泉街,畅通,35,从民族大道到卓刀泉南路,160
2026-04-27 12:58:50,1,畅通,36.6,100.00%,0.00%,0.00%,鲁磨路,畅通,30,从珞喻路到喻家山北路,67
2026-04-27 12:58:50,1,畅通,36.6,100.00%,0.00%,0.00%,鲁磨路,畅通,35,从团山路到珞喻路,243
2026-04-27 13:00:51,1,畅通,37.1,100.00%,0.00%,0.00%,珞喻路,畅通,45,从珞狮路到喻家湖路,341
2026-04-27 13:00:51,1,畅通,37.1,100.00%,0.00%,0.00%,珞喻路,畅通,40,从喻家湖路到珞狮路,161
2026-04-27 13:00:51,1,畅通,37.1,100.00%,0.00%,0.00%,民族大道,畅通,35,从汤逊湖北路到珞喻路,79
2026-04-27 13:00:51,1,畅通,37.1,100.00%,0.00%,0.00%,民族大道,畅通,42,从珞喻路到大学园路,258
2026-04-27 13:00:51,1,畅通,37.1,100.00%,0.00%,0.00%,虎泉街,畅通,30,从卓刀泉南路到民族大道,341
2026-04-27 13:00:51,1,畅通,37.1,100.00%,0.00%,0.00%,虎泉街,畅通,35,从民族大道到卓刀泉南路,160
2026-04-27 13:00:51,1,畅通,37.1,100.00%,0.00%,0.00%,鲁磨路,畅通,35,从珞喻路到喻家山北路,67
2026-04-27 13:00:51,1,畅通,37.1,100.00%,0.00%,0.00%,鲁磨路,畅通,35,从团山路到珞喻路,243
2026-04-27 13:02:51,1,畅通,35.2,100.00%,0.00%,0.00%,珞喻路,畅通,45,从珞狮路到喻家湖路,341
2026-04-27 13:02:51,1,畅通,35.2,100.00%,0.00%,0.00%,珞喻路,畅通,45,从喻家湖路到珞狮路,161
2026-04-27 13:02:51,1,畅通,35.2,100.00%,0.00%,0.00%,民族大道,畅通,35,从汤逊湖北路到珞喻路,79
2026-04-27 13:02:51,1,畅通,35.2,100.00%,0.00%,0.00%,民族大道,畅通,37,从珞喻路到大学园路,258
2026-04-27 13:02:51,1,畅通,35.2,100.00%,0.00%,0.00%,虎泉街,畅通,30,从卓刀泉南路到民族大道,341
2026-04-27 13:02:51,1,畅通,35.2,100.00%,0.00%,0.00%,虎泉街,畅通,30,从民族大道到卓刀泉南路,160
2026-04-27 13:02:51,1,畅通,35.2,100.00%,0.00%,0.00%,鲁磨路,畅通,30,从珞喻路到喻家山北路,67
2026-04-27 13:02:51,1,畅通,35.2,100.00%,0.00%,0.00%,鲁磨路,畅通,30,从团山路到珞喻路,243
2026-04-27 13:04:52,1,畅通,35.2,100.00%,0.00%,0.00%,珞喻路,畅通,45,从珞狮路到喻家湖路,341
2026-04-27 13:04:52,1,畅通,35.2,100.00%,0.00%,0.00%,珞喻路,畅通,45,从喻家湖路到珞狮路,161
2026-04-27 13:04:52,1,畅通,35.2,100.00%,0.00%,0.00%,民族大道,畅通,35,从汤逊湖北路到珞喻路,79
2026-04-27 13:04:52,1,畅通,35.2,100.00%,0.00%,0.00%,民族大道,畅通,37,从珞喻路到大学园路,258
2026-04-27 13:04:52,1,畅通,35.2,100.00%,0.00%,0.00%,虎泉街,畅通,30,从卓刀泉南路到民族大道,341
2026-04-27 13:04:52,1,畅通,35.2,100.00%,0.00%,0.00%,虎泉街,畅通,30,从民族大道到卓刀泉南路,160
2026-04-27 13:04:52,1,畅通,35.2,100.00%,0.00%,0.00%,鲁磨路,畅通,30,从珞喻路到喻家山北路,67
2026-04-27 13:04:52,1,畅通,35.2,100.00%,0.00%,0.00%,鲁磨路,畅通,30,从团山路到珞喻路,243
2026-04-27 13:06:53,1,畅通,36.5,100.00%,0.00%,0.00%,珞喻路,畅通,45,从珞狮路到喻家湖路,341
2026-04-27 13:06:53,1,畅通,36.5,100.00%,0.00%,0.00%,珞喻路,畅通,45,从喻家湖路到珞狮路,161
2026-04-27 13:06:53,1,畅通,36.5,100.00%,0.00%,0.00%,民族大道,畅通,35,从汤逊湖北路到珞喻路,79
2026-04-27 13:06:53,1,畅通,36.5,100.00%,0.00%,0.00%,民族大道,畅通,37,从珞喻路到大学园路,258
2026-04-27 13:06:53,1,畅通,36.5,100.00%,0.00%,0.00%,虎泉街,畅通,30,从卓刀泉南路到民族大道,341
2026-04-27 13:06:53,1,畅通,36.5,100.00%,0.00%,0.00%,虎泉街,畅通,35,从民族大道到卓刀泉南路,160
2026-04-27 13:06:53,1,畅通,36.5,100.00%,0.00%,0.00%,鲁磨路,畅通,35,从珞喻路到喻家山北路,67
2026-04-27 13:06:53,1,畅通,36.5,100.00%,0.00%,0.00%,鲁磨路,畅通,30,从团山路到珞喻路,243
2026-04-27 13:08:53,1,畅通,36.5,100.00%,0.00%,0.00%,珞喻路,畅通,45,从珞狮路到喻家湖路,341
2026-04-27 13:08:53,1,畅通,36.5,100.00%,0.00%,0.00%,珞喻路,畅通,45,从喻家湖路到珞狮路,161
2026-04-27 13:08:53,1,畅通,36.5,100.00%,0.00%,0.00%,民族大道,畅通,35,从汤逊湖北路到珞喻路,79
2026-04-27 13:08:53,1,畅通,36.5,100.00%,0.00%,0.00%,民族大道,畅通,37,从珞喻路到大学园路,258
2026-04-27 13:08:53,1,畅通,36.5,100.00%,0.00%,0.00%,虎泉街,畅通,30,从卓刀泉南路到民族大道,341
2026-04-27 13:08:53,1,畅通,36.5,100.00%,0.00%,0.00%,虎泉街,畅通,30,从民族大道到卓刀泉南路,160
2026-04-27 13:08:53,1,畅通,36.5,100.00%,0.00%,0.00%,鲁磨路,畅通,35,从珞喻路到喻家山北路,67
2026-04-27 13:08:53,1,畅通,36.5,100.00%,0.00%,0.00%,鲁磨路,畅通,35,从团山路到珞喻路,243
2026-04-27 13:10:54,1,畅通,36.5,100.00%,0.00%,0.00%,珞喻路,畅通,45,从珞狮路到喻家湖路,341
2026-04-27 13:10:54,1,畅通,36.5,100.00%,0.00%,0.00%,珞喻路,畅通,45,从喻家湖路到珞狮路,161
2026-04-27 13:10:54,1,畅通,36.5,100.00%,0.00%,0.00%,民族大道,畅通,35,从汤逊湖北路到珞喻路,79
2026-04-27 13:10:54,1,畅通,36.5,100.00%,0.00%,0.00%,民族大道,畅通,37,从珞喻路到大学园路,258
2026-04-27 13:10:54,1,畅通,36.5,100.00%,0.00%,0.00%,虎泉街,畅通,30,从卓刀泉南路到民族大道,341
2026-04-27 13:10:54,1,畅通,36.5,100.00%,0.00%,0.00%,虎泉街,畅通,30,从民族大道到卓刀泉南路,160
2026-04-27 13:10:54,1,畅通,36.5,100.00%,0.00%,0.00%,鲁磨路,畅通,35,从珞喻路到喻家山北路,67
2026-04-27 13:10:54,1,畅通,36.5,100.00%,0.00%,0.00%,鲁磨路,畅通,35,从团山路到珞喻路,243
2026-04-27 13:12:55,1,畅通,36.0,100.00%,0.00%,0.00%,珞喻路,畅通,45,从珞狮路到喻家湖路,341
2026-04-27 13:12:55,1,畅通,36.0,100.00%,0.00%,0.00%,珞喻路,畅通,45,从喻家湖路到珞狮路,161
2026-04-27 13:12:55,1,畅通,36.0,100.00%,0.00%,0.00%,民族大道,畅通,35,从汤逊湖北路到珞喻路,79
2026-04-27 13:12:55,1,畅通,36.0,100.00%,0.00%,0.00%,民族大道,畅通,33,从珞喻路到大学园路,258
2026-04-27 13:12:55,1,畅通,36.0,100.00%,0.00%,0.00%,虎泉街,畅通,30,从卓刀泉南路到民族大道,341
2026-04-27 13:12:55,1,畅通,36.0,100.00%,0.00%,0.00%,虎泉街,畅通,30,从民族大道到卓刀泉南路,160
2026-04-27 13:12:55,1,畅通,36.0,100.00%,0.00%,0.00%,鲁磨路,畅通,35,从珞喻路到喻家山北路,67
2026-04-27 13:12:55,1,畅通,36.0,100.00%,0.00%,0.00%,鲁磨路,畅通,35,从团山路到珞喻路,243
2026-04-27 13:14:55,1,畅通,36.5,100.00%,0.00%,0.00%,珞喻路,畅通,45,从珞狮路到喻家湖路,341
2026-04-27 13:14:55,1,畅通,36.5,100.00%,0.00%,0.00%,珞喻路,畅通,45,从喻家湖路到珞狮路,161
2026-04-27 13:14:55,1,畅通,36.5,100.00%,0.00%,0.00%,民族大道,畅通,35,从汤逊湖北路到珞喻路,79
2026-04-27 13:14:55,1,畅通,36.5,100.00%,0.00%,0.00%,民族大道,畅通,37,从珞喻路到大学园路,258
2026-04-27 13:14:55,1,畅通,36.5,100.00%,0.00%,0.00%,虎泉街,畅通,30,从卓刀泉南路到民族大道,341
2026-04-27 13:14:55,1,畅通,36.5,100.00%,0.00%,0.00%,虎泉街,畅通,30,从民族大道到卓刀泉南路,160
2026-04-27 13:14:55,1,畅通,36.5,100.00%,0.00%,0.00%,鲁磨路,畅通,35,从珞喻路到喻家山北路,67
2026-04-27 13:14:55,1,畅通,36.5,100.00%,0.00%,0.00%,鲁磨路,畅通,35,从团山路到珞喻路,243
2026-04-27 13:16:56,1,畅通,36.5,100.00%,0.00%,0.00%,珞喻路,畅通,45,从珞狮路到喻家湖路,341
2026-04-27 13:16:56,1,畅通,36.5,100.00%,0.00%,0.00%,珞喻路,畅通,45,从喻家湖路到珞狮路,161
2026-04-27 13:16:56,1,畅通,36.5,100.00%,0.00%,0.00%,民族大道,畅通,35,从汤逊湖北路到珞喻路,79
2026-04-27 13:16:56,1,畅通,36.5,100.00%,0.00%,0.00%,民族大道,畅通,37,从珞喻路到大学园路,258
2026-04-27 13:16:56,1,畅通,36.5,100.00%,0.00%,0.00%,虎泉街,畅通,30,从卓刀泉南路到民族大道,341
2026-04-27 13:16:56,1,畅通,36.5,100.00%,0.00%,0.00%,虎泉街,畅通,30,从民族大道到卓刀泉南路,160
2026-04-27 13:16:56,1,畅通,36.5,100.00%,0.00%,0.00%,鲁磨路,畅通,35,从珞喻路到喻家山北路,67
2026-04-27 13:16:56,1,畅通,36.5,100.00%,0.00%,0.00%,鲁磨路,畅通,35,从团山路到珞喻路,243
2026-04-27 13:18:57,1,畅通,35.9,100.00%,0.00%,0.00%,珞喻路,畅通,45,从珞狮路到喻家湖路,341
2026-04-27 13:18:57,1,畅通,35.9,100.00%,0.00%,0.00%,珞喻路,畅通,45,从喻家湖路到珞狮路,161
2026-04-27 13:18:57,1,畅通,35.9,100.00%,0.00%,0.00%,民族大道,畅通,35,从汤逊湖北路到珞喻路,79
2026-04-27 13:18:57,1,畅通,35.9,100.00%,0.00%,0.00%,民族大道,畅通,37,从珞喻路到大学园路,258
2026-04-27 13:18:57,1,畅通,35.9,100.00%,0.00%,0.00%,虎泉街,畅通,30,从卓刀泉南路到民族大道,341
2026-04-27 13:18:57,1,畅通,35.9,100.00%,0.00%,0.00%,虎泉街,畅通,30,从民族大道到卓刀泉南路,160
2026-04-27 13:18:57,1,畅通,35.9,100.00%,0.00%,0.00%,鲁磨路,畅通,35,从珞喻路到喻家山北路,67
2026-04-27 13:18:57,1,畅通,35.9,100.00%,0.00%,0.00%,鲁磨路,畅通,30,从团山路到珞喻路,243
2026-04-27 13:20:57,1,畅通,35.9,100.00%,0.00%,0.00%,珞喻路,畅通,45,从珞狮路到喻家湖路,341
2026-04-27 13:20:57,1,畅通,35.9,100.00%,0.00%,0.00%,珞喻路,畅通,45,从喻家湖路到珞狮路,161
2026-04-27 13:20:57,1,畅通,35.9,100.00%,0.00%,0.00%,民族大道,畅通,35,从汤逊湖北路到珞喻路,79
2026-04-27 13:20:57,1,畅通,35.9,100.00%,0.00%,0.00%,民族大道,畅通,37,从珞喻路到大学园路,258
2026-04-27 13:20:57,1,畅通,35.9,100.00%,0.00%,0.00%,虎泉街,畅通,30,从卓刀泉南路到民族大道,341
2026-04-27 13:20:57,1,畅通,35.9,100.00%,0.00%,0.00%,虎泉街,畅通,30,从民族大道到卓刀泉南路,160
2026-04-27 13:20:57,1,畅通,35.9,100.00%,0.00%,0.00%,鲁磨路,畅通,35,从珞喻路到喻家山北路,67
2026-04-27 13:20:57,1,畅通,35.9,100.00%,0.00%,0.00%,鲁磨路,畅通,30,从团山路到珞喻路,243
2026-04-27 13:22:58,1,畅通,36.5,100.00%,0.00%,0.00%,珞喻路,畅通,45,从珞狮路到喻家湖路,341
2026-04-27 13:22:58,1,畅通,36.5,100.00%,0.00%,0.00%,珞喻路,畅通,45,从喻家湖路到珞狮路,161
2026-04-27 13:22:58,1,畅通,36.5,100.00%,0.00%,0.00%,民族大道,畅通,35,从汤逊湖北路到珞喻路,79
2026-04-27 13:22:58,1,畅通,36.5,100.00%,0.00%,0.00%,民族大道,畅通,37,从珞喻路到大学园路,258
2026-04-27 13:22:58,1,畅通,36.5,100.00%,0.00%,0.00%,虎泉街,畅通,30,从卓刀泉南路到民族大道,341
2026-04-27 13:22:58,1,畅通,36.5,100.00%,0.00%,0.00%,虎泉街,畅通,30,从民族大道到卓刀泉南路,160
2026-04-27 13:22:58,1,畅通,36.5,100.00%,0.00%,0.00%,鲁磨路,畅通,35,从珞喻路到喻家山北路,67
2026-04-27 13:22:58,1,畅通,36.5,100.00%,0.00%,0.00%,鲁磨路,畅通,35,从团山路到珞喻路,243
2026-04-27 13:24:58,1,畅通,36.5,100.00%,0.00%,0.00%,珞喻路,畅通,45,从珞狮路到喻家湖路,341
2026-04-27 13:24:58,1,畅通,36.5,100.00%,0.00%,0.00%,珞喻路,畅通,45,从喻家湖路到珞狮路,161
2026-04-27 13:24:58,1,畅通,36.5,100.00%,0.00%,0.00%,民族大道,畅通,35,从汤逊湖北路到珞喻路,79
2026-04-27 13:24:58,1,畅通,36.5,100.00%,0.00%,0.00%,民族大道,畅通,37,从珞喻路到大学园路,258
2026-04-27 13:24:58,1,畅通,36.5,100.00%,0.00%,0.00%,虎泉街,畅通,30,从卓刀泉南路到民族大道,341
2026-04-27 13:24:58,1,畅通,36.5,100.00%,0.00%,0.00%,虎泉街,畅通,30,从民族大道到卓刀泉南路,160
2026-04-27 13:24:58,1,畅通,36.5,100.00%,0.00%,0.00%,鲁磨路,畅通,35,从珞喻路到喻家山北路,67
2026-04-27 13:24:58,1,畅通,36.5,100.00%,0.00%,0.00%,鲁磨路,畅通,35,从团山路到珞喻路,243
2026-04-27 13:26:59,1,畅通,36.5,100.00%,0.00%,0.00%,珞喻路,畅通,45,从珞狮路到喻家湖路,341
2026-04-27 13:26:59,1,畅通,36.5,100.00%,0.00%,0.00%,珞喻路,畅通,45,从喻家湖路到珞狮路,161
2026-04-27 13:26:59,1,畅通,36.5,100.00%,0.00%,0.00%,民族大道,畅通,35,从汤逊湖北路到珞喻路,79
2026-04-27 13:26:59,1,畅通,36.5,100.00%,0.00%,0.00%,民族大道,畅通,37,从珞喻路到大学园路,258
2026-04-27 13:26:59,1,畅通,36.5,100.00%,0.00%,0.00%,虎泉街,畅通,30,从卓刀泉南路到民族大道,341
2026-04-27 13:26:59,1,畅通,36.5,100.00%,0.00%,0.00%,虎泉街,畅通,30,从民族大道到卓刀泉南路,160
2026-04-27 13:26:59,1,畅通,36.5,100.00%,0.00%,0.00%,鲁磨路,畅通,35,从珞喻路到喻家山北路,67
2026-04-27 13:26:59,1,畅通,36.5,100.00%,0.00%,0.00%,鲁磨路,畅通,35,从团山路到珞喻路,243
2026-04-27 13:29:00,1,畅通,35.9,100.00%,0.00%,0.00%,珞喻路,畅通,40,从珞狮路到喻家湖路,341
2026-04-27 13:29:00,1,畅通,35.9,100.00%,0.00%,0.00%,珞喻路,畅通,45,从喻家湖路到珞狮路,161
2026-04-27 13:29:00,1,畅通,35.9,100.00%,0.00%,0.00%,民族大道,畅通,35,从汤逊湖北路到珞喻路,79
2026-04-27 13:29:00,1,畅通,35.9,100.00%,0.00%,0.00%,民族大道,畅通,37,从珞喻路到大学园路,258
2026-04-27 13:29:00,1,畅通,35.9,100.00%,0.00%,0.00%,虎泉街,畅通,30,从卓刀泉南路到民族大道,341
2026-04-27 13:29:00,1,畅通,35.9,100.00%,0.00%,0.00%,虎泉街,畅通,30,从民族大道到卓刀泉南路,160
2026-04-27 13:29:00,1,畅通,35.9,100.00%,0.00%,0.00%,鲁磨路,畅通,35,从珞喻路到喻家山北路,67
2026-04-27 13:29:00,1,畅通,35.9,100.00%,0.00%,0.00%,鲁磨路,畅通,35,从团山路到珞喻路,243
2026-04-27 13:31:00,1,畅通,35.2,100.00%,0.00%,0.00%,珞喻路,畅通,45,从珞狮路到喻家湖路,341
2026-04-27 13:31:00,1,畅通,35.2,100.00%,0.00%,0.00%,珞喻路,畅通,40,从喻家湖路到珞狮路,161
2026-04-27 13:31:00,1,畅通,35.2,100.00%,0.00%,0.00%,民族大道,畅通,35,从汤逊湖北路到珞喻路,79
2026-04-27 13:31:00,1,畅通,35.2,100.00%,0.00%,0.00%,民族大道,畅通,37,从珞喻路到大学园路,258
2026-04-27 13:31:00,1,畅通,35.2,100.00%,0.00%,0.00%,虎泉街,畅通,30,从卓刀泉南路到民族大道,341
2026-04-27 13:31:00,1,畅通,35.2,100.00%,0.00%,0.00%,虎泉街,畅通,30,从民族大道到卓刀泉南路,160
2026-04-27 13:31:00,1,畅通,35.2,100.00%,0.00%,0.00%,鲁磨路,畅通,30,从珞喻路到喻家山北路,67
2026-04-27 13:31:00,1,畅通,35.2,100.00%,0.00%,0.00%,鲁磨路,畅通,35,从团山路到珞喻路,243
2026-04-27 13:33:01,1,畅通,37.2,100.00%,0.00%,0.00%,珞喻路,畅通,45,从珞狮路到喻家湖路,341
2026-04-27 13:33:01,1,畅通,37.2,100.00%,0.00%,0.00%,珞喻路,畅通,45,从喻家湖路到珞狮路,161
2026-04-27 13:33:01,1,畅通,37.2,100.00%,0.00%,0.00%,民族大道,畅通,35,从汤逊湖北路到珞喻路,79
2026-04-27 13:33:01,1,畅通,37.2,100.00%,0.00%,0.00%,民族大道,畅通,33,从珞喻路到大学园路,258
2026-04-27 13:33:01,1,畅通,37.2,100.00%,0.00%,0.00%,虎泉街,畅通,35,从卓刀泉南路到民族大道,341
2026-04-27 13:33:01,1,畅通,37.2,100.00%,0.00%,0.00%,虎泉街,畅通,35,从民族大道到卓刀泉南路,160
2026-04-27 13:33:01,1,畅通,37.2,100.00%,0.00%,0.00%,鲁磨路,畅通,35,从珞喻路到喻家山北路,67
2026-04-27 13:33:01,1,畅通,37.2,100.00%,0.00%,0.00%,鲁磨路,畅通,35,从团山路到珞喻路,243
2026-04-27 13:35:02,1,畅通,36.5,100.00%,0.00%,0.00%,珞喻路,畅通,45,从珞狮路到喻家湖路,341
2026-04-27 13:35:02,1,畅通,36.5,100.00%,0.00%,0.00%,珞喻路,畅通,45,从喻家湖路到珞狮路,161
2026-04-27 13:35:02,1,畅通,36.5,100.00%,0.00%,0.00%,民族大道,畅通,35,从汤逊湖北路到珞喻路,79
2026-04-27 13:35:02,1,畅通,36.5,100.00%,0.00%,0.00%,民族大道,畅通,37,从珞喻路到大学园路,258
2026-04-27 13:35:02,1,畅通,36.5,100.00%,0.00%,0.00%,虎泉街,畅通,30,从卓刀泉南路到民族大道,341
2026-04-27 13:35:02,1,畅通,36.5,100.00%,0.00%,0.00%,虎泉街,畅通,30,从民族大道到卓刀泉南路,160
2026-04-27 13:35:02,1,畅通,36.5,100.00%,0.00%,0.00%,鲁磨路,畅通,35,从珞喻路到喻家山北路,67
2026-04-27 13:35:02,1,畅通,36.5,100.00%,0.00%,0.00%,鲁磨路,畅通,35,从团山路到珞喻路,243
2026-04-27 13:37:02,1,畅通,36.5,100.00%,0.00%,0.00%,珞喻路,畅通,45,从珞狮路到喻家湖路,341
2026-04-27 13:37:02,1,畅通,36.5,100.00%,0.00%,0.00%,珞喻路,畅通,45,从喻家湖路到珞狮路,161
2026-04-27 13:37:02,1,畅通,36.5,100.00%,0.00%,0.00%,民族大道,畅通,35,从汤逊湖北路到珞喻路,79
2026-04-27 13:37:02,1,畅通,36.5,100.00%,0.00%,0.00%,民族大道,畅通,37,从珞喻路到大学园路,258
2026-04-27 13:37:02,1,畅通,36.5,100.00%,0.00%,0.00%,虎泉街,畅通,30,从卓刀泉南路到民族大道,341
2026-04-27 13:37:02,1,畅通,36.5,100.00%,0.00%,0.00%,虎泉街,畅通,30,从民族大道到卓刀泉南路,160
2026-04-27 13:37:02,1,畅通,36.5,100.00%,0.00%,0.00%,鲁磨路,畅通,35,从珞喻路到喻家山北路,67
2026-04-27 13:37:02,1,畅通,36.5,100.00%,0.00%,0.00%,鲁磨路,畅通,35,从团山路到珞喻路,243
2026-04-27 13:39:03,1,畅通,36.5,100.00%,0.00%,0.00%,珞喻路,畅通,45,从珞狮路到喻家湖路,341
2026-04-27 13:39:03,1,畅通,36.5,100.00%,0.00%,0.00%,珞喻路,畅通,45,从喻家湖路到珞狮路,161
2026-04-27 13:39:03,1,畅通,36.5,100.00%,0.00%,0.00%,民族大道,畅通,35,从汤逊湖北路到珞喻路,79
2026-04-27 13:39:03,1,畅通,36.5,100.00%,0.00%,0.00%,民族大道,畅通,37,从珞喻路到大学园路,258
2026-04-27 13:39:03,1,畅通,36.5,100.00%,0.00%,0.00%,虎泉街,畅通,30,从卓刀泉南路到民族大道,341
2026-04-27 13:39:03,1,畅通,36.5,100.00%,0.00%,0.00%,虎泉街,畅通,30,从民族大道到卓刀泉南路,160
2026-04-27 13:39:03,1,畅通,36.5,100.00%,0.00%,0.00%,鲁磨路,畅通,35,从珞喻路到喻家山北路,67
2026-04-27 13:39:03,1,畅通,36.5,100.00%,0.00%,0.00%,鲁磨路,畅通,35,从团山路到珞喻路,243
2026-04-27 13:41:04,1,畅通,36.4,100.00%,0.00%,0.00%,珞喻路,畅通,40,从珞狮路到喻家湖路,341
2026-04-27 13:41:04,1,畅通,36.4,100.00%,0.00%,0.00%,珞喻路,畅通,45,从喻家湖路到珞狮路,161
2026-04-27 13:41:04,1,畅通,36.4,100.00%,0.00%,0.00%,民族大道,畅通,35,从汤逊湖北路到珞喻路,79
2026-04-27 13:41:04,1,畅通,36.4,100.00%,0.00%,0.00%,民族大道,畅通,36,从珞喻路到大学园路,258
2026-04-27 13:41:04,1,畅通,36.4,100.00%,0.00%,0.00%,虎泉街,畅通,30,从卓刀泉南路到民族大道,341
2026-04-27 13:41:04,1,畅通,36.4,100.00%,0.00%,0.00%,虎泉街,畅通,35,从民族大道到卓刀泉南路,160
2026-04-27 13:41:04,1,畅通,36.4,100.00%,0.00%,0.00%,鲁磨路,畅通,35,从珞喻路到喻家山北路,67
2026-04-27 13:41:04,1,畅通,36.4,100.00%,0.00%,0.00%,鲁磨路,畅通,35,从团山路到珞喻路,243
2026-04-27 13:43:04,1,畅通,35.2,100.00%,0.00%,0.00%,珞喻路,畅通,40,从珞狮路到喻家湖路,341
2026-04-27 13:43:04,1,畅通,35.2,100.00%,0.00%,0.00%,珞喻路,畅通,45,从喻家湖路到珞狮路,161
2026-04-27 13:43:04,1,畅通,35.2,100.00%,0.00%,0.00%,民族大道,畅通,35,从汤逊湖北路到珞喻路,79
2026-04-27 13:43:04,1,畅通,35.2,100.00%,0.00%,0.00%,民族大道,畅通,37,从珞喻路到大学园路,258
2026-04-27 13:43:04,1,畅通,35.2,100.00%,0.00%,0.00%,虎泉街,畅通,30,从卓刀泉南路到民族大道,341
2026-04-27 13:43:04,1,畅通,35.2,100.00%,0.00%,0.00%,虎泉街,畅通,30,从民族大道到卓刀泉南路,160
2026-04-27 13:43:04,1,畅通,35.2,100.00%,0.00%,0.00%,鲁磨路,畅通,30,从珞喻路到喻家山北路,67
2026-04-27 13:43:04,1,畅通,35.2,100.00%,0.00%,0.00%,鲁磨路,畅通,35,从团山路到珞喻路,243
2026-04-27 13:45:05,1,畅通,34.6,100.00%,0.00%,0.00%,珞喻路,畅通,40,从珞狮路到喻家湖路,341
2026-04-27 13:45:05,1,畅通,34.6,100.00%,0.00%,0.00%,珞喻路,畅通,40,从喻家湖路到珞狮路,161
2026-04-27 13:45:05,1,畅通,34.6,100.00%,0.00%,0.00%,民族大道,畅通,35,从汤逊湖北路到珞喻路,79
2026-04-27 13:45:05,1,畅通,34.6,100.00%,0.00%,0.00%,民族大道,畅通,37,从珞喻路到大学园路,258
2026-04-27 13:45:05,1,畅通,34.6,100.00%,0.00%,0.00%,虎泉街,畅通,30,从卓刀泉南路到民族大道,341
2026-04-27 13:45:05,1,畅通,34.6,100.00%,0.00%,0.00%,虎泉街,畅通,30,从民族大道到卓刀泉南路,160
2026-04-27 13:45:05,1,畅通,34.6,100.00%,0.00%,0.00%,鲁磨路,畅通,30,从珞喻路到喻家山北路,67
2026-04-27 13:45:05,1,畅通,34.6,100.00%,0.00%,0.00%,鲁磨路,畅通,35,从团山路到珞喻路,243
2026-04-27 13:47:05,1,畅通,35.2,100.00%,0.00%,0.00%,珞喻路,畅通,45,从珞狮路到喻家湖路,341
2026-04-27 13:47:05,1,畅通,35.2,100.00%,0.00%,0.00%,珞喻路,畅通,40,从喻家湖路到珞狮路,161
2026-04-27 13:47:05,1,畅通,35.2,100.00%,0.00%,0.00%,民族大道,畅通,35,从汤逊湖北路到珞喻路,79
2026-04-27 13:47:05,1,畅通,35.2,100.00%,0.00%,0.00%,民族大道,畅通,37,从珞喻路到大学园路,258
2026-04-27 13:47:05,1,畅通,35.2,100.00%,0.00%,0.00%,虎泉街,畅通,30,从卓刀泉南路到民族大道,341
2026-04-27 13:47:05,1,畅通,35.2,100.00%,0.00%,0.00%,虎泉街,畅通,30,从民族大道到卓刀泉南路,160
2026-04-27 13:47:05,1,畅通,35.2,100.00%,0.00%,0.00%,鲁磨路,畅通,30,从珞喻路到喻家山北路,67
2026-04-27 13:47:05,1,畅通,35.2,100.00%,0.00%,0.00%,鲁磨路,畅通,35,从团山路到珞喻路,243
2026-04-27 13:49:06,1,畅通,35.9,100.00%,0.00%,0.00%,珞喻路,畅通,40,从珞狮路到喻家湖路,341
2026-04-27 13:49:06,1,畅通,35.9,100.00%,0.00%,0.00%,珞喻路,畅通,45,从喻家湖路到珞狮路,161
2026-04-27 13:49:06,1,畅通,35.9,100.00%,0.00%,0.00%,民族大道,畅通,35,从汤逊湖北路到珞喻路,79
2026-04-27 13:49:06,1,畅通,35.9,100.00%,0.00%,0.00%,民族大道,畅通,37,从珞喻路到大学园路,258
2026-04-27 13:49:06,1,畅通,35.9,100.00%,0.00%,0.00%,虎泉街,畅通,30,从卓刀泉南路到民族大道,341
2026-04-27 13:49:06,1,畅通,35.9,100.00%,0.00%,0.00%,虎泉街,畅通,30,从民族大道到卓刀泉南路,160
2026-04-27 13:49:06,1,畅通,35.9,100.00%,0.00%,0.00%,鲁磨路,畅通,35,从珞喻路到喻家山北路,67
2026-04-27 13:49:06,1,畅通,35.9,100.00%,0.00%,0.00%,鲁磨路,畅通,35,从团山路到珞喻路,243
2026-04-27 13:51:07,1,畅通,36.5,100.00%,0.00%,0.00%,珞喻路,畅通,45,从珞狮路到喻家湖路,341
2026-04-27 13:51:07,1,畅通,36.5,100.00%,0.00%,0.00%,珞喻路,畅通,45,从喻家湖路到珞狮路,161
2026-04-27 13:51:07,1,畅通,36.5,100.00%,0.00%,0.00%,民族大道,畅通,35,从汤逊湖北路到珞喻路,79
2026-04-27 13:51:07,1,畅通,36.5,100.00%,0.00%,0.00%,民族大道,畅通,37,从珞喻路到大学园路,258
2026-04-27 13:51:07,1,畅通,36.5,100.00%,0.00%,0.00%,虎泉街,畅通,30,从卓刀泉南路到民族大道,341
2026-04-27 13:51:07,1,畅通,36.5,100.00%,0.00%,0.00%,虎泉街,畅通,30,从民族大道到卓刀泉南路,160
2026-04-27 13:51:07,1,畅通,36.5,100.00%,0.00%,0.00%,鲁磨路,畅通,35,从珞喻路到喻家山北路,67
2026-04-27 13:51:07,1,畅通,36.5,100.00%,0.00%,0.00%,鲁磨路,畅通,35,从团山路到珞喻路,243
2026-04-27 13:53:07,1,畅通,35.9,100.00%,0.00%,0.00%,珞喻路,畅通,45,从珞狮路到喻家湖路,341
2026-04-27 13:53:07,1,畅通,35.9,100.00%,0.00%,0.00%,珞喻路,畅通,45,从喻家湖路到珞狮路,161
2026-04-27 13:53:07,1,畅通,35.9,100.00%,0.00%,0.00%,民族大道,畅通,35,从汤逊湖北路到珞喻路,79
2026-04-27 13:53:07,1,畅通,35.9,100.00%,0.00%,0.00%,民族大道,畅通,37,从珞喻路到大学园路,258
2026-04-27 13:53:07,1,畅通,35.9,100.00%,0.00%,0.00%,虎泉街,畅通,30,从卓刀泉南路到民族大道,341
2026-04-27 13:53:07,1,畅通,35.9,100.00%,0.00%,0.00%,虎泉街,畅通,30,从民族大道到卓刀泉南路,160
2026-04-27 13:53:07,1,畅通,35.9,100.00%,0.00%,0.00%,鲁磨路,畅通,30,从珞喻路到喻家山北路,67
2026-04-27 13:53:07,1,畅通,35.9,100.00%,0.00%,0.00%,鲁磨路,畅通,35,从团山路到珞喻路,243
2026-04-27 13:55:08,1,畅通,35.2,100.00%,0.00%,0.00%,珞喻路,畅通,40,从珞狮路到喻家湖路,341
2026-04-27 13:55:08,1,畅通,35.2,100.00%,0.00%,0.00%,珞喻路,畅通,45,从喻家湖路到珞狮路,161
2026-04-27 13:55:08,1,畅通,35.2,100.00%,0.00%,0.00%,民族大道,畅通,35,从汤逊湖北路到珞喻路,79
2026-04-27 13:55:08,1,畅通,35.2,100.00%,0.00%,0.00%,民族大道,畅通,37,从珞喻路到大学园路,258
2026-04-27 13:55:08,1,畅通,35.2,100.00%,0.00%,0.00%,虎泉街,畅通,30,从卓刀泉南路到民族大道,341
2026-04-27 13:55:08,1,畅通,35.2,100.00%,0.00%,0.00%,虎泉街,畅通,30,从民族大道到卓刀泉南路,160
2026-04-27 13:55:08,1,畅通,35.2,100.00%,0.00%,0.00%,鲁磨路,畅通,35,从珞喻路到喻家山北路,67
2026-04-27 13:55:08,1,畅通,35.2,100.00%,0.00%,0.00%,鲁磨路,畅通,30,从团山路到珞喻路,243
2026-04-27 13:57:09,1,畅通,35.2,100.00%,0.00%,0.00%,珞喻路,畅通,40,从珞狮路到喻家湖路,341
2026-04-27 13:57:09,1,畅通,35.2,100.00%,0.00%,0.00%,珞喻路,畅通,45,从喻家湖路到珞狮路,161
2026-04-27 13:57:09,1,畅通,35.2,100.00%,0.00%,0.00%,民族大道,畅通,35,从汤逊湖北路到珞喻路,79
2026-04-27 13:57:09,1,畅通,35.2,100.00%,0.00%,0.00%,民族大道,畅通,37,从珞喻路到大学园路,258
2026-04-27 13:57:09,1,畅通,35.2,100.00%,0.00%,0.00%,虎泉街,畅通,30,从卓刀泉南路到民族大道,341
2026-04-27 13:57:09,1,畅通,35.2,100.00%,0.00%,0.00%,虎泉街,畅通,30,从民族大道到卓刀泉南路,160
2026-04-27 13:57:09,1,畅通,35.2,100.00%,0.00%,0.00%,鲁磨路,畅通,35,从珞喻路到喻家山北路,67
2026-04-27 13:57:09,1,畅通,35.2,100.00%,0.00%,0.00%,鲁磨路,畅通,30,从团山路到珞喻路,243
2026-04-27 13:59:09,1,畅通,35.2,100.00%,0.00%,0.00%,珞喻路,畅通,40,从珞狮路到喻家湖路,341
2026-04-27 13:59:09,1,畅通,35.2,100.00%,0.00%,0.00%,珞喻路,畅通,45,从喻家湖路到珞狮路,161
2026-04-27 13:59:09,1,畅通,35.2,100.00%,0.00%,0.00%,民族大道,畅通,35,从汤逊湖北路到珞喻路,79
2026-04-27 13:59:09,1,畅通,35.2,100.00%,0.00%,0.00%,民族大道,畅通,37,从珞喻路到大学园路,258
2026-04-27 13:59:09,1,畅通,35.2,100.00%,0.00%,0.00%,虎泉街,畅通,30,从卓刀泉南路到民族大道,341
2026-04-27 13:59:09,1,畅通,35.2,100.00%,0.00%,0.00%,虎泉街,畅通,30,从民族大道到卓刀泉南路,160
2026-04-27 13:59:09,1,畅通,35.2,100.00%,0.00%,0.00%,鲁磨路,畅通,35,从珞喻路到喻家山北路,67
2026-04-27 13:59:09,1,畅通,35.2,100.00%,0.00%,0.00%,鲁磨路,畅通,30,从团山路到珞喻路,243
2026-04-27 14:01:10,1,畅通,35.2,100.00%,0.00%,0.00%,珞喻路,畅通,40,从珞狮路到喻家湖路,341
2026-04-27 14:01:10,1,畅通,35.2,100.00%,0.00%,0.00%,珞喻路,畅通,45,从喻家湖路到珞狮路,161
2026-04-27 14:01:10,1,畅通,35.2,100.00%,0.00%,0.00%,民族大道,畅通,35,从汤逊湖北路到珞喻路,79
2026-04-27 14:01:10,1,畅通,35.2,100.00%,0.00%,0.00%,民族大道,畅通,37,从珞喻路到大学园路,258
2026-04-27 14:01:10,1,畅通,35.2,100.00%,0.00%,0.00%,虎泉街,畅通,30,从卓刀泉南路到民族大道,341
2026-04-27 14:01:10,1,畅通,35.2,100.00%,0.00%,0.00%,虎泉街,畅通,30,从民族大道到卓刀泉南路,160
2026-04-27 14:01:10,1,畅通,35.2,100.00%,0.00%,0.00%,鲁磨路,畅通,35,从珞喻路到喻家山北路,67
2026-04-27 14:01:10,1,畅通,35.2,100.00%,0.00%,0.00%,鲁磨路,畅通,30,从团山路到珞喻路,243
2026-04-27 14:03:11,1,畅通,35.2,100.00%,0.00%,0.00%,珞喻路,畅通,40,从珞狮路到喻家湖路,341
2026-04-27 14:03:11,1,畅通,35.2,100.00%,0.00%,0.00%,珞喻路,畅通,45,从喻家湖路到珞狮路,161
2026-04-27 14:03:11,1,畅通,35.2,100.00%,0.00%,0.00%,民族大道,畅通,35,从汤逊湖北路到珞喻路,79
2026-04-27 14:03:11,1,畅通,35.2,100.00%,0.00%,0.00%,民族大道,畅通,37,从珞喻路到大学园路,258
2026-04-27 14:03:11,1,畅通,35.2,100.00%,0.00%,0.00%,虎泉街,畅通,30,从卓刀泉南路到民族大道,341
2026-04-27 14:03:11,1,畅通,35.2,100.00%,0.00%,0.00%,虎泉街,畅通,30,从民族大道到卓刀泉南路,160
2026-04-27 14:03:11,1,畅通,35.2,100.00%,0.00%,0.00%,鲁磨路,畅通,35,从珞喻路到喻家山北路,67
2026-04-27 14:03:11,1,畅通,35.2,100.00%,0.00%,0.00%,鲁磨路,畅通,30,从团山路到珞喻路,243
2026-04-27 14:05:11,1,畅通,37.1,100.00%,0.00%,0.00%,珞喻路,畅通,40,从珞狮路到喻家湖路,341
2026-04-27 14:05:11,1,畅通,37.1,100.00%,0.00%,0.00%,珞喻路,畅通,45,从喻家湖路到珞狮路,161
2026-04-27 14:05:11,1,畅通,37.1,100.00%,0.00%,0.00%,民族大道,畅通,50,从雄楚大道到珞喻路,83
2026-04-27 14:05:11,1,畅通,37.1,100.00%,0.00%,0.00%,民族大道,畅通,37,从珞喻路到大学园路,258
2026-04-27 14:05:11,1,畅通,37.1,100.00%,0.00%,0.00%,虎泉街,畅通,30,从卓刀泉南路到民族大道,341
2026-04-27 14:05:11,1,畅通,37.1,100.00%,0.00%,0.00%,虎泉街,畅通,30,从民族大道到卓刀泉南路,160
2026-04-27 14:05:11,1,畅通,37.1,100.00%,0.00%,0.00%,鲁磨路,畅通,35,从珞喻路到喻家山北路,67
2026-04-27 14:05:11,1,畅通,37.1,100.00%,0.00%,0.00%,鲁磨路,畅通,30,从团山路到珞喻路,243
2026-04-27 14:07:12,1,畅通,34.6,100.00%,0.00%,0.00%,珞喻路,畅通,40,从珞狮路到喻家湖路,341
2026-04-27 14:07:12,1,畅通,34.6,100.00%,0.00%,0.00%,珞喻路,畅通,40,从喻家湖路到珞狮路,161
2026-04-27 14:07:12,1,畅通,34.6,100.00%,0.00%,0.00%,民族大道,畅通,35,从汤逊湖北路到珞喻路,79
2026-04-27 14:07:12,1,畅通,34.6,100.00%,0.00%,0.00%,民族大道,畅通,37,从珞喻路到大学园路,258
2026-04-27 14:07:12,1,畅通,34.6,100.00%,0.00%,0.00%,虎泉街,畅通,30,从卓刀泉南路到民族大道,341
2026-04-27 14:07:12,1,畅通,34.6,100.00%,0.00%,0.00%,虎泉街,畅通,30,从民族大道到卓刀泉南路,160
2026-04-27 14:07:12,1,畅通,34.6,100.00%,0.00%,0.00%,鲁磨路,畅通,35,从珞喻路到喻家山北路,67
2026-04-27 14:07:12,1,畅通,34.6,100.00%,0.00%,0.00%,鲁磨路,畅通,30,从团山路到珞喻路,243
2026-04-27 14:09:12,1,畅通,36.5,100.00%,0.00%,0.00%,珞喻路,畅通,40,从珞狮路到喻家湖路,341
2026-04-27 14:09:12,1,畅通,36.5,100.00%,0.00%,0.00%,珞喻路,畅通,40,从喻家湖路到珞狮路,161
2026-04-27 14:09:12,1,畅通,36.5,100.00%,0.00%,0.00%,民族大道,畅通,50,从雄楚大道到珞喻路,83
2026-04-27 14:09:12,1,畅通,36.5,100.00%,0.00%,0.00%,民族大道,畅通,37,从珞喻路到大学园路,258
2026-04-27 14:09:12,1,畅通,36.5,100.00%,0.00%,0.00%,虎泉街,畅通,30,从卓刀泉南路到民族大道,341
2026-04-27 14:09:12,1,畅通,36.5,100.00%,0.00%,0.00%,虎泉街,畅通,30,从民族大道到卓刀泉南路,160
2026-04-27 14:09:12,1,畅通,36.5,100.00%,0.00%,0.00%,鲁磨路,畅通,35,从珞喻路到喻家山北路,67
2026-04-27 14:09:12,1,畅通,36.5,100.00%,0.00%,0.00%,鲁磨路,畅通,30,从团山路到珞喻路,243
2026-04-27 14:11:13,1,畅通,35.8,100.00%,0.00%,0.00%,珞喻路,畅通,40,从珞狮路到喻家湖路,341
2026-04-27 14:11:13,1,畅通,35.8,100.00%,0.00%,0.00%,珞喻路,畅通,40,从喻家湖路到珞狮路,161
2026-04-27 14:11:13,1,畅通,35.8,100.00%,0.00%,0.00%,民族大道,畅通,50,从雄楚大道到珞喻路,83
2026-04-27 14:11:13,1,畅通,35.8,100.00%,0.00%,0.00%,民族大道,畅通,36,从珞喻路到大学园路,258
2026-04-27 14:11:13,1,畅通,35.8,100.00%,0.00%,0.00%,虎泉街,畅通,30,从卓刀泉南路到民族大道,341
2026-04-27 14:11:13,1,畅通,35.8,100.00%,0.00%,0.00%,虎泉街,畅通,30,从民族大道到卓刀泉南路,160
2026-04-27 14:11:13,1,畅通,35.8,100.00%,0.00%,0.00%,鲁磨路,畅通,30,从珞喻路到喻家山北路,67
2026-04-27 14:11:13,1,畅通,35.8,100.00%,0.00%,0.00%,鲁磨路,畅通,30,从团山路到珞喻路,243
2026-04-27 14:13:14,1,畅通,35.8,100.00%,0.00%,0.00%,珞喻路,畅通,40,从珞狮路到喻家湖路,341
2026-04-27 14:13:14,1,畅通,35.8,100.00%,0.00%,0.00%,珞喻路,畅通,40,从喻家湖路到珞狮路,161
2026-04-27 14:13:14,1,畅通,35.8,100.00%,0.00%,0.00%,民族大道,畅通,50,从雄楚大道到珞喻路,83
2026-04-27 14:13:14,1,畅通,35.8,100.00%,0.00%,0.00%,民族大道,畅通,36,从珞喻路到大学园路,258
2026-04-27 14:13:14,1,畅通,35.8,100.00%,0.00%,0.00%,虎泉街,畅通,30,从卓刀泉南路到民族大道,341
2026-04-27 14:13:14,1,畅通,35.8,100.00%,0.00%,0.00%,虎泉街,畅通,30,从民族大道到卓刀泉南路,160
2026-04-27 14:13:14,1,畅通,35.8,100.00%,0.00%,0.00%,鲁磨路,畅通,30,从珞喻路到喻家山北路,67
2026-04-27 14:13:14,1,畅通,35.8,100.00%,0.00%,0.00%,鲁磨路,畅通,30,从团山路到珞喻路,243
2026-04-27 14:15:15,2,缓行,35.9,87.50%,12.50%,0.00%,珞喻路,畅通,40,从珞狮路到喻家湖路,341
2026-04-27 14:15:15,2,缓行,35.9,87.50%,12.50%,0.00%,珞喻路,畅通,40,从喻家湖路到珞狮路,161
2026-04-27 14:15:15,2,缓行,35.9,87.50%,12.50%,0.00%,民族大道,畅通,50,从雄楚大道到珞喻路,83
2026-04-27 14:15:15,2,缓行,35.9,87.50%,12.50%,0.00%,民族大道,畅通,37,从珞喻路到大学园路,258
2026-04-27 14:15:15,2,缓行,35.9,87.50%,12.50%,0.00%,虎泉街,畅通,30,从卓刀泉南路到民族大道,341
2026-04-27 14:15:15,2,缓行,35.9,87.50%,12.50%,0.00%,鲁磨路,畅通,30,从珞喻路到喻家山北路,67
2026-04-27 14:15:15,2,缓行,35.9,87.50%,12.50%,0.00%,鲁磨路,畅通,35,从团山路到珞喻路,243
2026-04-27 14:17:15,1,畅通,35.9,100.00%,0.00%,0.00%,珞喻路,畅通,40,从珞狮路到喻家湖路,341
2026-04-27 14:17:15,1,畅通,35.9,100.00%,0.00%,0.00%,珞喻路,畅通,40,从喻家湖路到珞狮路,161
2026-04-27 14:17:15,1,畅通,35.9,100.00%,0.00%,0.00%,民族大道,畅通,50,从雄楚大道到珞喻路,83
2026-04-27 14:17:15,1,畅通,35.9,100.00%,0.00%,0.00%,民族大道,畅通,37,从珞喻路到大学园路,258
2026-04-27 14:17:15,1,畅通,35.9,100.00%,0.00%,0.00%,虎泉街,畅通,30,从卓刀泉南路到民族大道,341
2026-04-27 14:17:15,1,畅通,35.9,100.00%,0.00%,0.00%,虎泉街,畅通,25,从民族大道到卓刀泉南路,160
2026-04-27 14:17:15,1,畅通,35.9,100.00%,0.00%,0.00%,鲁磨路,畅通,30,从珞喻路到喻家山北路,67
2026-04-27 14:17:15,1,畅通,35.9,100.00%,0.00%,0.00%,鲁磨路,畅通,35,从团山路到珞喻路,243
2026-04-27 14:19:16,1,畅通,37.1,100.00%,0.00%,0.00%,珞喻路,畅通,40,从珞狮路到喻家湖路,341
2026-04-27 14:19:16,1,畅通,37.1,100.00%,0.00%,0.00%,珞喻路,畅通,40,从喻家湖路到珞狮路,161
2026-04-27 14:19:16,1,畅通,37.1,100.00%,0.00%,0.00%,民族大道,畅通,50,从雄楚大道到珞喻路,83
2026-04-27 14:19:16,1,畅通,37.1,100.00%,0.00%,0.00%,民族大道,畅通,37,从珞喻路到大学园路,258
2026-04-27 14:19:16,1,畅通,37.1,100.00%,0.00%,0.00%,虎泉街,畅通,30,从卓刀泉南路到民族大道,341
2026-04-27 14:19:16,1,畅通,37.1,100.00%,0.00%,0.00%,虎泉街,畅通,30,从民族大道到卓刀泉南路,160
2026-04-27 14:19:16,1,畅通,37.1,100.00%,0.00%,0.00%,鲁磨路,畅通,35,从珞喻路到喻家山北路,67
2026-04-27 14:19:16,1,畅通,37.1,100.00%,0.00%,0.00%,鲁磨路,畅通,35,从团山路到珞喻路,243
2026-04-27 14:21:17,1,畅通,37.1,100.00%,0.00%,0.00%,珞喻路,畅通,40,从珞狮路到喻家湖路,341
2026-04-27 14:21:17,1,畅通,37.1,100.00%,0.00%,0.00%,珞喻路,畅通,40,从喻家湖路到珞狮路,161
2026-04-27 14:21:17,1,畅通,37.1,100.00%,0.00%,0.00%,民族大道,畅通,50,从雄楚大道到珞喻路,83
2026-04-27 14:21:17,1,畅通,37.1,100.00%,0.00%,0.00%,民族大道,畅通,37,从珞喻路到大学园路,258
2026-04-27 14:21:17,1,畅通,37.1,100.00%,0.00%,0.00%,虎泉街,畅通,30,从卓刀泉南路到民族大道,341
2026-04-27 14:21:17,1,畅通,37.1,100.00%,0.00%,0.00%,虎泉街,畅通,30,从民族大道到卓刀泉南路,160
2026-04-27 14:21:17,1,畅通,37.1,100.00%,0.00%,0.00%,鲁磨路,畅通,35,从珞喻路到喻家山北路,67
2026-04-27 14:21:17,1,畅通,37.1,100.00%,0.00%,0.00%,鲁磨路,畅通,35,从团山路到珞喻路,243
2026-04-27 14:23:17,1,畅通,36.5,100.00%,0.00%,0.00%,珞喻路,畅通,40,从珞狮路到喻家湖路,341
2026-04-27 14:23:17,1,畅通,36.5,100.00%,0.00%,0.00%,珞喻路,畅通,40,从喻家湖路到珞狮路,161
2026-04-27 14:23:17,1,畅通,36.5,100.00%,0.00%,0.00%,民族大道,畅通,50,从雄楚大道到珞喻路,83
2026-04-27 14:23:17,1,畅通,36.5,100.00%,0.00%,0.00%,民族大道,畅通,37,从珞喻路到大学园路,258
2026-04-27 14:23:17,1,畅通,36.5,100.00%,0.00%,0.00%,虎泉街,畅通,30,从卓刀泉南路到民族大道,341
2026-04-27 14:23:17,1,畅通,36.5,100.00%,0.00%,0.00%,虎泉街,畅通,30,从民族大道到卓刀泉南路,160
2026-04-27 14:23:17,1,畅通,36.5,100.00%,0.00%,0.00%,鲁磨路,畅通,30,从珞喻路到喻家山北路,67
2026-04-27 14:23:17,1,畅通,36.5,100.00%,0.00%,0.00%,鲁磨路,畅通,35,从团山路到珞喻路,243
2026-04-27 14:25:18,1,畅通,37.1,100.00%,0.00%,0.00%,珞喻路,畅通,40,从珞狮路到喻家湖路,341
2026-04-27 14:25:18,1,畅通,37.1,100.00%,0.00%,0.00%,珞喻路,畅通,45,从喻家湖路到珞狮路,161
2026-04-27 14:25:18,1,畅通,37.1,100.00%,0.00%,0.00%,民族大道,畅通,50,从雄楚大道到珞喻路,83
2026-04-27 14:25:18,1,畅通,37.1,100.00%,0.00%,0.00%,民族大道,畅通,37,从珞喻路到大学园路,258
2026-04-27 14:25:18,1,畅通,37.1,100.00%,0.00%,0.00%,虎泉街,畅通,30,从卓刀泉南路到民族大道,341
2026-04-27 14:25:18,1,畅通,37.1,100.00%,0.00%,0.00%,虎泉街,畅通,30,从民族大道到卓刀泉南路,160
2026-04-27 14:25:18,1,畅通,37.1,100.00%,0.00%,0.00%,鲁磨路,畅通,35,从珞喻路到喻家山北路,67
2026-04-27 14:25:18,1,畅通,37.1,100.00%,0.00%,0.00%,鲁磨路,畅通,30,从团山路到珞喻路,243
2026-04-27 14:27:18,1,畅通,37.1,100.00%,0.00%,0.00%,珞喻路,畅通,40,从珞狮路到喻家湖路,341
2026-04-27 14:27:18,1,畅通,37.1,100.00%,0.00%,0.00%,珞喻路,畅通,40,从喻家湖路到珞狮路,161
2026-04-27 14:27:18,1,畅通,37.1,100.00%,0.00%,0.00%,民族大道,畅通,50,从雄楚大道到珞喻路,83
2026-04-27 14:27:18,1,畅通,37.1,100.00%,0.00%,0.00%,民族大道,畅通,37,从珞喻路到大学园路,258
2026-04-27 14:27:18,1,畅通,37.1,100.00%,0.00%,0.00%,虎泉街,畅通,35,从卓刀泉南路到民族大道,341
2026-04-27 14:27:18,1,畅通,37.1,100.00%,0.00%,0.00%,虎泉街,畅通,30,从民族大道到卓刀泉南路,160
2026-04-27 14:27:18,1,畅通,37.1,100.00%,0.00%,0.00%,鲁磨路,畅通,35,从珞喻路到喻家山北路,67
2026-04-27 14:27:18,1,畅通,37.1,100.00%,0.00%,0.00%,鲁磨路,畅通,30,从团山路到珞喻路,243
2026-04-27 14:29:19,1,畅通,37.1,100.00%,0.00%,0.00%,珞喻路,畅通,40,从珞狮路到喻家湖路,341
2026-04-27 14:29:19,1,畅通,37.1,100.00%,0.00%,0.00%,珞喻路,畅通,45,从喻家湖路到珞狮路,161
2026-04-27 14:29:19,1,畅通,37.1,100.00%,0.00%,0.00%,民族大道,畅通,50,从雄楚大道到珞喻路,83
2026-04-27 14:29:19,1,畅通,37.1,100.00%,0.00%,0.00%,民族大道,畅通,37,从珞喻路到大学园路,258
2026-04-27 14:29:19,1,畅通,37.1,100.00%,0.00%,0.00%,虎泉街,畅通,30,从卓刀泉南路到民族大道,341
2026-04-27 14:29:19,1,畅通,37.1,100.00%,0.00%,0.00%,虎泉街,畅通,30,从民族大道到卓刀泉南路,160
2026-04-27 14:29:19,1,畅通,37.1,100.00%,0.00%,0.00%,鲁磨路,畅通,30,从珞喻路到喻家山北路,67
2026-04-27 14:29:19,1,畅通,37.1,100.00%,0.00%,0.00%,鲁磨路,畅通,35,从团山路到珞喻路,243
2026-04-27 14:31:20,1,畅通,37.8,100.00%,0.00%,0.00%,珞喻路,畅通,40,从珞狮路到喻家湖路,341
2026-04-27 14:31:20,1,畅通,37.8,100.00%,0.00%,0.00%,珞喻路,畅通,45,从喻家湖路到珞狮路,161
2026-04-27 14:31:20,1,畅通,37.8,100.00%,0.00%,0.00%,民族大道,畅通,50,从雄楚大道到珞喻路,83
2026-04-27 14:31:20,1,畅通,37.8,100.00%,0.00%,0.00%,民族大道,畅通,37,从珞喻路到大学园路,258
2026-04-27 14:31:20,1,畅通,37.8,100.00%,0.00%,0.00%,虎泉街,畅通,30,从卓刀泉南路到民族大道,341
2026-04-27 14:31:20,1,畅通,37.8,100.00%,0.00%,0.00%,虎泉街,畅通,30,从民族大道到卓刀泉南路,160
2026-04-27 14:31:20,1,畅通,37.8,100.00%,0.00%,0.00%,鲁磨路,畅通,35,从珞喻路到喻家山北路,67
2026-04-27 14:31:20,1,畅通,37.8,100.00%,0.00%,0.00%,鲁磨路,畅通,35,从团山路到珞喻路,243
